reference,run,variant,metric,ref,value,delta,ci_lo,ci_hi,paired_seed_delta_mean,n_seeds_better
v8_headA_all/selected,v10_abl_no_cis,selected,A_r_gene,0.5517753962372841,0.5748926812001217,0.023117284962837603,-0.01539740003911551,0.06659700550249187,0.029875403725813876,2
v8_headA_all/selected,v10_abl_no_cis,selected,B_r,0.6239498621556276,0.6216500608648017,-0.0022998012908259646,-0.02215990270007071,0.019526131231772544,-0.0003208251268094209,1
v8_headA_all/selected,v10_abl_no_cis,selected,B_sign_acc,0.7779175050301811,0.766851106639839,-0.01106639839034207,-0.028540845046271295,0.004987967166357287,-0.0016348088531186744,1
v8_headA_all/selected,v10_abl_no_cis,selected,B_r_within_tf,0.5835134635332634,0.5824898500176109,-0.0010236135156524995,-0.02257364148581545,0.02288515671240813,0.0005721678619323156,1
v8_headA_all/selected,v10_abl_no_cis,selected,B_dr,0.3585175503266648,0.3497664574091781,-0.008751092917486714,-0.023372981629945316,0.005750440174792016,-0.006998860277555058,0
v8_headA_all/selected,v10_abl_no_cis,selected,B_dr_ns,0.1965485577798675,0.1848751519288065,-0.011673405851060997,-0.02621191933359561,0.0035774074682998827,-0.010197946939042829,0
v8_headA_all/selected,v10_abl_no_cis,selected,C_auroc_down,0.9045125960761708,0.9059049299181999,0.001392333842029081,-0.004969251694147447,0.0073429760235697635,0.0028274455082363814,2
v8_headA_all/selected,v10_abl_no_cis,selected,C_auprc_down,0.373493288203038,0.37778635302194,0.004293064818902015,-0.012428400752690342,0.021398180919343805,0.007047286111918516,1
v8_headA_all/selected,v10_abl_no_cis,selected,C_auroc_up,0.8804489078572201,0.8781862076329989,-0.002262700224221148,-0.01167011378625355,0.006405881986639288,0.002998268493971057,2
v8_headA_all/selected,v10_abl_no_cis,selected,C_auprc_up,0.241184477631603,0.2476255282316478,0.006441050600044795,-0.008742702739439053,0.02072613508901321,0.008187957011957,2
v8_headA_all/selected,v10_abl_no_cis,selected,C_macro_f1_offset,0.5605500055587554,0.5546071198859229,-0.005942885672832521,-0.01627700246322237,0.003201497230084592,3.921016368124697e-05,1
v8_headA_all/selected,v10_abl_no_knockout,selected,A_r_gene,0.5517753962372841,0.5471403567536876,-0.004635039483596559,-0.03377127947675837,0.028746345428391752,-0.003167402243832662,0
v8_headA_all/selected,v10_abl_no_knockout,selected,B_r,0.6239498621556276,0.5967200564176355,-0.027229805737992163,-0.043944510608753984,-0.008535120690851036,-0.02566918114031691,0
v8_headA_all/selected,v10_abl_no_knockout,selected,B_sign_acc,0.7779175050301811,0.77238430583501,-0.005533199195171035,-0.01890358346620443,0.0079618234709636,0.0005030181086519425,1
v8_headA_all/selected,v10_abl_no_knockout,selected,B_r_within_tf,0.5835134635332634,0.5483941735419625,-0.03511928999130087,-0.054547345634571066,-0.014766503315619347,-0.032820709886654476,0
v8_headA_all/selected,v10_abl_no_knockout,selected,B_dr,0.3585175503266648,0.33910233697325176,-0.019415213353413063,-0.030330416641604907,-0.007344626819713833,-0.01850561739421358,0
v8_headA_all/selected,v10_abl_no_knockout,selected,B_dr_ns,0.1965485577798675,0.18926165218825,-0.007286905591617487,-0.01850273587535892,0.004700895152809913,-0.007020367998080895,1
v8_headA_all/selected,v10_abl_no_knockout,selected,C_auroc_down,0.9045125960761708,0.9026607655238188,-0.0018518305523520517,-0.006733800330874509,0.0028010126318589483,-0.0013412904801809455,0
v8_headA_all/selected,v10_abl_no_knockout,selected,C_auprc_down,0.373493288203038,0.34528843847987456,-0.02820484972316345,-0.04420331240206148,-0.015074310823954263,-0.02597111604886762,0
v8_headA_all/selected,v10_abl_no_knockout,selected,C_auroc_up,0.8804489078572201,0.8812266051353569,0.000777697278136813,-0.006147900769690015,0.007990634487149356,0.004854118077593117,1
v8_headA_all/selected,v10_abl_no_knockout,selected,C_auprc_up,0.241184477631603,0.245776233317426,0.004591755685823012,-0.00859173626559559,0.01888755255838655,0.005359798343789773,2
v8_headA_all/selected,v10_abl_no_knockout,selected,C_macro_f1_offset,0.5605500055587554,0.5547085528569055,-0.005841452701849992,-0.014000083276464537,0.0022149478200856896,0.0005025919268383805,1
v8_headA_all/selected,v10_abl_no_layout,selected,A_r_gene,0.5517753962372841,0.2646817355496124,-0.2870936606876717,-0.3521614710106236,-0.22350743987529062,-0.281343599454575,0
v8_headA_all/selected,v10_abl_no_layout,selected,B_r,0.6239498621556276,0.325825696295599,-0.29812416586002866,-0.3432144173597132,-0.2479408926473152,-0.3051515060823064,0
v8_headA_all/selected,v10_abl_no_layout,selected,B_sign_acc,0.7779175050301811,0.6111670020120724,-0.16675050301810868,-0.20252564985708876,-0.12866475477495462,-0.16184607645875254,0
v8_headA_all/selected,v10_abl_no_layout,selected,B_r_within_tf,0.5835134635332634,0.2588564118951997,-0.3246570516380637,-0.380380918423509,-0.2692140705975577,-0.3277412248438568,0
v8_headA_all/selected,v10_abl_no_layout,selected,B_dr,0.3585175503266648,0.1391306950371353,-0.21938685528952953,-0.24874619644608806,-0.19058622816143947,-0.2135252238689071,0
v8_headA_all/selected,v10_abl_no_layout,selected,B_dr_ns,0.1965485577798675,0.05860782058838479,-0.1379407371914827,-0.16726060580456242,-0.11187406214859703,-0.13080705663598002,0
v8_headA_all/selected,v10_abl_no_layout,selected,C_auroc_down,0.9045125960761708,0.8895931775693785,-0.014919418506792348,-0.02529511355996836,-0.0035394892233979935,-0.017974795560536716,0
v8_headA_all/selected,v10_abl_no_layout,selected,C_auprc_down,0.373493288203038,0.17813411184064526,-0.19535917636239275,-0.2275802106069319,-0.16466483071108207,-0.19022445699035606,0
v8_headA_all/selected,v10_abl_no_layout,selected,C_auroc_up,0.8804489078572201,0.8517237843595702,-0.028725123497649885,-0.042441865522338786,-0.015125097312403087,-0.01680617668242268,0
v8_headA_all/selected,v10_abl_no_layout,selected,C_auprc_up,0.241184477631603,0.13317068856733294,-0.10801378906427006,-0.13653720784644766,-0.07875105116409085,-0.09582385446071753,0
v8_headA_all/selected,v10_abl_no_layout,selected,C_macro_f1_offset,0.5605500055587554,0.4620265805537958,-0.09852342500495964,-0.11280518021117047,-0.08505064830947277,-0.09275356804912485,0
v8_headA_all/selected,v10_lambda_a03,selected,A_r_gene,0.5517753962372841,0.540797611661077,-0.010977784576207128,-0.04201994736907321,0.018752227465152413,-0.02243913877920581,0
v8_headA_all/selected,v10_lambda_a03,selected,B_r,0.6239498621556276,0.6199287712397699,-0.0040210909158577834,-0.01733983611265362,0.010552895800693107,-0.0038230053272806375,0
v8_headA_all/selected,v10_lambda_a03,selected,B_sign_acc,0.7779175050301811,0.7640845070422535,-0.013832997987927587,-0.030167375904802868,0.0021444327651692118,-0.006539235412474864,1
v8_headA_all/selected,v10_lambda_a03,selected,B_r_within_tf,0.5835134635332634,0.5748809746142362,-0.008632488919027237,-0.025393236973945146,0.007774267361581168,-0.008846312226817532,0
v8_headA_all/selected,v10_lambda_a03,selected,B_dr,0.3585175503266648,0.344661781161965,-0.013855769164699827,-0.0253108837307527,-0.0007656318824863685,-0.012939966720540846,0
v8_headA_all/selected,v10_lambda_a03,selected,B_dr_ns,0.1965485577798675,0.18687892230436873,-0.009669635475498761,-0.02157502648611644,0.003027701714756888,-0.008791433889635089,0
v8_headA_all/selected,v10_lambda_a03,selected,C_auroc_down,0.9045125960761708,0.9114322704881731,0.006919674412002252,0.0005659969339320087,0.013624328538953356,0.00731275584754737,2
v8_headA_all/selected,v10_lambda_a03,selected,C_auprc_down,0.373493288203038,0.35852628169386624,-0.014967006509171765,-0.02737212163489357,-0.0009246468647414277,-0.013079089248867665,1
v8_headA_all/selected,v10_lambda_a03,selected,C_auroc_up,0.8804489078572201,0.8856312353993564,0.005182327542136322,-0.0012485726739411727,0.011809347998535391,0.008416211421906628,2
v8_headA_all/selected,v10_lambda_a03,selected,C_auprc_up,0.241184477631603,0.2531842335399298,0.011999755908326803,-0.0010262688005068773,0.02386402041202844,0.011247733442866323,2
v8_headA_all/selected,v10_lambda_a03,selected,C_macro_f1_offset,0.5605500055587554,0.5569670811523004,-0.0035829244064550236,-0.012317642540459658,0.00439733403240618,-0.0016893074122327212,1
v8_headA_all/perhead,v10_abl_no_cis,perhead,A_r_gene,0.5741295038654055,0.5624123037725522,-0.011717200092853264,-0.05598837416621357,0.036320977056062784,0.0013085018221245526,1
v8_headA_all/perhead,v10_abl_no_cis,perhead,B_r,0.6228146210711886,0.6235955104061364,0.0007808893349477986,-0.02090913674820096,0.025244249382152476,0.001405517708528481,1
v8_headA_all/perhead,v10_abl_no_cis,perhead,B_sign_acc,0.7738933601609658,0.7718812877263581,-0.002012072434607659,-0.018986029669240317,0.013660364647880648,0.001509054325955772,1
v8_headA_all/perhead,v10_abl_no_cis,perhead,B_r_within_tf,0.5801145513015202,0.5844669995957026,0.004352448294182354,-0.019970339007808265,0.03125291871970463,0.005325722945240752,1
v8_headA_all/perhead,v10_abl_no_cis,perhead,B_dr,0.3533163857595666,0.3484247012400241,-0.004891684519542472,-0.019414952399445604,0.00973639274505532,-0.0037823933799617515,1
v8_headA_all/perhead,v10_abl_no_cis,perhead,B_dr_ns,0.1885493473169258,0.1797344222230177,-0.008814925093908105,-0.02407217708648771,0.007009792407788414,-0.007849523789035112,0
v8_headA_all/perhead,v10_abl_no_cis,perhead,C_auroc_down,0.9040136121435293,0.9059049299181999,0.0018913177746706644,-0.0047131833059224386,0.007973347982015329,0.001922667203748396,2
v8_headA_all/perhead,v10_abl_no_cis,perhead,C_auprc_down,0.37249619306185017,0.37778635302194,0.0052901599600898574,-0.01092602650119876,0.022914122636711918,0.007298942310287937,2
v8_headA_all/perhead,v10_abl_no_cis,perhead,C_auroc_up,0.8842579854189302,0.8781862076329989,-0.006071777785931265,-0.015365628365994696,0.002510422822737201,-0.002438600862600726,1
v8_headA_all/perhead,v10_abl_no_cis,perhead,C_auprc_up,0.24328916888244248,0.2476255282316478,0.004336359349205315,-0.011250163839144072,0.018609059231137384,0.004198375380645117,2
v8_headA_all/perhead,v10_abl_no_cis,perhead,C_macro_f1_offset,0.5548478766999034,0.5546071198859229,-0.00024075681398050275,-0.010040136988958304,0.008087227795505338,4.7724979388874544e-05,1
v8_headA_all/perhead,v10_abl_no_knockout,perhead,A_r_gene,0.5741295038654055,0.540641359536885,-0.03348814432852054,-0.05859405976996525,-0.008498331179708012,-0.030320918565584942,0
v8_headA_all/perhead,v10_abl_no_knockout,perhead,B_r,0.6228146210711886,0.6061583315489651,-0.016656289522223422,-0.03389166069971822,-0.00012904169784612568,-0.015910578706435585,0
v8_headA_all/perhead,v10_abl_no_knockout,perhead,B_sign_acc,0.7738933601609658,0.7776659959758552,0.0037726358148894024,-0.011235744376607765,0.0189375815406546,0.007671026156941652,2
v8_headA_all/perhead,v10_abl_no_knockout,perhead,B_r_within_tf,0.5801145513015202,0.5590566153934923,-0.021057935908027958,-0.0413543285406478,-0.00212767242167257,-0.01943060728995033,0
v8_headA_all/perhead,v10_abl_no_knockout,perhead,B_dr,0.3533163857595666,0.34650385077197915,-0.0068125349875874375,-0.017420487890113055,0.00323006766885242,-0.00648765662683326,0
v8_headA_all/perhead,v10_abl_no_knockout,perhead,B_dr_ns,0.1885493473169258,0.19354365493599726,0.004994307619071464,-0.0062703338330478186,0.016283442552997473,0.0046147341277626985,2
v8_headA_all/perhead,v10_abl_no_knockout,perhead,C_auroc_down,0.9040136121435293,0.9011502964728187,-0.00286331567071052,-0.008241397108926763,0.002266498834652031,-0.0041136686770626985,0
v8_headA_all/perhead,v10_abl_no_knockout,perhead,C_auprc_down,0.37249619306185017,0.3389886043171391,-0.03350758874471105,-0.05061182597754329,-0.01859764379932502,-0.030784861433375638,0
v8_headA_all/perhead,v10_abl_no_knockout,perhead,C_auroc_up,0.8842579854189302,0.884181593141564,-7.639227736622178e-05,-0.007309840671804509,0.007330864273256869,0.005420264807712627,2
v8_headA_all/perhead,v10_abl_no_knockout,perhead,C_auprc_up,0.24328916888244248,0.24934101239871964,0.006051843516277161,-0.00788034549398988,0.02049261506505064,0.0074249253615909505,2
v8_headA_all/perhead,v10_abl_no_knockout,perhead,C_macro_f1_offset,0.5548478766999034,0.5531646323811065,-0.0016832443187969615,-0.010157206831860402,0.0072811958992116685,0.0005119356991288293,2
v8_headA_all/perhead,v10_abl_no_layout,perhead,A_r_gene,0.5741295038654055,0.26300502956412514,-0.3111244743012804,-0.38315164273148283,-0.24067929863242843,-0.3048548858122149,0
v8_headA_all/perhead,v10_abl_no_layout,perhead,B_r,0.6228146210711886,0.325825696295599,-0.2969889247755896,-0.3407921152023835,-0.24967869435155524,-0.3062784785510372,0
v8_headA_all/perhead,v10_abl_no_layout,perhead,B_sign_acc,0.7738933601609658,0.6111670020120724,-0.16272635814889336,-0.19839661330827033,-0.1260935990308547,-0.16008551307847085,0
v8_headA_all/perhead,v10_abl_no_layout,perhead,B_r_within_tf,0.5801145513015202,0.2588564118951997,-0.32125813940632053,-0.3763348191516418,-0.26700426541952055,-0.3261255263730779,0
v8_headA_all/perhead,v10_abl_no_layout,perhead,B_dr,0.3533163857595666,0.1391306950371353,-0.2141856907224313,-0.24319160031357437,-0.18405756948947438,-0.2094527399181591,0
v8_headA_all/perhead,v10_abl_no_layout,perhead,B_dr_ns,0.1885493473169258,0.05860782058838479,-0.129941526728541,-0.16044284810700687,-0.10148947764973823,-0.12389953414175162,0
v8_headA_all/perhead,v10_abl_no_layout,perhead,C_auroc_down,0.9040136121435293,0.8906750072865186,-0.01333860485701066,-0.02357239761211525,-0.001964928611157302,-0.006128460904699928,0
v8_headA_all/perhead,v10_abl_no_layout,perhead,C_auprc_down,0.37249619306185017,0.17759648828723992,-0.19489970477461024,-0.2271629061469907,-0.1621749853078666,-0.17542852264208209,0
v8_headA_all/perhead,v10_abl_no_layout,perhead,C_auroc_up,0.8842579854189302,0.8543963463699918,-0.02986163904893835,-0.0423707642767228,-0.017047905257388227,-0.017705838872431157,0
v8_headA_all/perhead,v10_abl_no_layout,perhead,C_auprc_up,0.24328916888244248,0.13372611683857963,-0.10956305204386285,-0.13821905398695264,-0.08026478696816272,-0.09391228577184983,0
v8_headA_all/perhead,v10_abl_no_layout,perhead,C_macro_f1_offset,0.5548478766999034,0.4584996324247081,-0.09634824427519534,-0.1106378655977365,-0.08163529441176745,-0.09124026680904584,0
v8_headA_all/perhead,v10_lambda_a03,perhead,A_r_gene,0.5741295038654055,0.5624468811467542,-0.011682622718651281,-0.03606105489503299,0.014087590743114293,-0.012190698606880324,1
v8_headA_all/perhead,v10_lambda_a03,perhead,B_r,0.6228146210711886,0.6239916291350696,0.001177008063880991,-0.012693593626067654,0.015017136008340407,-0.0017758210656779738,0
v8_headA_all/perhead,v10_lambda_a03,perhead,B_sign_acc,0.7738933601609658,0.77238430583501,-0.0015090543259557165,-0.022363600406209338,0.019023464088939214,-0.0007545271629778583,1
v8_headA_all/perhead,v10_lambda_a03,perhead,B_r_within_tf,0.5801145513015202,0.5807047141917321,0.0005901628902118539,-0.015613980845716588,0.016256142468562412,-0.0022698956094171496,0
v8_headA_all/perhead,v10_lambda_a03,perhead,B_dr,0.3533163857595666,0.3528036271189842,-0.000512758640582367,-0.011832159998971897,0.01208142209315886,-0.001776153687442411,1
v8_headA_all/perhead,v10_lambda_a03,perhead,B_dr_ns,0.1885493473169258,0.1886048499425096,5.550262558379204e-05,-0.011616518313175186,0.012412677036904676,-0.0006761600890564656,1
v8_headA_all/perhead,v10_lambda_a03,perhead,C_auroc_down,0.9040136121435293,0.9120219766216245,0.008008364478095276,0.0027998105130533665,0.0134366254875602,0.00863754364003999,2
v8_headA_all/perhead,v10_lambda_a03,perhead,C_auprc_down,0.37249619306185017,0.35762962315487945,-0.014866569906970717,-0.028534880811268107,-0.00042035207548312493,-0.012278399822281905,1
v8_headA_all/perhead,v10_lambda_a03,perhead,C_auroc_up,0.8842579854189302,0.8880284370644431,0.003770451645512929,-0.0020661609940665015,0.010193632086796557,0.0057601647612377516,2
v8_headA_all/perhead,v10_lambda_a03,perhead,C_auprc_up,0.24328916888244248,0.2555013508835257,0.012212182001083233,-0.0022512623105276517,0.025384230931271668,0.007566017036883879,2
v8_headA_all/perhead,v10_lambda_a03,perhead,C_macro_f1_offset,0.5548478766999034,0.5588701165779043,0.004022239878000877,-0.004259380782246788,0.011586472083394611,0.0011804662506890717,1
v8_headA_all/selected+stack,v10_abl_no_cis,selected+stack,C_auroc_down,0.9195367366269124,0.920697957140902,0.0011612205139895915,-0.002490053557039651,0.004425072892201596,0.001467440469239245,2
v8_headA_all/selected+stack,v10_abl_no_cis,selected+stack,C_auprc_down,0.36912149731406546,0.37259699909898114,0.00347550178491568,-0.009462277370792593,0.01604696206868876,0.007855669153629424,1
v8_headA_all/selected+stack,v10_abl_no_cis,selected+stack,C_auroc_up,0.8958890569838546,0.8929421563633202,-0.002946900620534376,-0.007663643925299504,0.0017043671781536815,-0.0011622994991265512,0
v8_headA_all/selected+stack,v10_abl_no_cis,selected+stack,C_auprc_up,0.253513425000826,0.25379117346677516,0.0002777484659491347,-0.00994880354749981,0.010733218094309075,0.0006866945956335718,1
v8_headA_all/selected+stack,v10_abl_no_cis,selected+stack,C_macro_f1_offset,0.5610871744671547,0.5588636705547992,-0.0022235039123554845,-0.010031427458688666,0.004956973231193391,0.0030281228467965438,1
v8_headA_all/selected+stack,v10_abl_no_knockout,selected+stack,C_auroc_down,0.9195367366269124,0.9186988230683406,-0.0008379135585717679,-0.003539275972824052,0.001943177565358416,-0.0003555198422085515,1
v8_headA_all/selected+stack,v10_abl_no_knockout,selected+stack,C_auprc_down,0.36912149731406546,0.35650141082918024,-0.012620086484885218,-0.024907314676429187,-0.00202382931846614,-0.009005871562334927,0
v8_headA_all/selected+stack,v10_abl_no_knockout,selected+stack,C_auroc_up,0.8958890569838546,0.8951577108051544,-0.0007313461787001874,-0.004216535035243957,0.003207502079586337,0.0009348904311420325,2
v8_headA_all/selected+stack,v10_abl_no_knockout,selected+stack,C_auprc_up,0.253513425000826,0.2524708463873354,-0.0010425786134906079,-0.01128696397630903,0.008764928303946467,-6.900002010527817e-05,1
v8_headA_all/selected+stack,v10_abl_no_knockout,selected+stack,C_macro_f1_offset,0.5610871744671547,0.5560575267960736,-0.005029647671081161,-0.01174798746920964,0.002501466880552126,0.002341054674598997,1
v8_headA_all/selected+stack,v10_abl_no_layout,selected+stack,C_auroc_down,0.9195367366269124,0.8965582532976243,-0.02297848332928809,-0.029184460632135804,-0.016390395097732696,-0.02076644778952008,0
v8_headA_all/selected+stack,v10_abl_no_layout,selected+stack,C_auprc_down,0.36912149731406546,0.22840326082429233,-0.14071823648977314,-0.16559404778351328,-0.11665710238015345,-0.12726292716679471,0
v8_headA_all/selected+stack,v10_abl_no_layout,selected+stack,C_auroc_up,0.8958890569838546,0.8677053234097146,-0.028183733574139946,-0.03539258672915711,-0.021041227762562054,-0.023438458679224783,0
v8_headA_all/selected+stack,v10_abl_no_layout,selected+stack,C_auprc_up,0.253513425000826,0.14800265343537455,-0.10551077156545147,-0.12791143651683257,-0.08367156107203268,-0.09575430158379775,0
v8_headA_all/selected+stack,v10_abl_no_layout,selected+stack,C_macro_f1_offset,0.5610871744671547,0.4742440234174636,-0.08684315104969115,-0.0968378538849363,-0.07581682631186167,-0.07927682133375974,0
v8_headA_all/selected+stack,v10_lambda_a03,selected+stack,C_auroc_down,0.9195367366269124,0.9214718943970305,0.001935157770118101,-0.0017438152556169427,0.005801700584092841,0.0011861566996150263,2
v8_headA_all/selected+stack,v10_lambda_a03,selected+stack,C_auprc_down,0.36912149731406546,0.3625032928537116,-0.0066182044603538825,-0.01679577776136054,0.0033921660222389826,-0.0031385262328690045,1
v8_headA_all/selected+stack,v10_lambda_a03,selected+stack,C_auroc_up,0.8958890569838546,0.8957889972101817,-0.00010005977367288921,-0.003646475398323151,0.003305609907659004,0.0005031370217588593,1
v8_headA_all/selected+stack,v10_lambda_a03,selected+stack,C_auprc_up,0.253513425000826,0.2577517411969429,0.004238316196116865,-0.00559318495937728,0.012181512061750402,0.0035821572770918797,2
v8_headA_all/selected+stack,v10_lambda_a03,selected+stack,C_macro_f1_offset,0.5610871744671547,0.552397409815598,-0.008689764651556686,-0.015015726962198892,-0.0014849445182096204,-0.0018003009990899543,1
v8_headA_all/perhead+stack,v10_abl_no_cis,perhead+stack,C_auroc_down,0.919254024012196,0.920697957140902,0.0014439331287059431,-0.0022304529448201383,0.0047249719873129195,0.0012960405647418627,2
v8_headA_all/perhead+stack,v10_abl_no_cis,perhead+stack,C_auprc_down,0.36956718053308313,0.37259699909898114,0.0030298185658980126,-0.009700810675078152,0.01617770715102798,0.005748753079714258,1
v8_headA_all/perhead+stack,v10_abl_no_cis,perhead+stack,C_auroc_up,0.8952245993231539,0.8929421563633202,-0.002282442959833708,-0.007122008859124704,0.0021374210887136857,-0.0007158768911988411,1
v8_headA_all/perhead+stack,v10_abl_no_cis,perhead+stack,C_auprc_up,0.2531838381001148,0.25379117346677516,0.0006073353666603554,-0.01063012002508551,0.011397694672823169,0.0005956675655961613,1
v8_headA_all/perhead+stack,v10_abl_no_cis,perhead+stack,C_macro_f1_offset,0.560160577291061,0.5588636705547992,-0.0012969067362617048,-0.009094521123502907,0.005879976872553997,6.57729952335262e-05,1
v8_headA_all/perhead+stack,v10_abl_no_knockout,perhead+stack,C_auroc_down,0.919254024012196,0.9185761836854364,-0.00067784032675966,-0.003496749560934892,0.0020632878112553594,-0.0008424745078067786,1
v8_headA_all/perhead+stack,v10_abl_no_knockout,perhead+stack,C_auprc_down,0.36956718053308313,0.3526024561632166,-0.016964724369866513,-0.03081348987024519,-0.00498442494457721,-0.013155961561020973,0
v8_headA_all/perhead+stack,v10_abl_no_knockout,perhead+stack,C_auroc_up,0.8952245993231539,0.8949729713462033,-0.0002516279769505525,-0.004398014732889319,0.004154622227125231,0.0014035614586791478,2
v8_headA_all/perhead+stack,v10_abl_no_knockout,perhead+stack,C_auprc_up,0.2531838381001148,0.25323829445433255,5.445635421774675e-05,-0.00985322327302104,0.011000849496410567,0.0015315064127118527,2
v8_headA_all/perhead+stack,v10_abl_no_knockout,perhead+stack,C_macro_f1_offset,0.560160577291061,0.5539291688718186,-0.006231408419242301,-0.012822022021503196,0.0005586951672807089,-0.0030588516639271646,1
v8_headA_all/perhead+stack,v10_abl_no_layout,perhead+stack,C_auroc_down,0.919254024012196,0.8961952320186812,-0.023058791993514793,-0.029532708603734307,-0.01661047390839695,-0.02113918474196319,0
v8_headA_all/perhead+stack,v10_abl_no_layout,perhead+stack,C_auprc_down,0.36956718053308313,0.21933458593997368,-0.15023259459310945,-0.1746985191439305,-0.12597384449460233,-0.13142498472596023,0
v8_headA_all/perhead+stack,v10_abl_no_layout,perhead+stack,C_auroc_up,0.8952245993231539,0.867743138424942,-0.027481460898211907,-0.03461463215578244,-0.020198125483201892,-0.02311432264055352,0
v8_headA_all/perhead+stack,v10_abl_no_layout,perhead+stack,C_auprc_up,0.2531838381001148,0.14353968636374514,-0.10964415173636965,-0.1330102551370603,-0.08636738563705022,-0.09826211841702086,0
v8_headA_all/perhead+stack,v10_abl_no_layout,perhead+stack,C_macro_f1_offset,0.560160577291061,0.4630372336758571,-0.09712334361520386,-0.10884147118766559,-0.08492772936083483,-0.08766470363177423,0
v8_headA_all/perhead+stack,v10_lambda_a03,perhead+stack,C_auroc_down,0.919254024012196,0.9198324886359147,0.0005784646237186886,-0.0024389218273842884,0.0035185938647725023,-0.0001429885972815681,1
v8_headA_all/perhead+stack,v10_lambda_a03,perhead+stack,C_auprc_down,0.36956718053308313,0.36066206069775886,-0.008905119835324271,-0.020482463249530722,0.002682255544837729,-0.00739311962435657,1
v8_headA_all/perhead+stack,v10_lambda_a03,perhead+stack,C_auroc_up,0.8952245993231539,0.8952251507358134,5.514126595329572e-07,-0.003396935518386945,0.003638344248776589,1.4369165185712518e-05,1
v8_headA_all/perhead+stack,v10_lambda_a03,perhead+stack,C_auprc_up,0.2531838381001148,0.2586774396340772,0.005493601533962389,-0.005216582170611881,0.014918674498833977,0.0027190933487668684,1
v8_headA_all/perhead+stack,v10_lambda_a03,perhead+stack,C_macro_f1_offset,0.560160577291061,0.5580182101992408,-0.002142367091820141,-0.009488357950218337,0.00409581212404717,-0.003378740188978435,1
