reference,run,variant,stratum,n_rows,n_sig,metric,ref,value,delta,ci_lo,ci_hi
v8_headA_all/perhead,v10_abl_no_cis,perhead,D∈L_g,14036,966,B_r,0.6306030076146811,0.6280813565933928,-0.002521651021288318,-0.03298218333203519,0.02723821161673773
v8_headA_all/perhead,v10_abl_no_cis,perhead,D∈L_g,14036,966,B_sign_acc,0.8136645962732919,0.7981366459627329,-0.01552795031055898,-0.03767500471309649,0.005406722463254466
v8_headA_all/perhead,v10_abl_no_cis,perhead,D∈L_g,14036,966,B_r_within_tf,0.4654181598707913,0.4811759028809837,0.015757743010192393,-0.029889474915655193,0.05970282643150713
v8_headA_all/perhead,v10_abl_no_cis,perhead,D∈L_g,14036,966,B_dr,0.4537685304128984,0.4355937613279398,-0.018174769084958575,-0.041018551662222055,0.0053757573839729525
v8_headA_all/perhead,v10_abl_no_cis,perhead,D∈L_g,14036,966,B_dr_ns,0.18515300435264723,0.164833766358201,-0.020319237994446238,-0.04260632304823397,0.00019615569596364494
v8_headA_all/perhead,v10_abl_no_cis,perhead,D∈L_g,14036,966,C_auroc_down,0.9141056883795473,0.9128024215679817,-0.0013032668115655621,-0.01064804481901786,0.007314967569677682
v8_headA_all/perhead,v10_abl_no_cis,perhead,D∈L_g,14036,966,C_auprc_down,0.5387061019771415,0.5453708569629719,0.006664754985830412,-0.015071452547610342,0.027102837533236557
v8_headA_all/perhead,v10_abl_no_cis,perhead,D∈L_g,14036,966,C_auroc_up,0.8777057397039597,0.8740119630346369,-0.0036937766693228014,-0.01521376946094396,0.007642405699352261
v8_headA_all/perhead,v10_abl_no_cis,perhead,D∈L_g,14036,966,C_auprc_up,0.31315941904002315,0.2959561556332003,-0.017203263406822822,-0.04154055219259775,0.0069736699510233886
v8_headA_all/perhead,v10_abl_no_cis,perhead,D∈L_g,14036,966,C_macro_f1_offset,0.6117168154939226,0.6001257254778382,-0.011591090016084493,-0.0257024436623546,0.002802447637829836
v8_headA_all/perhead,v10_abl_no_knockout,perhead,D∈L_g,14036,966,B_r,0.6306030076146811,0.6106768213587859,-0.019926186255895262,-0.05007104359440471,0.011601746062081688
v8_headA_all/perhead,v10_abl_no_knockout,perhead,D∈L_g,14036,966,B_sign_acc,0.8136645962732919,0.8043478260869565,-0.009316770186335366,-0.028560289837537757,0.010228487750453284
v8_headA_all/perhead,v10_abl_no_knockout,perhead,D∈L_g,14036,966,B_r_within_tf,0.4654181598707913,0.43958649474508016,-0.025831665125711167,-0.06948800404558442,0.017704263433819097
v8_headA_all/perhead,v10_abl_no_knockout,perhead,D∈L_g,14036,966,B_dr,0.4537685304128984,0.43904064248755753,-0.014727887925340855,-0.033010695318138175,0.0056056048723521715
v8_headA_all/perhead,v10_abl_no_knockout,perhead,D∈L_g,14036,966,B_dr_ns,0.18515300435264723,0.1882980721204207,0.003145067767773485,-0.014016016510875005,0.022303470785810794
v8_headA_all/perhead,v10_abl_no_knockout,perhead,D∈L_g,14036,966,C_auroc_down,0.9141056883795473,0.9044452128477025,-0.009660475531844792,-0.020107263943828523,-0.0005068356340474807
v8_headA_all/perhead,v10_abl_no_knockout,perhead,D∈L_g,14036,966,C_auprc_down,0.5387061019771415,0.5025363628060294,-0.0361697391711121,-0.0664673862874236,-0.006815471517440054
v8_headA_all/perhead,v10_abl_no_knockout,perhead,D∈L_g,14036,966,C_auroc_up,0.8777057397039597,0.8720803882811934,-0.005625351422766323,-0.01802273867107438,0.0071410730311970115
v8_headA_all/perhead,v10_abl_no_knockout,perhead,D∈L_g,14036,966,C_auprc_up,0.31315941904002315,0.28094256363302017,-0.032216855407002976,-0.06329280214020551,0.0005842319450891593
v8_headA_all/perhead,v10_abl_no_knockout,perhead,D∈L_g,14036,966,C_macro_f1_offset,0.6117168154939226,0.6021284485331696,-0.009588366960753048,-0.025793903933811584,0.008100909225070245
v8_headA_all/perhead,v10_abl_no_layout,perhead,D∈L_g,14036,966,B_r,0.6306030076146811,0.37444090346970016,-0.256162104144981,-0.3309397522014983,-0.1819842594044304
v8_headA_all/perhead,v10_abl_no_layout,perhead,D∈L_g,14036,966,B_sign_acc,0.8136645962732919,0.6677018633540373,-0.14596273291925466,-0.19419164619164617,-0.09649811325273924
v8_headA_all/perhead,v10_abl_no_layout,perhead,D∈L_g,14036,966,B_r_within_tf,0.4654181598707913,0.22332835951981642,-0.2420898003509749,-0.3428579339361254,-0.142597660292782
v8_headA_all/perhead,v10_abl_no_layout,perhead,D∈L_g,14036,966,B_dr,0.4537685304128984,0.21885082254351018,-0.2349177078693882,-0.28737439067979,-0.1801121477182381
v8_headA_all/perhead,v10_abl_no_layout,perhead,D∈L_g,14036,966,B_dr_ns,0.18515300435264723,0.07028061732571496,-0.11487238702693227,-0.15979369331632762,-0.06935087018739199
v8_headA_all/perhead,v10_abl_no_layout,perhead,D∈L_g,14036,966,C_auroc_down,0.9141056883795473,0.8952146314957519,-0.018891056883795443,-0.035540800395689236,-0.00012422755007184428
v8_headA_all/perhead,v10_abl_no_layout,perhead,D∈L_g,14036,966,C_auprc_down,0.5387061019771415,0.28718518305870555,-0.251520918918436,-0.2969938700744122,-0.202686971649556
v8_headA_all/perhead,v10_abl_no_layout,perhead,D∈L_g,14036,966,C_auroc_up,0.8777057397039597,0.8146145301887248,-0.06309120951523495,-0.0892175508222559,-0.0347639358878664
v8_headA_all/perhead,v10_abl_no_layout,perhead,D∈L_g,14036,966,C_auprc_up,0.31315941904002315,0.13615242430483487,-0.17700699473518827,-0.2211092294112701,-0.13288188694125933
v8_headA_all/perhead,v10_abl_no_layout,perhead,D∈L_g,14036,966,C_macro_f1_offset,0.6117168154939226,0.5004981836725008,-0.11121863182142189,-0.13490133562557483,-0.08886364639762616
v8_headA_all/perhead,v10_abl_no_cis,perhead,D∉L_g,87644,3010,B_r,0.61586333858427,0.6192380667759692,0.00337472819169915,-0.02745969025968048,0.03422927214192293
v8_headA_all/perhead,v10_abl_no_cis,perhead,D∉L_g,87644,3010,B_sign_acc,0.7611295681063123,0.7634551495016612,0.0023255813953488857,-0.018887615156223954,0.020105569643247674
v8_headA_all/perhead,v10_abl_no_cis,perhead,D∉L_g,87644,3010,B_r_within_tf,0.5981118165753333,0.6019813173875374,0.003869500812204052,-0.02881320766695496,0.037197974204621335
v8_headA_all/perhead,v10_abl_no_cis,perhead,D∉L_g,87644,3010,B_dr,0.32030865740111514,0.3170627626991697,-0.0032458947019454176,-0.020685173131248187,0.014439639358362257
v8_headA_all/perhead,v10_abl_no_cis,perhead,D∉L_g,87644,3010,B_dr_ns,0.18976888425552307,0.18433230234249723,-0.005436581913025845,-0.0219595372477701,0.011316053754476701
v8_headA_all/perhead,v10_abl_no_cis,perhead,D∉L_g,87644,3010,C_auroc_down,0.8985445932688902,0.9016062685942626,0.0030616753253723816,-0.0046887595299372475,0.009928710970678885
v8_headA_all/perhead,v10_abl_no_cis,perhead,D∉L_g,87644,3010,C_auprc_down,0.3085708042674083,0.31225961933891194,0.0036888150715036483,-0.015238369380329842,0.02480448984253225
v8_headA_all/perhead,v10_abl_no_cis,perhead,D∉L_g,87644,3010,C_auroc_up,0.883651223462735,0.8764664223539407,-0.00718480110879427,-0.018307111452397884,0.002969839675112895
v8_headA_all/perhead,v10_abl_no_cis,perhead,D∉L_g,87644,3010,C_auprc_up,0.22372543524295718,0.23423323683564137,0.01050780159268419,-0.006201466910583797,0.0259185691438896
v8_headA_all/perhead,v10_abl_no_cis,perhead,D∉L_g,87644,3010,C_macro_f1_offset,0.5330180553576892,0.5372961596498406,0.0042781042921513635,-0.007395376862195033,0.014153476480705446
v8_headA_all/perhead,v10_abl_no_knockout,perhead,D∉L_g,87644,3010,B_r,0.61586333858427,0.6012182097855248,-0.014645128798745244,-0.036566303497552535,0.0058773550346604255
v8_headA_all/perhead,v10_abl_no_knockout,perhead,D∉L_g,87644,3010,B_sign_acc,0.7611295681063123,0.7691029900332226,0.007973421926910307,-0.010154889256071688,0.02618999889924017
v8_headA_all/perhead,v10_abl_no_knockout,perhead,D∉L_g,87644,3010,B_r_within_tf,0.5981118165753333,0.5796419735121197,-0.018469843063213642,-0.0430240121148454,0.002939213775126473
v8_headA_all/perhead,v10_abl_no_knockout,perhead,D∉L_g,87644,3010,B_dr,0.32030865740111514,0.31700055776150876,-0.0033080996396063767,-0.015658186904540003,0.00852525551568148
v8_headA_all/perhead,v10_abl_no_knockout,perhead,D∉L_g,87644,3010,B_dr_ns,0.18976888425552307,0.1948203858944507,0.005051501638927619,-0.0062844339176605065,0.01645805080502915
v8_headA_all/perhead,v10_abl_no_knockout,perhead,D∉L_g,87644,3010,C_auroc_down,0.8985445932688902,0.8974123402150158,-0.0011322530538744324,-0.007689556626393845,0.005082199353413158
v8_headA_all/perhead,v10_abl_no_knockout,perhead,D∉L_g,87644,3010,C_auprc_down,0.3085708042674083,0.28220593180599035,-0.026364872461417943,-0.042163405166257405,-0.01024876274780209
v8_headA_all/perhead,v10_abl_no_knockout,perhead,D∉L_g,87644,3010,C_auroc_up,0.883651223462735,0.8843192547700263,0.0006680313072913169,-0.007569184170538167,0.009199906290371363
v8_headA_all/perhead,v10_abl_no_knockout,perhead,D∉L_g,87644,3010,C_auprc_up,0.22372543524295718,0.2405698749446811,0.016844439701723918,0.003021905712098862,0.030246414623315405
v8_headA_all/perhead,v10_abl_no_knockout,perhead,D∉L_g,87644,3010,C_macro_f1_offset,0.5330180553576892,0.5365245922397373,0.0035065368820480503,-0.0058451179559246,0.012979278978537801
v8_headA_all/perhead,v10_abl_no_layout,perhead,D∉L_g,87644,3010,B_r,0.61586333858427,0.30382660076420637,-0.31203673782006364,-0.37234351056747367,-0.2628653641085223
v8_headA_all/perhead,v10_abl_no_layout,perhead,D∉L_g,87644,3010,B_sign_acc,0.7611295681063123,0.5930232558139535,-0.16810631229235873,-0.2109102387804866,-0.12793167449200185
v8_headA_all/perhead,v10_abl_no_layout,perhead,D∉L_g,87644,3010,B_r_within_tf,0.5981118165753333,0.26316772057629406,-0.33494409599903924,-0.40205084437281613,-0.2819811292084342
v8_headA_all/perhead,v10_abl_no_layout,perhead,D∉L_g,87644,3010,B_dr,0.32030865740111514,0.11960369472133799,-0.20070496267977717,-0.2325002329801981,-0.17003076576729803
v8_headA_all/perhead,v10_abl_no_layout,perhead,D∉L_g,87644,3010,B_dr_ns,0.18976888425552307,0.05692010921456935,-0.13284877504095371,-0.16312341104039285,-0.10389753310061356
v8_headA_all/perhead,v10_abl_no_layout,perhead,D∉L_g,87644,3010,C_auroc_down,0.8985445932688902,0.88915893538705,-0.009385657881840204,-0.022057069706632536,0.0027576735799392516
v8_headA_all/perhead,v10_abl_no_layout,perhead,D∉L_g,87644,3010,C_auprc_down,0.3085708042674083,0.15435773308464998,-0.15421307118275832,-0.18771962971527423,-0.11875111716301494
v8_headA_all/perhead,v10_abl_no_layout,perhead,D∉L_g,87644,3010,C_auroc_up,0.883651223462735,0.8641861360253624,-0.01946508743737252,-0.030704091555644682,-0.006961491307693417
v8_headA_all/perhead,v10_abl_no_layout,perhead,D∉L_g,87644,3010,C_auprc_up,0.22372543524295718,0.13623584754256904,-0.08748958770038814,-0.12016877268803926,-0.05853324488719979
v8_headA_all/perhead,v10_abl_no_layout,perhead,D∉L_g,87644,3010,C_macro_f1_offset,0.5330180553576892,0.44792055691646776,-0.08509749844122144,-0.10151818236687174,-0.068675212196026
