set,variant,tf_depleted,n_sig,frac_in_lg,auc_any,rho_prior,aucdn,aucup,r_b,aucany_prior
v2,v2:raw/选中,ABF1,439,0.2754491017964072,0.6048028670765753,-0.3050906483003676,0.3411915941302714,0.29971487301903055,0.3189492924112977,0.5601407419459812
v2,v2:raw/选中,ARO80,66,0.029940119760479042,0.38414415554290293,-0.27871311394601156,0.4156801046794193,0.44015100362163156,-0.007673244547488959,0.6578256468653129
v2,v2:raw/选中,AZF1,23,0.2721224218230206,0.42021151586368977,-0.25660063415322104,0.4017791859614916,0.4042588866532528,-0.0030253298426044005,0.8157755581668625
v2,v2:raw/选中,CBF1,125,0.38323353293413176,0.4566734397677794,-0.28626509378545867,0.3748804722903588,0.3746927574275146,0.173155164721184,0.7438432510885341
v2,v2:raw/选中,CST6,20,0.3486360612109115,0.3026635198921106,-0.19551541570966083,0.6056262558606832,0.4273275284661755,0.08793489866218034,0.8129973027646662
v2,v2:raw/选中,CUP2,31,0.023952095808383235,0.31352997896213186,-0.2900515637386093,0.6134491204631485,0.3570230040595399,0.11315397464125845,0.7092062587657784
v2,v2:raw/选中,CYC8,880,0.15302727877578176,0.393935137895812,-0.2359901065865368,0.3227915179543893,0.28236531029779494,0.36004658600724265,0.6274642492339122
v2,v2:raw/选中,DIG2,42,0.10844976713240187,0.3200189042078159,-0.29700380139489585,0.2989074417645846,0.3919381228618176,0.30146556662688445,0.8149343241745706
v2,v2:raw/选中,ERT1,88,0.047238855622089154,0.3040395117250241,-0.24856299307433805,0.4795762841030331,0.3229053838802166,0.32978936839694356,0.7809106970767749
v2,v2:raw/选中,FHL1,72,0.09115103127079174,0.3292569298858607,-0.2035678763284542,0.3503822873526601,0.3255509287418706,0.45498157756122404,0.8333770090845563
v2,v2:raw/选中,FZF1,60,0.17232202262142382,0.3390967890967891,-0.17550698157386774,0.6360032118839707,0.41589363017934444,-0.17192883056016586,0.7869831369831369
v2,v2:raw/选中,GAL4,27,0.00998003992015968,0.3425173140620295,-0.2240057551432746,0.31287726358148893,0.18687275985663082,0.4855448006994167,0.8200968583759912
v2,v2:raw/选中,GAL80,120,0.018629407850964737,0.41137623523740663,-0.13862081238901092,0.3002766960442714,0.2739622541483327,0.6318403721909326,0.811996866714871
v2,v2:raw/选中,GAT2,284,0.10578842315369262,0.3810615951657443,-0.2577926010213156,0.26337511602130287,0.2904362724102062,0.5712825878152735,0.7661223699869438
v2,v2:raw/选中,GCR2,268,0.05322687957418496,0.40413922291377125,-0.25588221028520175,0.25160641942908324,0.31740981505218824,0.5606378017556771,0.7248187201643603
v2,v2:raw/选中,GLN3,52,0.13905522288755823,0.5137173302231882,-0.28961071585394577,0.33026469443363177,0.13957723062307023,0.2875226952083103,0.7635980490908127
v2,v2:raw/选中,HCM1,157,0.0499001996007984,0.4176375389216456,-0.2557497272556729,0.2816496837666901,0.3314875867470538,0.5299048769031127,0.7720563878819999
v2,v2:raw/选中,IFH1,212,0.033932135728542916,0.4235637139558336,-0.27848253528683675,0.3074643572522682,0.3054288574924908,0.7109160932573638,0.7700371220203732
v2,v2:raw/选中,IXR1,71,0.10379241516966067,0.37705562986859703,-0.22566215316217056,0.522342818030703,0.4355963131053198,0.05180071281982159,0.658603155244315
v2,v2:raw/选中,LEU3,249,0.03792415169660679,0.4741133593384703,-0.1952230972323944,0.3813421062067482,0.3619144882511457,0.42679059599605285,0.6428873388290002
v2,v2:raw/选中,MBP1,49,0.16367265469061876,0.4652471717710468,-0.19166420567912354,0.3789192795196798,0.7458009449778997,0.07613764048814037,0.7385046178031047
v2,v2:raw/选中,MCM1,53,0.1936127744510978,0.3163175016265452,-0.19428039104379094,0.5251671805549994,0.2620939140303589,0.3411591746831618,0.6864085881587508
v2,v2:raw/选中,MET31,160,0.10978043912175649,0.5179076693968727,-0.14274259233542297,0.22116155449488784,0.2913666772857598,0.5592558728483789,0.8172282204020849
v2,v2:raw/选中,MET32,85,0.19693945442448438,0.530789015182942,-0.1466228082504818,0.16796131718564616,0.2497356051703878,0.7443651196929618,0.8802704720816394
v2,v2:raw/选中,MET4,162,0.12242182302062542,0.3981734655361302,-0.29639549343787736,0.22435158501440922,0.2827332242225859,0.6197409495852673,0.8154868763867024
v2,v2:raw/选中,MGA1,33,0.06453759148369927,0.39338280766852196,-0.19564358235498663,0.2976768198244708,0.3725556304787593,0.6419766661992727,0.79575345289631
v2,v2:raw/选中,MIG1,53,0.1051230871590153,0.35160702667534155,-0.30961860705605865,0.516042780748663,0.35846438482886217,0.2208339407370569,0.7147104749512037
v2,v2:raw/选中,MSA2,151,0.1936127744510978,0.42274873623574594,-0.19088274234984678,0.33031709811944293,0.24059205903021785,0.6043811034519425,0.8356984011912693
v2,v2:raw/选中,MSN4,38,0.15036593479707253,0.38773127357643256,-0.12786257765629205,0.2733436154488786,0.38896366083445494,0.3999258162865847,0.8334381174779953
v2,v2:raw/选中,NDD1,76,0.08050565535595476,0.3299708626857965,-0.3057222571697433,0.4369930551874039,0.4127507324768988,-0.06327857597496948,0.6967460258916387
v2,v2:raw/选中,NRG1,152,0.09447771124417831,0.46422727803965874,-0.23795115000992184,0.3182732316227462,0.3191758133789967,0.4421653375727876,0.7399051384939032
v2,v2:raw/选中,NRM1,115,0.14038589487691283,0.4574740007517855,-0.2668855460457441,0.3391559352288665,0.4432548949164721,0.15053216184263155,0.7153050996115775
v2,v2:raw/选中,PHO4,23,0.034597471723220224,0.4620446533490012,-0.2762768153593955,0.41543953592146365,0.13331094694425788,0.5644076333251637,0.856786133960047
v2,v2:raw/选中,RAP1,465,0.1656686626746507,0.445849130876168,-0.1919520220099859,0.42344180915609486,0.36108198115212925,0.5259104601427353,0.6353284853005159
v2,v2:raw/选中,REB1,400,0.17365269461077845,0.5822257479601088,-0.2755013699580392,0.3799302216738289,0.32603599969473307,0.18159516037075923,0.5113825929283772
v2,v2:raw/选中,ROX1,70,0.19228210246174318,0.45584687468846574,-0.16297765057116995,0.6815555555555556,0.47883839853656507,-0.20818270006064363,0.5362177250523378
v2,v2:raw/选中,RTG1,21,0.13439787092481703,0.16984769616348563,-0.19619490586990138,0.5965085899770406,0.08222148098732489,0.20006959718135722,0.7910320673478568
v2,v2:raw/选中,RTG3,38,0.13639387890884896,0.20962816597808515,-0.22502658848331353,0.6782983098772573,0.3244002850130631,0.13770057621050594,0.7756960661038261
v2,v2:raw/选中,SFL1,32,0.11842980705256155,0.314093303874915,-0.2832262282281533,0.628533231474408,0.3730175913396482,0.2798509402876846,0.7142037729435758
v2,v2:raw/选中,SFP1,47,0.09647371922821024,0.4326630815992518,-0.25346786851075154,0.3663397367353711,0.39457468184862693,0.421084610900804,0.7290960369417816
v2,v2:raw/选中,SKO1,70,0.1104457751164338,0.46053234971588075,-0.3060769669585561,0.6023104953349617,0.41621222449443307,-0.08501075230652522,0.655642508224504
v2,v2:raw/选中,SOK2,46,0.13639387890884896,0.30937602578257883,-0.1859376361265283,0.25712893005118204,0.26728298949007395,0.6678217109399379,0.6723314732475903
v2,v2:raw/选中,STP1,133,0.19693945442448438,0.3807474891608584,-0.28904850427108114,0.2566244641611006,0.2296847442680776,0.509859060798484,0.7997365676966138
v2,v2:raw/选中,SUM1,39,0.2208915502328676,0.5346434075942272,-0.29806225430060845,,0.5570864020118556,0.3661552756977766,0.37271437578814626
v2,v2:raw/选中,SWI4,383,0.2741184298070526,0.4570775829914211,-0.16880829501105743,0.26561123849037377,0.25783945986496626,0.45712955386488485,0.7841745151063036
v2,v2:raw/选中,SWI5,35,0.07850964737192283,0.4207473725184897,-0.24904286706667333,0.38678025851938896,0.3207019897160742,0.6471287187784173,0.8212826002335539
v2,v2:raw/选中,SWI6,54,0.29474384564204925,0.40395675178283874,-0.22273446052979862,0.3638971583220568,0.7416834323679409,0.05894801458937843,0.6511067658410653
v2,v2:raw/选中,TYE7,72,0.1051230871590153,0.4045539249941766,-0.17768755351975674,0.2986954565901934,0.26655593366823316,0.5138736927175926,0.8166297849211895
v2,v2:raw/选中,USV1,60,0.043912175648702596,0.4522984522984523,-0.2533050682339528,0.44024725274725274,0.27738771295818276,0.528790110406958,0.8264437514437515
v2,v2:raw/选中,VHR1,26,0.07850964737192283,0.35180459351075466,-0.2406159530578092,0.41192565823438304,0.288435725348477,0.4915079917576383,0.774894536742878
v2,v2:raw/选中,WHI5,25,0.17431803060545575,0.28313937753721247,-0.12884521360221501,0.738540870893812,0.5975308641975309,-0.5108922960060035,0.7882408660351827
v2,v2:raw/选中,YAP1,46,0.16167664670658682,0.3850526692727761,-0.24358416388822987,0.42665761484498754,0.464946200403497,-0.1817602374386014,0.6984796037122138
v2,v2:raw/选中,YKL222C,30,0.01996007984031936,0.3650825978728219,-0.16910026445505805,0.5455645161290322,0.2153673835125448,0.3555689718085301,0.8429395790902919
v2,v2:raw/选中,ZAP1,77,0.16101131071190952,0.357962514344001,-0.2969767597899165,0.20679547214335756,0.22390635680109364,0.37886318286112786,0.8611045336150526
v2,v2:zero/选中,ABF1,439,0.2754491017964072,0.6333933495469882,0.0013805029567274985,0.6285187868355975,0.427281568419424,0.2974101917836632,0.5601407419459812
v2,v2:zero/选中,ARO80,66,0.029940119760479042,0.42916113114442966,-0.006863192112586028,0.38133217022867466,0.5335000920753791,0.07570337423857149,0.6578256468653129
v2,v2:zero/选中,AZF1,23,0.2721224218230206,0.7180229142185663,0.058106949961023426,0.5047830855471606,0.3403755868544601,-0.15915497514493174,0.8157755581668625
v2,v2:zero/选中,CBF1,125,0.38323353293413176,0.5690362844702468,0.06141894497258698,0.49570219930985737,0.5037823648729268,0.13267434886261623,0.7438432510885341
v2,v2:zero/选中,CST6,20,0.3486360612109115,0.4579905596763318,-0.11165888381634086,0.4965840589417281,0.41962491627595444,0.22744885003536822,0.8129973027646662
v2,v2:zero/选中,CUP2,31,0.023952095808383235,0.5731942496493688,-0.011992853560599398,0.5980293921175684,0.44953991880920163,0.028543981355007575,0.7092062587657784
v2,v2:zero/选中,CYC8,880,0.15302727877578176,0.4342851670801109,-0.1091692519117033,0.36835926372760935,0.35120962806232187,0.30557003270150024,0.6274642492339122
v2,v2:zero/选中,DIG2,42,0.10844976713240187,0.5633046510869919,0.0009495059849323874,0.44134199134199137,0.4918191283653131,0.2551163927936556,0.8149343241745706
v2,v2:zero/选中,ERT1,88,0.047238855622089154,0.3963660456151622,-0.22261694095528706,0.4263069654016156,0.318166613571201,0.32131106253122654,0.7809106970767749
v2,v2:zero/选中,FHL1,72,0.09115103127079174,0.3763054196754406,-0.09556777384035728,0.3159764256132526,0.36647873485238386,0.4493644907750472,0.8333770090845563
v2,v2:zero/选中,FZF1,60,0.17232202262142382,0.486018711018711,0.009561112423387596,0.34338301716350494,0.5069470212327355,-0.17969244704211218,0.7869831369831369
v2,v2:zero/选中,GAL4,27,0.00998003992015968,0.4515206263173743,-0.22096698068816628,0.31989157165213505,0.22963709677419356,0.5159908108211605,0.8200968583759912
v2,v2:zero/选中,GAL80,120,0.018629407850964737,0.5861894432393348,0.047239178050722974,0.7355913096946095,0.6522822456661188,0.620365723702774,0.811996866714871
v2,v2:zero/选中,GAT2,284,0.10578842315369262,0.41355474933274794,-0.14700433486166906,0.30576456912166244,0.3287584898733403,0.5387388497971898,0.7661223699869438
v2,v2:zero/选中,GCR2,268,0.05322687957418496,0.42209801196446917,-0.21362101919649648,0.27240655689901166,0.35206750137337484,0.5658606972624399,0.7248187201643603
v2,v2:zero/选中,GLN3,52,0.13905522288755823,0.5242869638975772,-0.009988962160504815,0.4125145971195017,0.32635974982186683,0.21363094556631765,0.7635980490908127
v2,v2:zero/选中,HCM1,157,0.0499001996007984,0.4353403810298975,-0.18484049172926398,0.32106904427266336,0.37613613595380774,0.49945904425991183,0.7720563878819999
v2,v2:zero/选中,IFH1,212,0.033932135728542916,0.52444718881078,0.04886023808742543,0.49242076116413336,0.367739141490393,0.6655306064397638,0.7700371220203732
v2,v2:zero/选中,IXR1,71,0.10379241516966067,0.42496459202140213,-0.22395325147243875,0.43456862553371794,0.48062976652786227,0.060522147022612605,0.658603155244315
v2,v2:zero/选中,LEU3,249,0.03792415169660679,0.4626976806748525,0.03635347905976263,0.5785255835634121,0.5866832014555191,0.4096401352047014,0.6428873388290002
v2,v2:zero/选中,MBP1,49,0.16367265469061876,0.7899110125480728,0.08874433040374329,0.5401934623082054,0.31106538637402836,0.2173769972465771,0.7385046178031047
v2,v2:zero/选中,MCM1,53,0.1936127744510978,0.6443851659076122,0.12022654419941574,0.6245144756336843,0.5179458079160164,0.24698937456574915,0.6864085881587508
v2,v2:zero/选中,MET31,160,0.10978043912175649,0.5355547282204021,0.08785111320704822,0.6601454101454102,0.6358951895508124,0.5185913815494557,0.8172282204020849
v2,v2:zero/选中,MET32,85,0.19693945442448438,0.477652866506264,0.10459103351925807,0.6596561527612993,0.5893801410105758,0.7233928943696162,0.8802704720816394
v2,v2:zero/选中,MET4,162,0.12242182302062542,0.42923559900939967,-0.027308234307005692,0.30945996742262877,0.4756838905775076,0.5499125235160541,0.8154868763867024
v2,v2:zero/选中,MGA1,33,0.06453759148369927,0.5146773861059575,0.06077552196457753,0.6542075374290139,0.6625758597437627,0.5984634465548891,0.79575345289631
v2,v2:zero/选中,MIG1,53,0.1051230871590153,0.30401431359791803,-0.11515717609134238,0.523968678380443,0.40469547312822657,0.12301615601693477,0.7147104749512037
v2,v2:zero/选中,MSA2,151,0.1936127744510978,0.5400902268897684,0.057165362257134346,0.659389999213156,0.6355938158819395,0.5759636043402018,0.8356984011912693
v2,v2:zero/选中,MSN4,38,0.15036593479707253,0.5184479971259206,0.051993536056378256,0.6628430049482681,0.6217639141793999,0.34942062400466256,0.8334381174779953
v2,v2:zero/选中,NDD1,76,0.08050565535595476,0.4735920038357983,-0.07793466427141188,0.46730371626994643,0.5141424385846293,0.009806038441617605,0.6967460258916387
v2,v2:zero/选中,NRG1,152,0.09447771124417831,0.4412228758424559,-0.1885422576085877,0.34069348127600557,0.36771187154366564,0.3981768543890233,0.7399051384939032
v2,v2:zero/选中,NRM1,115,0.14038589487691283,0.4182715198596667,-0.21817809962473317,0.33194750550991786,0.27149272498652777,0.07087307331338137,0.7153050996115775
v2,v2:zero/选中,PHO4,23,0.034597471723220224,0.6090775558166862,-0.008266428751248297,0.4866131191432396,0.24517893120982442,0.6352595400718484,0.856786133960047
v2,v2:zero/选中,RAP1,465,0.1656686626746507,0.5966260592122983,0.06503419812607909,0.5870737484182862,0.5632803089350245,0.49038015432616305,0.6353284853005159
v2,v2:zero/选中,REB1,400,0.17365269461077845,0.5985346781504987,0.0026098098973140805,0.5846776399365431,0.40277792919987354,0.1635027887907422,0.5113825929283772
v2,v2:zero/选中,ROX1,70,0.19228210246174318,0.5235071279034992,0.04111193162477579,0.4855555555555556,0.4750135118280464,-0.1510626531239638,0.5362177250523378
v2,v2:zero/选中,RTG1,21,0.13439787092481703,0.684322986954566,0.019891715028017,0.3347913862718708,0.7581721147431622,0.24173714164033186,0.7910320673478568
v2,v2:zero/选中,RTG3,38,0.13639387890884896,0.5413508173163284,-0.17344684639702188,0.4595784332626438,0.4369804449370596,0.1262409632383925,0.7756960661038261
v2,v2:zero/选中,SFL1,32,0.11842980705256155,0.4082044527532291,-0.07291652691627824,0.5453113063407181,0.5373342354533153,0.18184757902713608,0.7142037729435758
v2,v2:zero/选中,SFP1,47,0.09647371922821024,0.4253419452887538,-0.1714956929967724,0.46036281848014454,0.4673811118553248,0.35726056708555365,0.7290960369417816
v2,v2:zero/选中,SKO1,70,0.1104457751164338,0.586427076064201,-0.011914175987460385,0.5752612821847596,0.5632905400287813,-0.10574921267374073,0.655642508224504
v2,v2:zero/选中,SOK2,46,0.13639387890884896,0.4479200859419295,-0.003945977016729943,0.6181452595661711,0.5178960685091475,0.6405589759666203,0.6723314732475903
v2,v2:zero/选中,STP1,133,0.19693945442448438,0.5162257834366939,0.04577354691441643,0.3299023028611305,0.48752204585537917,0.4534282977871941,0.7997365676966138
v2,v2:zero/选中,SUM1,39,0.2208915502328676,0.6852756760543646,0.009383781595046794,,0.6640829890425723,0.3833431474475906,0.37271437578814626
v2,v2:zero/选中,SWI4,383,0.2741184298070526,0.5740954867586722,0.0811291432758135,0.5871310550642356,0.5763514408013768,0.43779003242769826,0.7841745151063036
v2,v2:zero/选中,SWI5,35,0.07850964737192283,0.5157940833008953,-0.1852849732371137,0.4595035252643948,0.3056673373574782,0.6053893670469088,0.8212826002335539
v2,v2:zero/选中,SWI6,54,0.29474384564204925,0.4936610178156072,-0.08041067730409196,0.5223815967523681,0.2552285593973705,-0.0034461520081612157,0.6511067658410653
v2,v2:zero/选中,TYE7,72,0.1051230871590153,0.5598163677304139,0.013081257506616692,0.6052310262836579,0.6325825095878572,0.4847150531583396,0.8166297849211895
v2,v2:zero/选中,USV1,60,0.043912175648702596,0.47174289674289677,-0.18997149645137953,0.4268470890811316,0.41742385131646875,0.507202158572109,0.8264437514437515
v2,v2:zero/选中,VHR1,26,0.07850964737192283,0.51354096140826,-0.21181735216575126,0.4238513164687661,0.42013422818791946,0.4445929894206783,0.774894536742878
v2,v2:zero/选中,WHI5,25,0.17431803060545575,0.41330175913396483,-0.028060074599761307,0.5350935828877005,0.21945379723157502,-0.5438654825084857,0.7882408660351827
v2,v2:zero/选中,YAP1,46,0.16167664670658682,0.44745009101489064,-0.19140875592943757,0.39780493324281513,0.48684431741761935,-0.11361081205451157,0.6984796037122138
v2,v2:zero/选中,YKL222C,30,0.01996007984031936,0.5056800181036434,0.09864756194535745,0.44117383512544806,0.7573476702508961,0.46187894248194455,0.8429395790902919
v2,v2:zero/选中,ZAP1,77,0.16101131071190952,0.532394674049653,0.01602781333707742,0.3153183879650455,0.3824419002050581,0.3953554835333239,0.8611045336150526
v2,v2:mean/选中,ABF1,439,0.2754491017964072,0.5193900183259972,0.3191283044584627,0.5696049807719543,0.6545211413920385,0.29251237524126494,0.5601407419459812
v2,v2:mean/选中,ARO80,66,0.029940119760479042,0.6272115729318235,0.34916252985365154,0.5926693251916008,0.6843349088453747,0.14469281734174227,0.6578256468653129
v2,v2:mean/选中,AZF1,23,0.2721224218230206,0.7174206815511164,0.34301649838778847,0.7376310017060688,0.7194835680751174,-0.13371377499435444,0.8157755581668625
v2,v2:mean/选中,CBF1,125,0.38323353293413176,0.5927605224963716,0.34306340312436334,0.5933563380867252,0.718601598854552,0.15903699909863492,0.7438432510885341
v2,v2:mean/选中,CST6,20,0.3486360612109115,0.6817936614969656,0.300986068914912,0.7119223040857334,0.6393837910247823,0.2446905883271461,0.8129973027646662
v2,v2:mean/选中,CUP2,31,0.023952095808383235,0.6612684081346424,0.3530008819767322,0.615564462257849,0.7290933694181326,0.05129272252767379,0.7092062587657784
v2,v2:mean/选中,CYC8,880,0.15302727877578176,0.6258901211148402,0.3100517179984995,0.6269437323011444,0.7395015475545141,0.28052985454660473,0.6274642492339122
v2,v2:mean/选中,DIG2,42,0.10844976713240187,0.6987060395684626,0.3500677505825699,0.7565244279529993,0.7217016213000149,0.33375016772528976,0.8149343241745706
v2,v2:mean/选中,ERT1,88,0.047238855622089154,0.6765579826533891,0.307870401218351,0.7099984758420972,0.6989487097801848,0.29679773429641304,0.7809106970767749
v2,v2:mean/选中,FHL1,72,0.09115103127079174,0.6688310427828248,0.3165427757175975,0.7200223000955719,0.6866607401862163,0.4347462774558337,0.8333770090845563
v2,v2:mean/选中,FZF1,60,0.17232202262142382,0.6741048741048741,0.29842811921570367,0.5068503462812406,0.6220985363842507,-0.1823134482672906,0.7869831369831369
v2,v2:mean/选中,GAL4,27,0.00998003992015968,0.6604938271604939,0.31019027238101876,0.7304940755644981,0.7942652329749104,0.5664020564229758,0.8200968583759912
v2,v2:mean/选中,GAL80,120,0.018629407850964737,0.687237888647867,0.2978198206871157,0.7642652182824349,0.7468986905582357,0.6209846382633691,0.811996866714871
v2,v2:mean/选中,GAT2,284,0.10578842315369262,0.6468330078914835,0.3117140831874056,0.7338358670283227,0.7079728324053112,0.5239570779812619,0.7661223699869438
v2,v2:mean/选中,GCR2,268,0.05322687957418496,0.623623783914436,0.3113534196721595,0.7431082783974339,0.6576863211865959,0.5568443997603673,0.7248187201643603
v2,v2:mean/选中,GLN3,52,0.13905522288755823,0.5491438265387266,0.3535425833795889,0.6126313740755157,0.7798669939038873,0.2673532694237519,0.7635980490908127
v2,v2:mean/选中,HCM1,157,0.0499001996007984,0.605564020783449,0.3085381458643155,0.7070186226282502,0.66399519134442,0.4926528726663686,0.7720563878819999
v2,v2:mean/选中,IFH1,212,0.033932135728542916,0.6034593630796662,0.35440022723022974,0.6891127606928243,0.6664892010870429,0.628882918385981,0.7700371220203732
v2,v2:mean/选中,IXR1,71,0.10379241516966067,0.6083582500590133,0.30948694745102057,0.6051628043414491,0.6054835540167501,0.057816266906215524,0.658603155244315
v2,v2:mean/选中,LEU3,249,0.03792415169660679,0.5454929766914548,0.295806273137992,0.6425382767399334,0.6353392492404868,0.4032334933800646,0.6428873388290002
v2,v2:mean/选中,MBP1,49,0.16367265469061876,0.7204474637172613,0.30284427247055984,0.8095396931287525,0.29628105471726873,0.20190559887894166,0.7385046178031047
v2,v2:mean/选中,MCM1,53,0.1936127744510978,0.7156148340923878,0.30067779009173506,0.7552756977535738,0.6889275074478649,0.204474274332834,0.6864085881587508
v2,v2:mean/选中,MET31,160,0.10978043912175649,0.6119043186895011,0.30197641068255393,0.764611931278598,0.6764574705320165,0.5177347607496356,0.8172282204020849
v2,v2:mean/选中,MET32,85,0.19693945442448438,0.6669210984817058,0.2946122486023754,0.8201293904322715,0.7330199764982374,0.7305116118786908,0.8802704720816394
v2,v2:mean/选中,MET4,162,0.12242182302062542,0.6417957853453752,0.350857764431283,0.7502568600426012,0.730462356792144,0.5978633929855108,0.8154868763867024
v2,v2:mean/选中,MGA1,33,0.06453759148369927,0.5976705833848691,0.300079532611325,0.73345379452762,0.6464261631827377,0.5877222547361632,0.79575345289631
v2,v2:mean/选中,MIG1,53,0.1051230871590153,0.6074951203643462,0.3487158316476085,0.6086707410236822,0.6988749962698815,0.11972530190390043,0.7147104749512037
v2,v2:mean/选中,MSA2,151,0.1936127744510978,0.6274981386417963,0.3032176973932148,0.6827445117633173,0.7710734364019677,0.5951056890704991,0.8356984011912693
v2,v2:mean/选中,MSN4,38,0.15036593479707253,0.7046344530267649,0.29021716928591856,0.7375490007068954,0.7307814108146623,0.34651423146345245,0.8334381174779953
v2,v2:mean/选中,NDD1,76,0.08050565535595476,0.6623298786559952,0.3544656400607277,0.6597704500874728,0.618999323867478,0.05688271091443278,0.6967460258916387
v2,v2:mean/选中,NRG1,152,0.09447771124417831,0.5811143792122794,0.30909486917469475,0.6609639389736477,0.65671055217135,0.381119190338631,0.7399051384939032
v2,v2:mean/选中,NRM1,115,0.14038589487691283,0.5608319759428643,0.3031114017132109,0.6211726562357699,0.4724986527752829,0.033384771779607685,0.7153050996115775
v2,v2:mean/选中,PHO4,23,0.034597471723220224,0.61427732079906,0.35338423037920974,0.5914026476275472,0.8158399692986664,0.639015751605816,0.856786133960047
v2,v2:mean/选中,RAP1,465,0.1656686626746507,0.604019309258914,0.2932550570338679,0.6784010901657961,0.6395628144264154,0.47918393080194355,0.6353284853005159
v2,v2:mean/选中,REB1,400,0.17365269461077845,0.4959202175883953,0.34137619123009416,0.5539657551315638,0.6279504595357762,0.1663663684791674,0.5113825929283772
v2,v2:mean/选中,ROX1,70,0.19228210246174318,0.5920446615491974,0.3079651421207208,0.5955555555555555,0.5992495738577308,-0.13406940873472312,0.5362177250523378
v2,v2:mean/选中,RTG1,21,0.13439787092481703,0.8421052631578947,0.298049581798152,0.668751484443037,0.9598065376917946,0.23511532236458804,0.7910320673478568
v2,v2:mean/选中,RTG3,38,0.13639387890884896,0.7539069516795401,0.30917737131754963,0.6406721933037722,0.8108621645158737,0.06556559925453047,0.7756960661038261
v2,v2:mean/选中,SFL1,32,0.11842980705256155,0.7363400747790618,0.3557710647136473,0.46266233766233766,0.840893098782138,0.1930085297084985,0.7142037729435758
v2,v2:mean/选中,SFP1,47,0.09647371922821024,0.6362082066869301,0.31122542010330045,0.7607757826038863,0.5470194239785666,0.34743600823736864,0.7290960369417816
v2,v2:mean/选中,SKO1,70,0.1104457751164338,0.5723357591466454,0.3510132783051104,0.5114123253113363,0.5673899871241385,-0.11333472676267256,0.655642508224504
v2,v2:mean/选中,SOK2,46,0.13639387890884896,0.6959655038644027,0.2994423913161139,0.7496953448696076,0.7625535227715065,0.6191619849993065,0.6723314732475903
v2,v2:mean/选中,STP1,133,0.19693945442448438,0.6674441578398551,0.35554692965292817,0.7404246834812083,0.7778769841269841,0.5273873657558179,0.7997365676966138
v2,v2:mean/选中,SUM1,39,0.2208915502328676,0.7058112652374947,0.31900630984325,,0.7804742231004131,0.3906022767955184,0.37271437578814626
v2,v2:mean/选中,SWI4,383,0.2741184298070526,0.6285527788138754,0.30086956365250783,0.7035920952069004,0.7419619610785049,0.44563228616070655,0.7841745151063036
v2,v2:mean/选中,SWI5,35,0.07850964737192283,0.6605877773452705,0.31076878430434884,0.7728848413631022,0.6870109546165885,0.6140072794350984,0.8212826002335539
v2,v2:mean/选中,SWI6,54,0.29474384564204925,0.6926871661171178,0.30621965063549106,0.5944519621109607,0.36162447948346044,-0.020906252305778996,0.6511067658410653
v2,v2:mean/选中,TYE7,72,0.1051230871590153,0.6315125397934622,0.3012524958319865,0.7221579590000643,0.7401285583103765,0.4812651968605084,0.8166297849211895
v2,v2:mean/选中,USV1,60,0.043912175648702596,0.5472279972279972,0.3090370188804909,0.5977905073649754,0.6686112545172948,0.4823111589004262,0.8264437514437515
v2,v2:mean/选中,VHR1,26,0.07850964737192283,0.6966824644549763,0.3108532138323395,0.5843056272586474,0.8390810531750129,0.43899572726983827,0.774894536742878
v2,v2:mean/选中,WHI5,25,0.17431803060545575,0.666874154262517,0.3013359494215211,0.440794499618029,0.4763935652824542,-0.5513376029448475,0.7882408660351827
v2,v2:mean/选中,YAP1,46,0.16167664670658682,0.6169168332786249,0.30861531312007523,0.5786377008372935,0.6792199058507061,-0.10479830333805476,0.6984796037122138
v2,v2:mean/选中,YKL222C,30,0.01996007984031936,0.6059515727540168,0.3011639135174127,0.43418458781362007,0.8062724014336917,0.49763367041118045,0.8429395790902919
v2,v2:mean/选中,ZAP1,77,0.16101131071190952,0.7166171836578569,0.35339069369382203,0.8224807344861915,0.7918147641831852,0.4357346914234944,0.8611045336150526
v2,v2:knn_bind/选中,ABF1,439,0.2754491017964072,0.5139050644835323,0.3152409415548056,0.5604212739533516,0.6600413323608072,0.2968729288923043,0.5601407419459812
v2,v2:knn_bind/选中,ARO80,66,0.029940119760479042,0.624290925961072,0.3368623743358259,0.5875911271730326,0.7121416733165552,0.2516853935733153,0.6578256468653129
v2,v2:knn_bind/选中,AZF1,23,0.2721224218230206,0.7200352526439483,0.344302875441045,0.741469656349013,0.71959534987704,-0.1376166972296804,0.8157755581668625
v2,v2:knn_bind/选中,CBF1,125,0.38323353293413176,0.5889346879535559,0.3309058169273618,0.5644826009229618,0.7293401742035557,0.14290579028384612,0.7438432510885341
v2,v2:knn_bind/选中,CST6,20,0.3486360612109115,0.6787592717464599,0.29972704633801306,0.7016075016744809,0.6407903549899531,0.21764177242578794,0.8129973027646662
v2,v2:knn_bind/选中,CUP2,31,0.023952095808383235,0.6176586605890603,0.36105609520511217,0.5655755956357159,0.7139648173207036,0.09112816889291613,0.7092062587657784
v2,v2:knn_bind/选中,CYC8,880,0.15302727877578176,0.621968480957245,0.2909778261132392,0.5956534124231304,0.7225877384720304,0.1664456254327275,0.6274642492339122
v2,v2:knn_bind/选中,DIG2,42,0.10844976713240187,0.7040187738339689,0.35042268979575053,0.7721294578437435,0.7195448460508701,0.3620634831442602,0.8149343241745706
v2,v2:knn_bind/选中,ERT1,88,0.047238855622089154,0.6733858014776742,0.31393422249778546,0.7164609053497942,0.6924020388658808,0.28602184242639367,0.7809106970767749
v2,v2:knn_bind/选中,FHL1,72,0.09115103127079174,0.656533892382949,0.3207901649390903,0.703185727938834,0.6894680203995696,0.45004992721688897,0.8333770090845563
v2,v2:knn_bind/选中,FZF1,60,0.17232202262142382,0.6737352737352738,0.2981451034003315,0.5227341162300512,0.6277468563182849,-0.162275347164619,0.7869831369831369
v2,v2:knn_bind/选中,GAL4,27,0.00998003992015968,0.6555003512998093,0.3046026768933506,0.7266376033981667,0.8051971326164875,0.593937334918437,0.8200968583759912
v2,v2:knn_bind/选中,GAL80,120,0.018629407850964737,0.6851289467341528,0.30199760724869673,0.7661508505841361,0.7426178232518688,0.6122022415905612,0.811996866714871
v2,v2:knn_bind/选中,GAT2,284,0.10578842315369262,0.637517475649632,0.2877573595473585,0.7267484297699399,0.710132778559628,0.4835985616448243,0.7661223699869438
v2,v2:knn_bind/选中,GCR2,268,0.05322687957418496,0.6213728926219106,0.30367228515776934,0.7349798481582154,0.6520211499725325,0.5401669265324477,0.7248187201643603
v2,v2:knn_bind/选中,GLN3,52,0.13905522288755823,0.5159041509834067,0.3255161725089248,0.5463215258855586,0.7386984403451825,0.11290772175125968,0.7635980490908127
v2,v2:knn_bind/选中,HCM1,157,0.0499001996007984,0.6012246713546152,0.30558028148159444,0.7000527055516514,0.6544325239977414,0.4874998603866751,0.7720563878819999
v2,v2:knn_bind/选中,IFH1,212,0.033932135728542916,0.5962724522455899,0.3475751516145654,0.6956403911865205,0.675730654927451,0.6597024066708276,0.7700371220203732
v2,v2:knn_bind/选中,IXR1,71,0.10379241516966067,0.6124104964985443,0.2990033051363909,0.6109644405332291,0.6056473120291958,0.06377109929839342,0.658603155244315
v2,v2:knn_bind/选中,LEU3,249,0.03792415169660679,0.5438148126797461,0.2830281358536747,0.6304591415970454,0.6161325758225914,0.35948236728449573,0.6428873388290002
v2,v2:knn_bind/选中,MBP1,49,0.16367265469061876,0.7612497543721752,0.3098855394718234,0.7731821214142762,0.2979271452522481,0.06145549365181593,0.7385046178031047
v2,v2:knn_bind/选中,MCM1,53,0.1936127744510978,0.7193233571893298,0.29642183195033794,0.7566571897649461,0.6960916442048517,0.22151516619755396,0.6864085881587508
v2,v2:knn_bind/选中,MET31,160,0.10978043912175649,0.6252187267311988,0.30444348792445886,0.7623302623302624,0.678177763618987,0.5069099300943533,0.8172282204020849
v2,v2:knn_bind/选中,MET32,85,0.19693945442448438,0.6833070604828674,0.3009760622410844,0.8302142329475498,0.7363983548766158,0.7315506572551325,0.8802704720816394
v2,v2:knn_bind/选中,MET4,162,0.12242182302062542,0.6539803537069259,0.34758481970081573,0.7613895501816815,0.7368774842179098,0.5511413544270888,0.8154868763867024
v2,v2:knn_bind/选中,MGA1,33,0.06453759148369927,0.6041228612657185,0.29468921374159684,0.739855446566856,0.6515171948752528,0.59742530357953,0.79575345289631
v2,v2:knn_bind/选中,MIG1,53,0.1051230871590153,0.6135849056603774,0.33629390735418235,0.6486822001527884,0.6927426815075647,0.05839423883214827,0.7147104749512037
v2,v2:knn_bind/选中,MSA2,151,0.1936127744510978,0.6217769113209766,0.30535150308508124,0.6959438193406248,0.7604532677442024,0.5879838939787405,0.8356984011912693
v2,v2:knn_bind/选中,MSN4,38,0.15036593479707253,0.7054966768456978,0.29536893030735967,0.739733950260266,0.7300688781569156,0.3426816056227659,0.8334381174779953
v2,v2:knn_bind/选中,NDD1,76,0.08050565535595476,0.6619979345701325,0.3457254660431856,0.6651646079626783,0.6213376155059726,0.06596857754023135,0.6967460258916387
v2,v2:knn_bind/选中,NRG1,152,0.09447771124417831,0.5562302777669562,0.28308443673905276,0.6301872399445215,0.6505066951127081,0.2243461833946228,0.7399051384939032
v2,v2:knn_bind/选中,NRM1,115,0.14038589487691283,0.5536023054755044,0.29028290228322207,0.6139141363545291,0.4744386563678822,-0.0037752289433623664,0.7153050996115775
v2,v2:knn_bind/选中,PHO4,23,0.034597471723220224,0.5922737955346651,0.35408428836720135,0.6021121523129556,0.814017077616809,0.6451837242790331,0.856786133960047
v2,v2:knn_bind/选中,RAP1,465,0.1656686626746507,0.600996540079143,0.2745299971585384,0.6473183868141852,0.6133458513427337,0.3891467696848224,0.6353284853005159
v2,v2:knn_bind/选中,REB1,400,0.17365269461077845,0.5006391659111514,0.35331764891833817,0.551124172598027,0.6540507833367858,0.203158433690702,0.5113825929283772
v2,v2:knn_bind/选中,ROX1,70,0.19228210246174318,0.595294586780979,0.3065631643755793,0.6131111111111112,0.6040098948156155,-0.08967880381082399,0.5362177250523378
v2,v2:knn_bind/选中,RTG1,21,0.13439787092481703,0.8346507293875715,0.30570788816143013,0.6680389517852902,0.9536357571714477,0.23388466949996917,0.7910320673478568
v2,v2:knn_bind/选中,RTG3,38,0.13639387890884896,0.7583977007364828,0.29910385248993854,0.6605937921727395,0.816483255482543,0.06723702138581568,0.7756960661038261
v2,v2:knn_bind/选中,SFL1,32,0.11842980705256155,0.7700118966689327,0.35456790955744105,0.4745034377387319,0.8621109607577808,0.3217388218716087,0.7142037729435758
v2,v2:knn_bind/选中,SFP1,47,0.09647371922821024,0.6347030628945523,0.3085939160914298,0.7591165517495667,0.5484259879437374,0.35151160324364145,0.7290960369417816
v2,v2:knn_bind/选中,SKO1,70,0.1104457751164338,0.5778486691257103,0.3648020108164941,0.48170023625515557,0.5825380595319246,-0.10224328119765844,0.655642508224504
v2,v2:knn_bind/选中,SOK2,46,0.13639387890884896,0.7046641401330906,0.2970538499305574,0.7415305873750914,0.7763721292331647,0.7164102193823692,0.6723314732475903
v2,v2:knn_bind/选中,STP1,133,0.19693945442448438,0.6569782119532408,0.3344045905156388,0.7062705612600937,0.762797619047619,0.36647091609533006,0.7997365676966138
v2,v2:knn_bind/选中,SUM1,39,0.2208915502328676,0.707124842370744,0.3156933466919983,,0.7702712412430394,0.38582837780180684,0.37271437578814626
v2,v2:knn_bind/选中,SWI4,383,0.2741184298070526,0.6274547743379336,0.3036667710101972,0.7077883320595407,0.7403909800979657,0.44406356408953324,0.7841745151063036
v2,v2:knn_bind/选中,SWI5,35,0.07850964737192283,0.6555469054106656,0.292414949494976,0.7587837837837837,0.6790185557791192,0.5320795349279908,0.8212826002335539
v2,v2:knn_bind/选中,SWI6,54,0.29474384564204925,0.7037164839097206,0.3107697255436882,0.6190798376184032,0.32075515837739205,0.0022254588202027864,0.6511067658410653
v2,v2:knn_bind/选中,TYE7,72,0.1051230871590153,0.6228647410513238,0.29387805105484127,0.7148319516740569,0.7253416518122401,0.44415457340710573,0.8166297849211895
v2,v2:knn_bind/选中,USV1,60,0.043912175648702596,0.5401131901131901,0.2938437849410034,0.5924421323357494,0.6674238513164688,0.461188256037377,0.8264437514437515
v2,v2:knn_bind/选中,VHR1,26,0.07850964737192283,0.6960574970053643,0.30104988637912594,0.57212183789365,0.8300980898296334,0.33085590532722015,0.774894536742878
v2,v2:knn_bind/选中,WHI5,25,0.17431803060545575,0.665575101488498,0.2991261181353508,0.4257066462948816,0.5007108118219229,-0.5475156110966098,0.7882408660351827
v2,v2:knn_bind/选中,YAP1,46,0.16167664670658682,0.617573334129092,0.306025864903342,0.5749264539488572,0.6784633490248824,-0.06448023071854274,0.6984796037122138
v2,v2:knn_bind/选中,YKL222C,30,0.01996007984031936,0.5727540167458701,0.3049718169341084,0.3953853046594982,0.7988351254480287,0.39049663608078977,0.8429395790902919
v2,v2:knn_bind/选中,ZAP1,77,0.16101131071190952,0.7101509990710552,0.3357978094215643,0.790144168725342,0.7832535885167464,0.41005017551412265,0.8611045336150526
v2,v2:knn_emb/选中,ABF1,439,0.2754491017964072,0.5173454707383492,0.2912522167353039,0.5456352880938634,0.5933680348341179,0.21342829530860036,0.5601407419459812
v2,v2:knn_emb/选中,ARO80,66,0.029940119760479042,0.6295417641972966,0.33928794733324613,0.5920618107047168,0.7080289730526057,0.17968204292416404,0.6578256468653129
v2,v2:knn_emb/选中,AZF1,23,0.2721224218230206,0.7216216216216216,0.3566331088519679,0.7660857908847185,0.7555890900961324,0.001413174253073921,0.8157755581668625
v2,v2:knn_emb/选中,CBF1,125,0.38323353293413176,0.5896835994194485,0.33843448868494025,0.5948426391718289,0.7000715905023267,0.1315211759960134,0.7438432510885341
v2,v2:knn_emb/选中,CST6,20,0.3486360612109115,0.6982467970330412,0.2783705305018035,0.7337575351640991,0.6464166108506363,0.38152384494042213,0.8129973027646662
v2,v2:knn_emb/选中,CUP2,31,0.023952095808383235,0.6659580995792427,0.33484734369798197,0.616789133823202,0.7184844384303112,-0.03863729322976595,0.7092062587657784
v2,v2:knn_emb/选中,CYC8,880,0.15302727877578176,0.6255836859769444,0.3166925459368244,0.6301609443857974,0.7413376291814573,0.29971874433816786,0.6274642492339122
v2,v2:knn_emb/选中,DIG2,42,0.10844976713240187,0.6828656171571983,0.3375199171206552,0.7192743764172336,0.7219247359809609,0.25074146631178756,0.8149343241745706
v2,v2:knn_emb/选中,ERT1,88,0.047238855622089154,0.6798345647285576,0.303305257499433,0.7221612559061119,0.6895508123606244,0.28688490699808206,0.7809106970767749
v2,v2:knn_emb/选中,FHL1,72,0.09115103127079174,0.6683360509356316,0.31514071889002593,0.7201497292131251,0.684648856033313,0.42964963632868114,0.8333770090845563
v2,v2:knn_emb/选中,FZF1,60,0.17232202262142382,0.6486255486255487,0.30357390574134496,0.42208672086720866,0.6105957534528963,-0.18982693812816734,0.7869831369831369
v2,v2:knn_emb/选中,GAL4,27,0.00998003992015968,0.6690253939576433,0.28075345392265755,0.7270288397048961,0.7942204301075269,0.5825256894392622,0.8200968583759912
v2,v2:knn_emb/选中,GAL80,120,0.018629407850964737,0.6786755844781875,0.28465066500564207,0.7616519778643165,0.7392779515453534,0.5958579984542373,0.811996866714871
v2,v2:knn_emb/选中,GAT2,284,0.10578842315369262,0.649195831263215,0.31364305262292186,0.7423606167377063,0.7152848314262987,0.5418947737711807,0.7661223699869438
v2,v2:knn_emb/选中,GCR2,268,0.05322687957418496,0.6200314218381775,0.2939506281798266,0.7362347819747763,0.6556548709027651,0.5272688518812132,0.7248187201643603
v2,v2:knn_emb/选中,GLN3,52,0.13905522288755823,0.5313046705190054,0.3377487983979836,0.587699493966524,0.7301876335998734,0.15048034651467926,0.7635980490908127
v2,v2:knn_emb/选中,HCM1,157,0.0499001996007984,0.5952101532258828,0.2905947955898757,0.6882993675333802,0.6589315313017978,0.47163557519178895,0.7720563878819999
v2,v2:knn_emb/选中,IFH1,212,0.033932135728542916,0.6138871432120778,0.3640107853203384,0.7056674914575233,0.6896206474580042,0.6684409742789419,0.7700371220203732
v2,v2:knn_emb/选中,IXR1,71,0.10379241516966067,0.5982473050594067,0.32200891360906675,0.5851667155568593,0.6019276657465026,0.05042733771331177,0.658603155244315
v2,v2:knn_emb/选中,LEU3,249,0.03792415169660679,0.5450702330854519,0.2956014054588967,0.6405168704507154,0.631597466572836,0.3927619723596192,0.6428873388290002
v2,v2:knn_emb/选中,MBP1,49,0.16367265469061876,0.6879824832271285,0.2817967314964649,0.8133755837224816,0.28989483310470965,0.16669402479710194,0.7385046178031047
v2,v2:knn_emb/选中,MCM1,53,0.1936127744510978,0.7220559531554978,0.2817847987350078,0.7770992672085852,0.6744219038161441,0.18539034033601162,0.6864085881587508
v2,v2:knn_emb/选中,MET31,160,0.10978043912175649,0.6312593075204765,0.3001954068122358,0.771370604703938,0.6814749920356802,0.520298072796077,0.8172282204020849
v2,v2:knn_emb/选中,MET32,85,0.19693945442448438,0.6590641334107691,0.2909766606089095,0.8122607508226813,0.7347532314923619,0.7383123288299079,0.8802704720816394
v2,v2:knn_emb/选中,MET4,162,0.12242182302062542,0.6324697802450723,0.3331333751868153,0.7150419746898885,0.6889466916062661,0.3782424989873379,0.8154868763867024
v2,v2:knn_emb/选中,MGA1,33,0.06453759148369927,0.5901875901875901,0.3045368364908886,0.7317501290655654,0.6346257585974376,0.5607717701188099,0.79575345289631
v2,v2:knn_emb/选中,MIG1,53,0.1051230871590153,0.5963044892648015,0.334468807830095,0.6328304048892284,0.678448867536033,0.049284138585464037,0.7147104749512037
v2,v2:knn_emb/选中,MSA2,151,0.1936127744510978,0.6319751949527803,0.279852075492329,0.6742465968998348,0.7698612087139846,0.5850636331908402,0.8356984011912693
v2,v2:knn_emb/选中,MSN4,38,0.15036593479707253,0.6924375785881085,0.27107967804538946,0.7204549836128783,0.7314939434724091,0.2932306587247662,0.8334381174779953
v2,v2:knn_emb/选中,NDD1,76,0.08050565535595476,0.6671799505772139,0.35042497866229516,0.6650453268303027,0.6229152580572459,0.05693325636883064,0.6967460258916387
v2,v2:knn_emb/选中,NRG1,152,0.09447771124417831,0.5886964821379874,0.3165984022440492,0.6673578363384188,0.6545349914381158,0.3860543143549694,0.7399051384939032
v2,v2:knn_emb/选中,NRM1,115,0.14038589487691283,0.5583448189449943,0.29548420164997163,0.6250523669878508,0.476719956888809,0.06497632953197344,0.7153050996115775
v2,v2:knn_emb/选中,PHO4,23,0.034597471723220224,0.6284958871915394,0.3538071706165378,0.5898408448609251,0.8312865777607215,0.6313261401687554,0.856786133960047
v2,v2:knn_emb/选中,RAP1,465,0.1656686626746507,0.6069447034205565,0.30005762191891094,0.6877843029103533,0.6624211719691065,0.5209405268540961,0.6353284853005159
v2,v2:knn_emb/选中,REB1,400,0.17365269461077845,0.500806890299184,0.3566800010418977,0.5464743102704214,0.6448437142265299,0.21401292415055626,0.5113825929283772
v2,v2:knn_emb/选中,ROX1,70,0.19228210246174318,0.5945269664041472,0.29777335198570615,0.638,0.5957780734211948,-0.11214016710472051,0.5362177250523378
v2,v2:knn_emb/选中,RTG1,21,0.13439787092481703,0.8449971081550028,0.2832982216554989,0.7152244477871903,0.960140093395597,0.2492751660275391,0.7910320673478568
v2,v2:knn_emb/选中,RTG3,38,0.13639387890884896,0.7492186096640919,0.30329411171679826,0.6211040421566737,0.8074974269654026,0.0700242127069665,0.7756960661038261
v2,v2:knn_emb/选中,SFL1,32,0.11842980705256155,0.7375509857239972,0.3544714437802825,0.45903361344537813,0.8442219215155615,0.21505670534480614,0.7142037729435758
v2,v2:knn_emb/选中,SFP1,47,0.09647371922821024,0.6219020341360767,0.29508009383193673,0.7582131927288817,0.5452779638312123,0.37294086041372476,0.7290960369417816
v2,v2:knn_emb/选中,SKO1,70,0.1104457751164338,0.5726647393081448,0.33065227790762586,0.5518560044848436,0.5528478376126638,-0.105724398598854,0.655642508224504
v2,v2:knn_emb/选中,SOK2,46,0.13639387890884896,0.7054101638268031,0.28138861554582884,0.7442115525225445,0.7652588555858311,0.5788178222963118,0.6723314732475903
v2,v2:knn_emb/选中,STP1,133,0.19693945442448438,0.675083694638055,0.3624741277903202,0.7393579902302861,0.7878858024691358,0.5657657587708517,0.7997365676966138
v2,v2:knn_emb/选中,SUM1,39,0.2208915502328676,0.7024835364999299,0.31551638343215727,,0.7721393928507275,0.38985144128404237,0.37271437578814626
v2,v2:knn_emb/选中,SWI4,383,0.2741184298070526,0.6109870384185005,0.27505938293080145,0.6642573788987153,0.7307576894223556,0.37825485707607265,0.7841745151063036
v2,v2:knn_emb/选中,SWI5,35,0.07850964737192283,0.6485208252238225,0.29967991431697305,0.772855464159812,0.6890230270511961,0.6286605734642076,0.8212826002335539
v2,v2:knn_emb/选中,SWI6,54,0.29474384564204925,0.7043938348286174,0.3126790942088401,0.6055209742895805,0.3449679502175642,0.0011755514915602803,0.6511067658410653
v2,v2:knn_emb/选中,TYE7,72,0.1051230871590153,0.6269508502212905,0.3040152141368019,0.7229612492770388,0.7367390482363745,0.4787128365777299,0.8166297849211895
v2,v2:knn_emb/选中,USV1,60,0.043912175648702596,0.5463501963501963,0.3127998225241768,0.5944295066635492,0.6740320082601962,0.4894873938356938,0.8264437514437515
v2,v2:knn_emb/选中,VHR1,26,0.07850964737192283,0.6942867558981303,0.3191618963248777,0.5817243159525038,0.8461538461538461,0.4804116592431925,0.774894536742878
v2,v2:knn_emb/选中,WHI5,25,0.17431803060545575,0.6770771312584574,0.29384978896665087,0.4787051184110008,0.4843621399176955,-0.5518876974022199,0.7882408660351827
v2,v2:knn_emb/选中,YAP1,46,0.16167664670658682,0.6208259974336785,0.31150236002006054,0.5762615976465264,0.6964525891055817,-0.08320360842579416,0.6984796037122138
v2,v2:knn_emb/选中,YKL222C,30,0.01996007984031936,0.6176963113826658,0.290287734338936,0.4204301075268817,0.8081541218637993,0.45547235388656604,0.8429395790902919
v2,v2:knn_emb/选中,ZAP1,77,0.16101131071190952,0.6971730933862771,0.3313629879973204,0.817171195752369,0.7437628161312372,0.3985868732036043,0.8611045336150526
v2,标准模型 seed42,ABF1,439,0.2754491017964072,0.7309289739154263,-0.05249077362935643,0.8219308661880536,0.7161494595849082,0.5999068313574285,0.5601407419459812
v2,标准模型 seed42,ARO80,66,0.029940119760479042,0.6642732122899138,0.26187723329916845,0.5811421272353418,0.8252716223681787,-0.01062395614270634,0.6578256468653129
v2,标准模型 seed42,AZF1,23,0.2721224218230206,0.7639247943595769,0.37151209822205383,0.7537167925907873,0.8135479543930249,0.04676918372311256,0.8157755581668625
v2,标准模型 seed42,CBF1,125,0.38323353293413176,0.6600174165457184,0.3346567278958775,0.711023572943084,0.812253907648252,0.5840365670129368,0.7438432510885341
v2,标准模型 seed42,CST6,20,0.3486360612109115,0.736446392447741,0.27935051513227,0.7585398526456798,0.7161419959812458,0.11569648915219242,0.8129973027646662
v2,标准模型 seed42,CUP2,31,0.023952095808383235,0.723812237026648,0.31817634926886734,0.6278111779113783,0.7631935047361299,0.07630474262716616,0.7092062587657784
v2,标准模型 seed42,CYC8,880,0.15302727877578176,0.6711805048883701,0.2076039483369735,0.7728577053905059,0.7996813086890378,0.6201868356200939,0.6274642492339122
v2,标准模型 seed42,DIG2,42,0.10844976713240187,0.7230696522277631,0.36741117349475416,0.7869717584003298,0.6305220883534136,0.4434764416646892,0.8149343241745706
v2,标准模型 seed42,ERT1,88,0.047238855622089154,0.7215306778027626,0.28143308081715207,0.7308032312147539,0.7719018795794839,0.5414476308396345,0.7809106970767749
v2,标准模型 seed42,FHL1,72,0.09115103127079174,0.7009569842379066,0.28324096807445015,0.7380694488690666,0.7447480466008516,0.5691193740311675,0.8333770090845563
v2,标准模型 seed42,FZF1,60,0.17232202262142382,0.6952529452529452,0.27607002669268194,0.7530362340660444,0.727788084930942,0.41478453582710095,0.7869831369831369
v2,标准模型 seed42,GAL4,27,0.00998003992015968,0.693214895111914,0.30074382193059473,0.6864520456069751,0.7956541218637992,0.38489293246683476,0.8200968583759912
v2,标准模型 seed42,GAL80,120,0.018629407850964737,0.7483068209207038,0.2944473900279631,0.8029719204755073,0.7580978635423845,0.6451679688822903,0.811996866714871
v2,标准模型 seed42,GAT2,284,0.10578842315369262,0.6425059792718576,0.27016875950590313,0.7537780140757495,0.7087805176528177,0.6008511434621383,0.7661223699869438
v2,标准模型 seed42,GCR2,268,0.05322687957418496,0.6557677201039338,0.2659303857047236,0.7839430957811312,0.7182979307819081,0.604692318095388,0.7248187201643603
v2,标准模型 seed42,GLN3,52,0.13905522288755823,0.6064782908339077,0.3635770944005243,0.6506617360840794,0.7928509223339403,0.2231236896856288,0.7635980490908127
v2,标准模型 seed42,HCM1,157,0.0499001996007984,0.638187221396731,0.3270754918084692,0.7512737174982431,0.695843427259977,0.5829188697729116,0.7720563878819999
v2,标准模型 seed42,IFH1,212,0.033932135728542916,0.6448306855881795,0.31322424759029494,0.7223105926711441,0.6841218632296616,0.7695339652082664,0.7700371220203732
v2,标准模型 seed42,IXR1,71,0.10379241516966067,0.5642163034070344,0.3326270777063745,0.6188520582771097,0.6000327516024891,0.32800324550662663,0.658603155244315
v2,标准模型 seed42,LEU3,249,0.03792415169660679,0.5848497658897152,0.11538548246564913,0.6769335580336333,0.6036799917612125,0.38769789090239015,0.6428873388290002
v2,标准模型 seed42,MBP1,49,0.16367265469061876,0.8540268927378379,0.2382747819778908,0.8027018012008005,0.8698216735253772,0.42533088729258084,0.7385046178031047
v2,标准模型 seed42,MCM1,53,0.1936127744510978,0.7077944046844502,0.3163476194101485,0.7636247146918672,0.6907717406724359,0.2818969211954174,0.6864085881587508
v2,标准模型 seed42,MET31,160,0.10978043912175649,0.742982129560685,0.28011864476327186,0.8109914776581443,0.7270627588403951,0.5953957965588432,0.8172282204020849
v2,标准模型 seed42,MET32,85,0.19693945442448438,0.7250642993445615,0.310966118917861,0.8471491571713192,0.7581081081081081,0.7427284096771591,0.8802704720816394
v2,标准模型 seed42,MET4,162,0.12242182302062542,0.7132690731994734,0.3335689230101065,0.804103495802531,0.7889583820434884,0.6942560031477607,0.8154868763867024
v2,标准模型 seed42,MGA1,33,0.06453759148369927,0.6054627911770769,0.35718670292514954,0.7021166752710377,0.678894133513149,0.6198442269103844,0.79575345289631
v2,标准模型 seed42,MIG1,53,0.1051230871590153,0.793597918022121,0.2156418978810812,0.7490450725744844,0.8047954403031841,0.4376001999958898,0.7147104749512037
v2,标准模型 seed42,MSA2,151,0.1936127744510978,0.663838708413339,0.3320057900761786,0.7733004170273035,0.8059732958538299,0.7225732750736689,0.8356984011912693
v2,标准模型 seed42,MSN4,38,0.15036593479707253,0.7425363750673613,0.30220971717805833,0.7876743139901035,0.7236164990895416,0.49251386570209843,0.8334381174779953
v2,标准模型 seed42,NDD1,76,0.08050565535595476,0.7343433039501346,0.35208924632740407,0.7637305836823411,0.663708586883029,0.3793451001413006,0.6967460258916387
v2,标准模型 seed42,NRG1,152,0.09447771124417831,0.6496600958354435,0.25283274211891504,0.7266990291262136,0.695196923336047,0.4914227137295422,0.7399051384939032
v2,标准模型 seed42,NRM1,115,0.14038589487691283,0.6424445558200726,0.1259722111723979,0.7273638002950766,0.56567271420873,0.35241016010345333,0.7153050996115775
v2,标准模型 seed42,PHO4,23,0.034597471723220224,0.6701821386603996,0.3898717635410268,0.6672616391491893,0.8217883526815696,0.6474589977985921,0.856786133960047
v2,标准模型 seed42,RAP1,465,0.1656686626746507,0.6530134460397373,0.23989666553085526,0.7294863891502547,0.6889534471763622,0.6132604215692149,0.6353284853005159
v2,标准模型 seed42,REB1,400,0.17365269461077845,0.7206935630099728,-0.022782223293805488,0.790227387385197,0.6833346052789376,0.4389935888577234,0.5113825929283772
v2,标准模型 seed42,ROX1,70,0.19228210246174318,0.8503339647094008,0.2541889254351415,0.6862222222222222,0.8604332099945953,0.0728792140688365,0.5362177250523378
v2,标准模型 seed42,RTG1,21,0.13439787092481703,0.8451256345993188,0.3036880324969102,0.8343757422215184,0.9131087391594396,0.227382652712295,0.7910320673478568
v2,标准模型 seed42,RTG3,38,0.13639387890884896,0.8069516795401473,0.28178884413980715,0.8203842940685045,0.7998970786161033,0.40318346295432794,0.7756960661038261
v2,标准模型 seed42,SFL1,32,0.11842980705256155,0.8319807953772943,0.3881411707250822,0.6114400305576776,0.8953991880920162,0.5927391752867187,0.7142037729435758
v2,标准模型 seed42,SFP1,47,0.09647371922821024,0.6806903203179799,0.2644976344156432,0.7952693484753512,0.662826523777629,0.5951786939701985,0.7290960369417816
v2,标准模型 seed42,SKO1,70,0.1104457751164338,0.6470242249028013,0.27330168317452064,0.6629559924718696,0.6342497917140044,0.09531782949413832,0.655642508224504
v2,标准模型 seed42,SOK2,46,0.13639387890884896,0.7503058697144221,0.2857909984264237,0.7403728978796003,0.7897820163487739,0.6820288798941437,0.6723314732475903
v2,标准模型 seed42,STP1,133,0.19693945442448438,0.7354042039405082,0.3904877034430312,0.7890539328082943,0.8135692239858906,0.629469865043624,0.7997365676966138
v2,标准模型 seed42,SUM1,39,0.2208915502328676,0.8453656998738966,0.16698012374706087,,0.8662295670917909,0.391535163258543,0.37271437578814626
v2,标准模型 seed42,SWI4,383,0.2741184298070526,0.6708830660201417,0.2935013602668396,0.7788404847690796,0.7678787343894797,0.5770560654244308,0.7841745151063036
v2,标准模型 seed42,SWI5,35,0.07850964737192283,0.6743090696769171,0.31824448614789463,0.7852526439482961,0.6837133914598703,0.576059994363744,0.8212826002335539
v2,标准模型 seed42,SWI6,54,0.29474384564204925,0.7403956751782839,0.22974122220516663,0.6013531799729364,0.8750760305057783,0.2145011179130456,0.6511067658410653
v2,标准模型 seed42,TYE7,72,0.1051230871590153,0.6532436524574889,0.33252339997836233,0.6998264893001735,0.7564684275914223,0.45343195780685797,0.8166297849211895
v2,标准模型 seed42,USV1,60,0.043912175648702596,0.5465465465465466,0.2623062963105439,0.5627191956979191,0.7152813629323697,0.40679472212020135,0.8264437514437515
v2,标准模型 seed42,VHR1,26,0.07850964737192283,0.6721524920577053,0.3241069953729817,0.5172431595250387,0.8530717604543108,0.3704169717049996,0.774894536742878
v2,标准模型 seed42,WHI5,25,0.17431803060545575,0.7591610284167795,0.3472299559108898,0.6907944996180291,0.8202768424990647,0.3090612938007797,0.7882408660351827
v2,标准模型 seed42,YAP1,46,0.16167664670658682,0.6759720688729074,0.35211414671773145,0.6333559628875312,0.7700907868190988,0.043696906553639406,0.6984796037122138
v2,标准模型 seed42,YKL222C,30,0.01996007984031936,0.6226295541977823,0.2921495372688108,0.4969534050179211,0.7805555555555556,0.4562390252949139,0.8429395790902919
v2,标准模型 seed42,ZAP1,77,0.16101131071190952,0.7064078978524981,0.39626310521980795,0.7980531691309317,0.7643540669856459,0.47011833156351684,0.8611045336150526
