scope,bin,n,rate_sig,rate_dn,rate_up,tf_adj_ratio,ratio::数据(标签),ratio::v3_ce_marker_dense[ens_ph],ratio::v5_abl_no_position[ens_ph],ratio::v5_abl_shuffle_position[ens_ph],ratio::v6_abl_shift_position[ens_ph]
all_splits,"[0,100)",14160,0.04915254237288136,0.026836158192090395,0.02231638418079096,1.4117865242773964,,,,,
all_splits,"[100,200)",16811,0.06638510499077985,0.040092796383320445,0.026292308607459403,1.8625234400469917,,,,,
all_splits,"[200,300)",15935,0.07762786319422654,0.0453718230310637,0.03225604016316285,1.755943046257341,,,,,
all_splits,"[300,500)",20017,0.08218014687515612,0.0405655193085877,0.04161462756656842,1.707855591898402,,,,,
all_splits,"[500,1000)",6964,0.07754164273406089,0.035611717403790925,0.04192992533026996,1.6015491370841952,,,,,
all_splits,≥1000,198,0.12121212121212122,0.05555555555555555,0.06565656565656566,2.172788411795137,,,,,
all_splits,D_not_in_Lg,511815,0.033816906499418736,0.018682531774176215,0.01513437472524252,0.8895083301529558,,,,,
test,"[0,100)",2455,,,,,1.412754590984975,1.4758775121516678,1.4019558960275367,1.4410768171427353,1.493881283088295
test,"[100,200)",3125,,,,,1.858154892019639,1.747770543496584,1.5544545693695333,1.6675657297884863,1.6565090933961777
test,"[200,300)",2817,,,,,1.6100780543756135,1.7610777383172704,1.5901046675049226,1.7090817008708552,1.685561483854108
test,"[300,500)",3840,,,,,1.7270818568977964,1.4748598360267875,1.5362625650238928,1.5556688314765816,1.5939584678257466
test,"[500,1000)",1758,,,,,1.3128064382406335,1.4156841424023643,1.4888167152809986,1.5013304473145652,1.5260567841087536
test,≥1000,41,,,,,2.1992337164750957,1.401056697743216,1.6586041500511084,1.7932225414393221,1.5707952103387852
