run,probe,value,stratum,metric,value_ens,delta,ci_lo,ci_hi,delta_seed_mean,n_seed_worse
v3_ce_marker_dense,offset,-400.0,全部,A_r,0.4864530232185423,-0.07958565387171673,-0.10424204041423764,-0.056698622001854854,-0.07488407299272534,5.0
v3_ce_marker_dense,offset,-400.0,全部,B_r,0.5652273175818064,-0.057690956719505415,-0.07677534715874258,-0.042808095355883334,-0.06153078447221385,5.0
v3_ce_marker_dense,offset,-400.0,全部,B_sign,0.7251006036217303,-0.042505030181086534,-0.06642714256959137,-0.025025226174620396,-0.04994969818913477,5.0
v3_ce_marker_dense,offset,-400.0,全部,B_r|TF,0.5196520274280455,-0.056588901522042656,-0.07823121362126478,-0.04161795635361959,-0.06053181754862598,5.0
v3_ce_marker_dense,offset,-400.0,全部,C_AUCdn,0.8938152681475497,-0.015855714200625703,-0.02313851290162228,-0.01027671770191635,-0.022710319385627266,5.0
v3_ce_marker_dense,offset,-400.0,全部,C_APdn,0.3240171929547528,-0.06269466435074883,-0.08450524918407264,-0.04548591209630231,-0.05974605229328815,5.0
v3_ce_marker_dense,offset,-400.0,全部,C_AUCup,0.8850876614492343,-0.005423927377093074,-0.012014919587721478,0.002316666074947006,-0.0027406895851031397,4.0
v3_ce_marker_dense,offset,-400.0,全部,C_APup,0.22990695710139428,-0.029799602215057536,-0.04245106867358827,-0.01655524266040651,-0.02577739581025306,5.0
v3_ce_marker_dense,offset,-400.0,全部,C_AUCany,0.8962702384164976,-0.0034996425371189854,-0.006997721460579242,-0.0009160443989072954,-0.00472904466016606,5.0
v3_ce_marker_dense,offset,-400.0,D∈L_g,B_r,0.6027034683381987,-0.042978626583249024,,,,
v3_ce_marker_dense,offset,-400.0,D∈L_g,B_sign,0.7888198757763976,-0.024844720496894346,,,,
v3_ce_marker_dense,offset,-400.0,D∈L_g,B_r|TF,0.4352600468735122,-0.05027153958566616,,,,
v3_ce_marker_dense,offset,-400.0,D∈L_g,C_AUCdn,0.9046441744055852,-0.012626100463237422,,,,
v3_ce_marker_dense,offset,-400.0,D∈L_g,C_APdn,0.4948512983872651,-0.05551033226800056,,,,
v3_ce_marker_dense,offset,-400.0,D∈L_g,C_AUCup,0.8801945890380244,-0.010074406763874943,,,,
v3_ce_marker_dense,offset,-400.0,D∈L_g,C_APup,0.2732323094463625,-0.042653196736350596,,,,
v3_ce_marker_dense,offset,-400.0,D∈L_g,C_AUCany,0.9016414243419333,-0.007868128456265944,,,,
v3_ce_marker_dense,offset,-400.0,D∉L_g,B_r,0.5404134564401192,-0.06761164054106206,,,,
v3_ce_marker_dense,offset,-400.0,D∉L_g,B_sign,0.7046511627906977,-0.04817275747508298,,,,
v3_ce_marker_dense,offset,-400.0,D∉L_g,B_r|TF,0.5231806883236694,-0.06458407671028321,,,,
v3_ce_marker_dense,offset,-400.0,D∉L_g,C_AUCdn,0.8879934749010793,-0.017153539810598528,,,,
v3_ce_marker_dense,offset,-400.0,D∉L_g,C_APdn,0.255828202143357,-0.06668356425395816,,,,
v3_ce_marker_dense,offset,-400.0,D∉L_g,C_AUCup,0.8839886975758003,-0.003918105339049349,,,,
v3_ce_marker_dense,offset,-400.0,D∉L_g,C_APup,0.2212728540368272,-0.02239705136592618,,,,
v3_ce_marker_dense,offset,-400.0,D∉L_g,C_AUCany,0.8916438395633903,-0.00255985573841222,,,,
v3_ce_marker_dense,offset,-200.0,全部,A_r,0.5002940198368179,-0.06574465725344114,-0.0874913450502278,-0.04179448199388166,-0.06362202952093923,5.0
v3_ce_marker_dense,offset,-200.0,全部,B_r,0.5857661384129134,-0.037152135888398496,-0.05243818446291175,-0.02345536996314277,-0.04060426739487646,5.0
v3_ce_marker_dense,offset,-200.0,全部,B_sign,0.7346579476861167,-0.03294768611670018,-0.0530614689895731,-0.015614303953778627,-0.037525150905432555,5.0
v3_ce_marker_dense,offset,-200.0,全部,B_r|TF,0.5384031461973181,-0.037837782752770055,-0.055693698617018374,-0.024241957184448205,-0.04100343122554599,5.0
v3_ce_marker_dense,offset,-200.0,全部,C_AUCdn,0.8943914570279262,-0.015279525320249232,-0.022276837086761172,-0.009722533071737875,-0.01964769591087858,5.0
v3_ce_marker_dense,offset,-200.0,全部,C_APdn,0.33125334499473086,-0.05545851231077076,-0.07236289550836038,-0.04172723197917051,-0.05416032075818329,5.0
v3_ce_marker_dense,offset,-200.0,全部,C_AUCup,0.8888345266885376,-0.001677062137789842,-0.007231893986302876,0.004954075501783754,0.0008328536809046438,2.0
v3_ce_marker_dense,offset,-200.0,全部,C_APup,0.24267546227423842,-0.017031097042213394,-0.028184887305837954,-0.005086101619559969,-0.013577912916340895,5.0
v3_ce_marker_dense,offset,-200.0,全部,C_AUCany,0.894789302012023,-0.004980578941593539,-0.007796238133814149,-0.0020337010840663543,-0.005505559558942141,5.0
v3_ce_marker_dense,offset,-200.0,D∈L_g,B_r,0.614610212906317,-0.03107188201513067,,,,
v3_ce_marker_dense,offset,-200.0,D∈L_g,B_sign,0.782608695652174,-0.03105590062111796,,,,
v3_ce_marker_dense,offset,-200.0,D∈L_g,B_r|TF,0.44703152443867566,-0.03850006202050271,,,,
v3_ce_marker_dense,offset,-200.0,D∈L_g,C_AUCdn,0.9040183373948935,-0.013251937473929165,,,,
v3_ce_marker_dense,offset,-200.0,D∈L_g,C_APdn,0.4894630465368529,-0.06089858411841276,,,,
v3_ce_marker_dense,offset,-200.0,D∈L_g,C_AUCup,0.8825840913716441,-0.007684904430255268,,,,
v3_ce_marker_dense,offset,-200.0,D∈L_g,C_APup,0.2788242168073393,-0.037061289375373785,,,,
v3_ce_marker_dense,offset,-200.0,D∈L_g,C_AUCany,0.9006683236149987,-0.008841229183200516,,,,
v3_ce_marker_dense,offset,-200.0,D∉L_g,B_r,0.5660097928914608,-0.04201530408972043,,,,
v3_ce_marker_dense,offset,-200.0,D∉L_g,B_sign,0.7192691029900332,-0.033554817275747495,,,,
v3_ce_marker_dense,offset,-200.0,D∉L_g,B_r|TF,0.5465421886814853,-0.04122257635246729,,,,
v3_ce_marker_dense,offset,-200.0,D∉L_g,C_AUCdn,0.8887407228663404,-0.016406291845337373,,,,
v3_ce_marker_dense,offset,-200.0,D∉L_g,C_APdn,0.27077833277059365,-0.0517334336267215,,,,
v3_ce_marker_dense,offset,-200.0,D∉L_g,C_AUCup,0.8875934933137819,-0.0003133096010677905,,,,
v3_ce_marker_dense,offset,-200.0,D∉L_g,C_APup,0.23388226391726238,-0.009787641485490994,,,,
v3_ce_marker_dense,offset,-200.0,D∉L_g,C_AUCany,0.8899008762922656,-0.004302819009536996,,,,
v3_ce_marker_dense,offset,-100.0,全部,A_r,0.5372232714682856,-0.028815405621973378,-0.04677959891103111,-0.012405741980706663,-0.029926421111612957,5.0
v3_ce_marker_dense,offset,-100.0,全部,B_r,0.6157334300737347,-0.007184844227577147,-0.019931972611495347,0.0032304999642491735,-0.009695238079313117,4.0
v3_ce_marker_dense,offset,-100.0,全部,B_sign,0.7552816901408451,-0.012323943661971759,-0.0252454876380453,0.0007822679140662318,-0.017907444668008022,5.0
v3_ce_marker_dense,offset,-100.0,全部,B_r|TF,0.567638498369694,-0.008602430580394116,-0.02401200310366441,0.002775706669805396,-0.011046896022529151,5.0
v3_ce_marker_dense,offset,-100.0,全部,C_AUCdn,0.9014639705520515,-0.00820701179612393,-0.0130235115645534,-0.004237873377766354,-0.010544545591799737,5.0
v3_ce_marker_dense,offset,-100.0,全部,C_APdn,0.3614399306561906,-0.025271926649310994,-0.038201050544002225,-0.017166480197211717,-0.025725232339565973,5.0
v3_ce_marker_dense,offset,-100.0,全部,C_AUCup,0.8887211843569786,-0.0017904044693488608,-0.005545689045041724,0.002258429828607247,-0.0006053883904529878,4.0
v3_ce_marker_dense,offset,-100.0,全部,C_APup,0.2536465734875482,-0.006059985828903602,-0.014311953711462384,0.002531119759786389,-0.005063548658263267,4.0
v3_ce_marker_dense,offset,-100.0,全部,C_AUCany,0.8975828868857129,-0.0021869940679036803,-0.004900317995671094,0.0005729908071000408,-0.0026570532257658153,5.0
v3_ce_marker_dense,offset,-100.0,D∈L_g,B_r,0.6354046429645012,-0.010277451956946515,,,,
v3_ce_marker_dense,offset,-100.0,D∈L_g,B_sign,0.7960662525879917,-0.017598343685300222,,,,
v3_ce_marker_dense,offset,-100.0,D∈L_g,B_r|TF,0.4697110575071258,-0.015820528952052604,,,,
v3_ce_marker_dense,offset,-100.0,D∈L_g,C_AUCdn,0.9084643735318009,-0.008805901337021749,,,,
v3_ce_marker_dense,offset,-100.0,D∈L_g,C_APdn,0.5260146974850021,-0.024346933170263596,,,,
v3_ce_marker_dense,offset,-100.0,D∈L_g,C_AUCup,0.8873646483357652,-0.002904347466134105,,,,
v3_ce_marker_dense,offset,-100.0,D∈L_g,C_APup,0.2957402325902036,-0.020145273592509505,,,,
v3_ce_marker_dense,offset,-100.0,D∈L_g,C_AUCany,0.9056961163095357,-0.003813436488663502,,,,
v3_ce_marker_dense,offset,-100.0,D∉L_g,B_r,0.602693487833854,-0.005331609147327221,,,,
v3_ce_marker_dense,offset,-100.0,D∉L_g,B_sign,0.7421926910299004,-0.010631229235880335,,,,
v3_ce_marker_dense,offset,-100.0,D∉L_g,B_r|TF,0.5830423897182281,-0.004722375315724503,,,,
v3_ce_marker_dense,offset,-100.0,D∉L_g,C_AUCdn,0.8968969790727775,-0.008250035638900255,,,,
v3_ce_marker_dense,offset,-100.0,D∉L_g,C_APdn,0.29697258916170166,-0.025539177235613497,,,,
v3_ce_marker_dense,offset,-100.0,D∉L_g,C_AUCup,0.886112061611719,-0.0017947413031307313,,,,
v3_ce_marker_dense,offset,-100.0,D∉L_g,C_APup,0.24315808433158792,-0.000511821071165458,,,,
v3_ce_marker_dense,offset,-100.0,D∉L_g,C_AUCany,0.8923290883858164,-0.0018746069159861767,,,,
v3_ce_marker_dense,offset,-50.0,全部,A_r,0.5527338458513607,-0.013304831238898362,-0.025850398809433676,0.0002074965233553271,-0.015361406386007248,4.0
v3_ce_marker_dense,offset,-50.0,全部,B_r,0.617729316493405,-0.005188957807906847,-0.014342962704476119,0.0028961018368895064,-0.00581101084877218,5.0
v3_ce_marker_dense,offset,-50.0,全部,B_sign,0.7650905432595574,-0.0025150905432594906,-0.012072700959907819,0.008741633819173315,-0.00412474849094564,3.0
v3_ce_marker_dense,offset,-50.0,全部,B_r|TF,0.5699474936262509,-0.006293435323837304,-0.016476000482747923,0.0033104914870025126,-0.006773696683851638,5.0
v3_ce_marker_dense,offset,-50.0,全部,C_AUCdn,0.9080804270028804,-0.0015905553452950638,-0.005458496386484263,0.0020365304421594574,-0.0022902314530809154,4.0
v3_ce_marker_dense,offset,-50.0,全部,C_APdn,0.3663578553407359,-0.020354001964765722,-0.029662860347126806,-0.011835752292238476,-0.019023694056076745,5.0
v3_ce_marker_dense,offset,-50.0,全部,C_AUCup,0.8906100592340994,9.8470407772e-05,-0.0029837907247867,0.0032930456754447115,0.0017661098762921101,1.0
v3_ce_marker_dense,offset,-50.0,全部,C_APup,0.26163980163392736,0.0019332423174755475,-0.005700981787960453,0.00862502408490776,8.208307167156259e-05,2.0
v3_ce_marker_dense,offset,-50.0,全部,C_AUCany,0.8998798041874435,0.00010992323382696956,-0.002615937776777086,0.0022953257135056556,-9.347670811574727e-05,2.0
v3_ce_marker_dense,offset,-50.0,D∈L_g,B_r,0.6401181556608142,-0.005563939260633477,,,,
v3_ce_marker_dense,offset,-50.0,D∈L_g,B_sign,0.8053830227743272,-0.008281573498964745,,,,
v3_ce_marker_dense,offset,-50.0,D∈L_g,B_r|TF,0.4768386127272014,-0.008692973731976972,,,,
v3_ce_marker_dense,offset,-50.0,D∈L_g,C_AUCdn,0.9167034402511581,-0.0005668346176644912,,,,
v3_ce_marker_dense,offset,-50.0,D∈L_g,C_APdn,0.5355952328862625,-0.014766397769003126,,,,
v3_ce_marker_dense,offset,-50.0,D∈L_g,C_AUCup,0.8905798001331525,0.0003108043312531894,,,,
v3_ce_marker_dense,offset,-50.0,D∈L_g,C_APup,0.3072602689535063,-0.008625237229206828,,,,
v3_ce_marker_dense,offset,-50.0,D∈L_g,C_AUCany,0.907654594388236,-0.0018549584099631922,,,,
v3_ce_marker_dense,offset,-50.0,D∉L_g,B_r,0.6033103181458012,-0.0047147788353800735,,,,
v3_ce_marker_dense,offset,-50.0,D∉L_g,B_sign,0.7521594684385382,-0.0006644518272425071,,,,
v3_ce_marker_dense,offset,-50.0,D∉L_g,B_r|TF,0.582595385105993,-0.0051693799279596275,,,,
v3_ce_marker_dense,offset,-50.0,D∉L_g,C_AUCdn,0.9030498670150247,-0.0020971476966531455,,,,
v3_ce_marker_dense,offset,-50.0,D∉L_g,C_APdn,0.2989303795873323,-0.02358138680998284,,,,
v3_ce_marker_dense,offset,-50.0,D∉L_g,C_AUCup,0.8878658459770912,-4.0956937758518386e-05,,,,
v3_ce_marker_dense,offset,-50.0,D∉L_g,C_APup,0.2499136374903391,0.006243732087585718,,,,
v3_ce_marker_dense,offset,-50.0,D∉L_g,C_AUCany,0.894684338276748,0.0004806429749454333,,,,
v3_ce_marker_dense,offset,-25.0,全部,A_r,0.5677409251804572,0.001702248090198144,-0.010973251011300122,0.012504640661857079,0.0007354244889453021,3.0
v3_ce_marker_dense,offset,-25.0,全部,B_r,0.6246408154646573,0.0017225411633454701,-0.0063466530116329965,0.008406306904041058,0.0018366449602434942,3.0
v3_ce_marker_dense,offset,-25.0,全部,B_sign,0.7748993963782697,0.007293762575452778,-0.004350688994994176,0.018643210867000114,-0.0013581488933601226,3.0
v3_ce_marker_dense,offset,-25.0,全部,B_r|TF,0.5782303602430375,0.001989431292949373,-0.006945956674555098,0.009276934607772118,0.0021701156877139472,3.0
v3_ce_marker_dense,offset,-25.0,全部,C_AUCdn,0.9068750400354588,-0.002795942312716626,-0.006289493414601035,0.0008433738970060348,-0.0020850057700975587,4.0
v3_ce_marker_dense,offset,-25.0,全部,C_APdn,0.3781860589038322,-0.008525798401669393,-0.016477491352384684,-0.0020205279051144897,-0.007110613466619009,5.0
v3_ce_marker_dense,offset,-25.0,全部,C_AUCup,0.8906364837937035,0.00012489496737611017,-0.0023236342839375312,0.002751361055661522,0.002217596831076829,0.0
v3_ce_marker_dense,offset,-25.0,全部,C_APup,0.2589305852295582,-0.000775974086893616,-0.007507679974035353,0.005003465543296139,-0.001504112962628318,4.0
v3_ce_marker_dense,offset,-25.0,全部,C_AUCany,0.8991821229514152,-0.000587758002201344,-0.002493564094714054,0.0008981099604001788,-0.00017561460633119808,2.0
v3_ce_marker_dense,offset,-25.0,D∈L_g,B_r,0.6450874185073141,-0.000594676414133577,,,,
v3_ce_marker_dense,offset,-25.0,D∈L_g,B_sign,0.8188405797101449,0.005175983436852993,,,,
v3_ce_marker_dense,offset,-25.0,D∈L_g,B_r|TF,0.4860245894842569,0.0004930030250785422,,,,
v3_ce_marker_dense,offset,-25.0,D∈L_g,C_AUCdn,0.9162470636018354,-0.001023211266987234,,,,
v3_ce_marker_dense,offset,-25.0,D∈L_g,C_APdn,0.5418937817607592,-0.008467848894506469,,,,
v3_ce_marker_dense,offset,-25.0,D∈L_g,C_AUCup,0.8898666059546109,-0.0004023898472884646,,,,
v3_ce_marker_dense,offset,-25.0,D∈L_g,C_APup,0.30864029683045596,-0.007245209352257143,,,,
v3_ce_marker_dense,offset,-25.0,D∈L_g,C_AUCany,0.9069096804750975,-0.0025998723231017706,,,,
v3_ce_marker_dense,offset,-25.0,D∉L_g,B_r,0.6115996200073979,0.003574523026216636,,,,
v3_ce_marker_dense,offset,-25.0,D∉L_g,B_sign,0.760797342192691,0.007973421926910307,,,,
v3_ce_marker_dense,offset,-25.0,D∉L_g,B_r|TF,0.5917250926571953,0.003960327623242721,,,,
v3_ce_marker_dense,offset,-25.0,D∉L_g,C_AUCdn,0.9017007306728763,-0.0034462840388015392,,,,
v3_ce_marker_dense,offset,-25.0,D∉L_g,C_APdn,0.3138938010240019,-0.008617965373313274,,,,
v3_ce_marker_dense,offset,-25.0,D∉L_g,C_AUCup,0.8880964614156751,0.00018965850082541813,,,,
v3_ce_marker_dense,offset,-25.0,D∉L_g,C_APup,0.24531230400513887,0.001642398602385492,,,,
v3_ce_marker_dense,offset,-25.0,D∉L_g,C_AUCany,0.8940129227142364,-0.0001907725875661681,,,,
v3_ce_marker_dense,offset,25.0,全部,A_r,0.5600166575813043,-0.006022019508954757,-0.019788694079898028,0.005278582993291412,-0.004131305464042745,4.0
v3_ce_marker_dense,offset,25.0,全部,B_r,0.62028035753403,-0.002637916767281867,-0.010400523129509351,0.003675484562180889,-0.0019181760528267145,4.0
v3_ce_marker_dense,offset,25.0,全部,B_sign,0.7756539235412475,0.008048289738430636,-0.0030187871948308296,0.021103516453810166,0.0018611670020120875,2.0
v3_ce_marker_dense,offset,25.0,全部,B_r|TF,0.5718633862764094,-0.004377542673678736,-0.01369069236244285,0.0029193241372101543,-0.0036810961611519087,4.0
v3_ce_marker_dense,offset,25.0,全部,C_AUCdn,0.9104368054674389,0.0007658231192634313,-0.002974161989221713,0.004723573127754813,0.0014470548240433923,1.0
v3_ce_marker_dense,offset,25.0,全部,C_APdn,0.3817505306334743,-0.004961326672027311,-0.014431795457122167,0.0028841261949299427,-0.004518832920403837,4.0
v3_ce_marker_dense,offset,25.0,全部,C_AUCup,0.8915078131038255,0.0009962242774981256,-0.0019424387175891232,0.004427249271786482,0.00105448697158117,2.0
v3_ce_marker_dense,offset,25.0,全部,C_APup,0.2585188047682029,-0.0011877545482489316,-0.009195058773533726,0.006253776779141294,-0.0009700171702642535,4.0
v3_ce_marker_dense,offset,25.0,全部,C_AUCany,0.8997407796900126,-2.9101263603892313e-05,-0.002252204610127645,0.0020572537698473007,0.00011392662039539924,2.0
v3_ce_marker_dense,offset,25.0,D∈L_g,B_r,0.6439401102732923,-0.001741984648155337,,,,
v3_ce_marker_dense,offset,25.0,D∈L_g,B_sign,0.8188405797101449,0.005175983436852993,,,,
v3_ce_marker_dense,offset,25.0,D∈L_g,B_r|TF,0.47755476896266574,-0.007976817496512634,,,,
v3_ce_marker_dense,offset,25.0,D∈L_g,C_AUCdn,0.9191685053458912,0.0018982304770686076,,,,
v3_ce_marker_dense,offset,25.0,D∈L_g,C_APdn,0.5476551012230614,-0.0027065294322042854,,,,
v3_ce_marker_dense,offset,25.0,D∈L_g,C_AUCup,0.8922804276060478,0.0020114318041484225,,,,
v3_ce_marker_dense,offset,25.0,D∈L_g,C_APup,0.31748839830776154,0.0016028921250484385,,,,
v3_ce_marker_dense,offset,25.0,D∈L_g,C_AUCany,0.9115675903440782,0.0020580375458789657,,,,
v3_ce_marker_dense,offset,25.0,D∉L_g,B_r,0.6045938093122293,-0.0034312876689519545,,,,
v3_ce_marker_dense,offset,25.0,D∉L_g,B_sign,0.7617940199335548,0.008970099667774067,,,,
v3_ce_marker_dense,offset,25.0,D∉L_g,B_r|TF,0.5835500805435313,-0.004214684490421283,,,,
v3_ce_marker_dense,offset,25.0,D∉L_g,C_AUCdn,0.9054374476174596,0.00029043290578179004,,,,
v3_ce_marker_dense,offset,25.0,D∉L_g,C_APdn,0.31715643509872143,-0.005355331298593724,,,,
v3_ce_marker_dense,offset,25.0,D∉L_g,C_AUCup,0.8887089948124653,0.0008021918976156561,,,,
v3_ce_marker_dense,offset,25.0,D∉L_g,C_APup,0.24240111556159225,-0.0012687898411611331,,,,
v3_ce_marker_dense,offset,25.0,D∉L_g,C_AUCany,0.8936658232983972,-0.0005378720034053819,,,,
v3_ce_marker_dense,offset,50.0,全部,A_r,0.548659511195681,-0.017379165894577997,-0.03563386026937443,-0.0029088110393137886,-0.015549715810932152,5.0
v3_ce_marker_dense,offset,50.0,全部,B_r,0.6184418034363167,-0.004476470864995141,-0.012990824571913917,0.006756575843582704,-0.004792174785993431,4.0
v3_ce_marker_dense,offset,50.0,全部,B_sign,0.7703722334004024,0.0027665995975855173,-0.009934621430273294,0.016471630099453648,-0.008299798792756507,5.0
v3_ce_marker_dense,offset,50.0,全部,B_r|TF,0.5710322100546019,-0.005208718895486242,-0.01619673097066661,0.007737527253335329,-0.005622297036105573,4.0
v3_ce_marker_dense,offset,50.0,全部,C_AUCdn,0.9107387365217741,0.0010677541735986118,-0.0036492982105831183,0.006105594798624947,0.001025288140451841,0.0
v3_ce_marker_dense,offset,50.0,全部,C_APdn,0.3741938343247957,-0.012518022980705923,-0.02117488287357545,-0.001659981234118159,-0.010390428822110609,5.0
v3_ce_marker_dense,offset,50.0,全部,C_AUCup,0.8881854004621735,-0.0023261883641538805,-0.006308244474214492,0.001959595991178592,-0.0012905553807223357,4.0
v3_ce_marker_dense,offset,50.0,全部,C_APup,0.25431711701761345,-0.005389442298838365,-0.016393067864040906,0.002984896112108063,-0.006615611820519318,5.0
v3_ce_marker_dense,offset,50.0,全部,C_AUCany,0.8987964082908982,-0.0009734726627182999,-0.0033412161267217717,0.0010670341930909997,-0.00083890358032912,4.0
v3_ce_marker_dense,offset,50.0,D∈L_g,B_r,0.6408932860741138,-0.004788808847333903,,,,
v3_ce_marker_dense,offset,50.0,D∈L_g,B_sign,0.8126293995859213,-0.0010351966873706209,,,,
v3_ce_marker_dense,offset,50.0,D∈L_g,B_r|TF,0.4765246072874352,-0.009006979171743201,,,,
v3_ce_marker_dense,offset,50.0,D∈L_g,C_AUCdn,0.9192062394344552,0.0019359645656326085,,,,
v3_ce_marker_dense,offset,50.0,D∈L_g,C_APdn,0.5473622387801247,-0.0029993918751409776,,,,
v3_ce_marker_dense,offset,50.0,D∈L_g,C_AUCup,0.8915113507397557,0.0012423549378564047,,,,
v3_ce_marker_dense,offset,50.0,D∈L_g,C_APup,0.3114544122448695,-0.004431093937843578,,,,
v3_ce_marker_dense,offset,50.0,D∈L_g,C_AUCany,0.9103343835787866,0.0008248307805873711,,,,
v3_ce_marker_dense,offset,50.0,D∉L_g,B_r,0.6035885975971269,-0.0044364993840543265,,,,
v3_ce_marker_dense,offset,50.0,D∉L_g,B_sign,0.7568106312292359,0.003986710963455153,,,,
v3_ce_marker_dense,offset,50.0,D∉L_g,B_r|TF,0.5826135985476292,-0.005151166486323411,,,,
v3_ce_marker_dense,offset,50.0,D∉L_g,C_AUCdn,0.9058320904952732,0.0006850757835954457,,,,
v3_ce_marker_dense,offset,50.0,D∉L_g,C_APdn,0.3046531484274691,-0.017858617969846058,,,,
v3_ce_marker_dense,offset,50.0,D∉L_g,C_AUCup,0.8846679129962801,-0.0032388899185695763,,,,
v3_ce_marker_dense,offset,50.0,D∉L_g,C_APup,0.23827624632000335,-0.005393659082750024,,,,
v3_ce_marker_dense,offset,50.0,D∉L_g,C_AUCany,0.8927686830069236,-0.0014350122948789679,,,,
v3_ce_marker_dense,offset,100.0,全部,A_r,0.526968096734996,-0.03907058035526301,-0.059507006082024354,-0.017778237543926018,-0.03544832480643802,5.0
v3_ce_marker_dense,offset,100.0,全部,B_r,0.6074679995620558,-0.015450274739256087,-0.028059959090589257,-0.0039338267538115085,-0.0167132600869192,5.0
v3_ce_marker_dense,offset,100.0,全部,B_sign,0.756036217303823,-0.0115694164989939,-0.025983403472635808,0.00151020653690586,-0.014235412474849074,5.0
v3_ce_marker_dense,offset,100.0,全部,B_r|TF,0.5569453652025498,-0.01929556374753838,-0.03380525679917405,-0.006516605017310495,-0.020569790157469514,5.0
v3_ce_marker_dense,offset,100.0,全部,C_AUCdn,0.9094365855151889,-0.00023439683298653868,-0.006727194317493993,0.007174204410910275,-0.0014374105927980052,4.0
v3_ce_marker_dense,offset,100.0,全部,C_APdn,0.3618803834497605,-0.024831473855741137,-0.03553591331896281,-0.01288430814177581,-0.0243237533267718,5.0
v3_ce_marker_dense,offset,100.0,全部,C_AUCup,0.8852605887840579,-0.005251000042269527,-0.009898048621898367,-0.0012969468084408555,-0.004029825348527538,5.0
v3_ce_marker_dense,offset,100.0,全部,C_APup,0.24638696148440603,-0.013319597832045782,-0.025650367824287305,-0.003868374767127387,-0.013264833897548001,5.0
v3_ce_marker_dense,offset,100.0,全部,C_AUCany,0.8985600689620404,-0.001209811991576104,-0.0039614610237469535,0.0014889162160893722,-0.0013614994643205147,4.0
v3_ce_marker_dense,offset,100.0,D∈L_g,B_r,0.6364282225568979,-0.009253872364549776,,,,
v3_ce_marker_dense,offset,100.0,D∈L_g,B_sign,0.8084886128364389,-0.005175983436852993,,,,
v3_ce_marker_dense,offset,100.0,D∈L_g,B_r|TF,0.46356369291225635,-0.021967893546922024,,,,
v3_ce_marker_dense,offset,100.0,D∈L_g,C_AUCdn,0.9196313310939866,0.0023610562251640266,,,,
v3_ce_marker_dense,offset,100.0,D∈L_g,C_APdn,0.5255390489594476,-0.02482258169581808,,,,
v3_ce_marker_dense,offset,100.0,D∈L_g,C_AUCup,0.8874996981644951,-0.002769297637404189,,,,
v3_ce_marker_dense,offset,100.0,D∈L_g,C_APup,0.30935672791620483,-0.006528778266508273,,,,
v3_ce_marker_dense,offset,100.0,D∈L_g,C_AUCany,0.9089761136482802,-0.0005334391499189906,,,,
v3_ce_marker_dense,offset,100.0,D∉L_g,B_r,0.5882879211576962,-0.019737175823484998,,,,
v3_ce_marker_dense,offset,100.0,D∉L_g,B_sign,0.739202657807309,-0.013621262458471728,,,,
v3_ce_marker_dense,offset,100.0,D∉L_g,B_r|TF,0.5661994274068515,-0.02156533762710111,,,,
v3_ce_marker_dense,offset,100.0,D∉L_g,C_AUCdn,0.9039735312983681,-0.001173483413309695,,,,
v3_ce_marker_dense,offset,100.0,D∉L_g,C_APdn,0.29899065759297994,-0.023521108804335222,,,,
v3_ce_marker_dense,offset,100.0,D∉L_g,C_AUCup,0.8823485993958677,-0.005558203518981952,,,,
v3_ce_marker_dense,offset,100.0,D∉L_g,C_APup,0.2301814982764153,-0.013488407126338087,,,,
v3_ce_marker_dense,offset,100.0,D∉L_g,C_AUCany,0.892834190793942,-0.0013695045078605528,,,,
v3_ce_marker_dense,offset,200.0,全部,A_r,0.48852676952168544,-0.07751190756857357,-0.10596138190289592,-0.05075815845358365,-0.0740641728331911,5.0
v3_ce_marker_dense,offset,200.0,全部,B_r,0.5955504002386779,-0.027367874062633968,-0.03964672688117783,-0.013784053604321746,-0.028987016436724834,5.0
v3_ce_marker_dense,offset,200.0,全部,B_sign,0.7489939637826962,-0.018611670020120652,-0.033755167284450396,-0.0033692937571986326,-0.022937625754527135,5.0
v3_ce_marker_dense,offset,200.0,全部,B_r|TF,0.5420820801923044,-0.034158848757783744,-0.04738893820960663,-0.019744525214009153,-0.035806892679389,5.0
v3_ce_marker_dense,offset,200.0,全部,C_AUCdn,0.905166221736764,-0.0045047606114114735,-0.010782939330469258,0.002309989000998398,-0.006890704814319903,5.0
v3_ce_marker_dense,offset,200.0,全部,C_APdn,0.34206435782729677,-0.044647499478204844,-0.06142260300511326,-0.0315259429077528,-0.04249675450992878,5.0
v3_ce_marker_dense,offset,200.0,全部,C_AUCup,0.8880720743486339,-0.0024395144776935274,-0.007728362345587517,0.0026114479230333085,-0.0011905669663347719,4.0
v3_ce_marker_dense,offset,200.0,全部,C_APup,0.24839460726714008,-0.011311952049311735,-0.023931738468055082,-0.00022271034659032224,-0.011130371003306772,5.0
v3_ce_marker_dense,offset,200.0,全部,C_AUCany,0.8988108186291252,-0.0009590623244913887,-0.004078564867685866,0.0023675633035036255,-0.0011155290458875645,5.0
v3_ce_marker_dense,offset,200.0,D∈L_g,B_r,0.6295350709532364,-0.016147023968211327,,,,
v3_ce_marker_dense,offset,200.0,D∈L_g,B_sign,0.7971014492753623,-0.0165631469979296,,,,
v3_ce_marker_dense,offset,200.0,D∈L_g,B_r|TF,0.4453771828928135,-0.040154403566364905,,,,
v3_ce_marker_dense,offset,200.0,D∈L_g,C_AUCdn,0.9179719917012448,0.0007017168324221501,,,,
v3_ce_marker_dense,offset,200.0,D∈L_g,C_APdn,0.5106187321557225,-0.039742898499543156,,,,
v3_ce_marker_dense,offset,200.0,D∈L_g,C_AUCup,0.8965466568699486,0.006277661068049278,,,,
v3_ce_marker_dense,offset,200.0,D∈L_g,C_APup,0.3032481348057586,-0.012637371376954531,,,,
v3_ce_marker_dense,offset,200.0,D∈L_g,C_AUCany,0.908499939012896,-0.0010096137853031761,,,,
v3_ce_marker_dense,offset,200.0,D∉L_g,B_r,0.5726723976504923,-0.035352699330688964,,,,
v3_ce_marker_dense,offset,200.0,D∉L_g,B_sign,0.7335548172757476,-0.01926910299003315,,,,
v3_ce_marker_dense,offset,200.0,D∉L_g,B_r|TF,0.5493673824707413,-0.038397382563211235,,,,
v3_ce_marker_dense,offset,200.0,D∉L_g,C_AUCdn,0.8987422303398881,-0.006404784371789707,,,,
v3_ce_marker_dense,offset,200.0,D∉L_g,C_APdn,0.2759116249968816,-0.04660014140043356,,,,
v3_ce_marker_dense,offset,200.0,D∉L_g,C_AUCup,0.8833436034541321,-0.004563199460717593,,,,
v3_ce_marker_dense,offset,200.0,D∉L_g,C_APup,0.2347484005688418,-0.008921504833911575,,,,
v3_ce_marker_dense,offset,200.0,D∉L_g,C_AUCany,0.8931218079772375,-0.001081887324565045,,,,
v3_ce_marker_dense,offset,400.0,全部,A_r,0.43090851834250665,-0.13513015874775236,-0.1698691714131191,-0.10717084878354283,-0.1276881281113258,5.0
v3_ce_marker_dense,offset,400.0,全部,B_r,0.5623232794367017,-0.060594994864610174,-0.07904690550838347,-0.04540777411898521,-0.06416776073020061,5.0
v3_ce_marker_dense,offset,400.0,全部,B_sign,0.7306338028169014,-0.0369718309859155,-0.05734058532935108,-0.01797387943279574,-0.0395875251509054,5.0
v3_ce_marker_dense,offset,400.0,全部,B_r|TF,0.5049379829044668,-0.07130294604562137,-0.09221606158738292,-0.05258861598124156,-0.07447220822003345,5.0
v3_ce_marker_dense,offset,400.0,全部,C_AUCdn,0.8970943824713902,-0.012576599876785277,-0.021846301963574528,-0.005508364087633396,-0.015480109622320248,5.0
v3_ce_marker_dense,offset,400.0,全部,C_APdn,0.325866483119907,-0.0608453741855946,-0.07664280557607514,-0.0456341413240434,-0.05856877121136243,5.0
v3_ce_marker_dense,offset,400.0,全部,C_AUCup,0.8883986511992245,-0.002112937627102962,-0.00832651573078685,0.004831902492742261,-0.0025652214272407605,3.0
v3_ce_marker_dense,offset,400.0,全部,C_APup,0.2322556505840723,-0.027450908732379514,-0.04146750169141106,-0.014964045242058245,-0.02777293860256892,5.0
v3_ce_marker_dense,offset,400.0,全部,C_AUCany,0.8958157567364393,-0.003954124217177224,-0.008153988935463522,-0.0007921691665133562,-0.004803108341360707,5.0
v3_ce_marker_dense,offset,400.0,D∈L_g,B_r,0.6094440742814567,-0.03623802063999093,,,,
v3_ce_marker_dense,offset,400.0,D∈L_g,B_sign,0.7805383022774327,-0.0331262939958592,,,,
v3_ce_marker_dense,offset,400.0,D∈L_g,B_r|TF,0.41449079037890624,-0.07104079608027214,,,,
v3_ce_marker_dense,offset,400.0,D∈L_g,C_AUCdn,0.9064592526729456,-0.01081102219587704,,,,
v3_ce_marker_dense,offset,400.0,D∈L_g,C_APdn,0.4916964931926653,-0.05866513746260038,,,,
v3_ce_marker_dense,offset,400.0,D∈L_g,C_AUCup,0.8884700561931471,-0.0017989396087522147,,,,
v3_ce_marker_dense,offset,400.0,D∈L_g,C_APup,0.2743961919097541,-0.04148931427295899,,,,
v3_ce_marker_dense,offset,400.0,D∈L_g,C_AUCany,0.9013344295171247,-0.008175123281074503,,,,
v3_ce_marker_dense,offset,400.0,D∉L_g,B_r,0.5309364664505996,-0.07708863053058168,,,,
v3_ce_marker_dense,offset,400.0,D∉L_g,B_sign,0.7146179401993356,-0.038205980066445155,,,,
v3_ce_marker_dense,offset,400.0,D∉L_g,B_r|TF,0.5048053553950976,-0.08295940963885495,,,,
v3_ce_marker_dense,offset,400.0,D∉L_g,C_AUCdn,0.8918691653894026,-0.01327784932227516,,,,
v3_ce_marker_dense,offset,400.0,D∉L_g,C_APdn,0.2622058197281276,-0.06030594666918754,,,,
v3_ce_marker_dense,offset,400.0,D∉L_g,C_AUCup,0.8859143238895933,-0.001992479025256344,,,,
v3_ce_marker_dense,offset,400.0,D∉L_g,C_APup,0.223273656820397,-0.02039624858235639,,,,
v3_ce_marker_dense,offset,400.0,D∉L_g,C_AUCany,0.89136486620482,-0.0028388290969825203,,,,
v3_ce_marker_dense,jitter,10.0,全部,A_r,0.5664675643911355,0.0004288873008765348,-0.006102174432214735,0.00890831918077418,0.0002515541733324134,3.0
v3_ce_marker_dense,jitter,10.0,全部,B_r,0.6275825454880574,0.0046642711867455056,0.0002623592182668837,0.009409236687371522,0.004793320535519974,1.0
v3_ce_marker_dense,jitter,10.0,全部,B_sign,0.7708752515090543,0.00326961770623746,-0.0029277118189419858,0.009602382113105516,-0.0009557344064386131,4.0
v3_ce_marker_dense,jitter,10.0,全部,B_r|TF,0.5818836917248275,0.005642762774739296,0.0006554492961510261,0.011008567357924173,0.0056350406475784934,0.0
v3_ce_marker_dense,jitter,10.0,全部,C_AUCdn,0.9080750286179456,-0.0015959537302298044,-0.0036378946728889915,0.0004567533044260582,-0.000865544205389468,4.0
v3_ce_marker_dense,jitter,10.0,全部,C_APdn,0.38445407606999443,-0.0022577812355071836,-0.007445363944488491,0.002810313993351088,-0.0014367787219244255,4.0
v3_ce_marker_dense,jitter,10.0,全部,C_AUCup,0.889399313808031,-0.0011122750182964714,-0.0031466749999451843,0.0009688481393200694,-0.0005835124446890605,3.0
v3_ce_marker_dense,jitter,10.0,全部,C_APup,0.25949143109786793,-0.0002151282185838821,-0.005100501284002139,0.003905841123294492,-0.00035138159190961085,3.0
v3_ce_marker_dense,jitter,10.0,全部,C_AUCany,0.8991620262185576,-0.0006078547350589769,-0.0017625592761794124,0.0002757787099083781,-0.0006916190090679563,4.0
v3_ce_marker_dense,jitter,10.0,D∈L_g,B_r,0.6486691548834598,0.0029870599620120952,,,,
v3_ce_marker_dense,jitter,10.0,D∈L_g,B_sign,0.8126293995859213,-0.0010351966873706209,,,,
v3_ce_marker_dense,jitter,10.0,D∈L_g,B_r|TF,0.490419767699701,0.004888181240522649,,,,
v3_ce_marker_dense,jitter,10.0,D∈L_g,C_AUCdn,0.9148584491426816,-0.0024118257261410703,,,,
v3_ce_marker_dense,jitter,10.0,D∈L_g,C_APdn,0.5487192859871732,-0.0016423446680924325,,,,
v3_ce_marker_dense,jitter,10.0,D∈L_g,C_AUCup,0.89033401979351,6.502399161067984e-05,,,,
v3_ce_marker_dense,jitter,10.0,D∈L_g,C_APup,0.3166149722497705,0.0007294660670573716,,,,
v3_ce_marker_dense,jitter,10.0,D∈L_g,C_AUCany,0.9096414275100946,0.00013187471189535227,,,,
v3_ce_marker_dense,jitter,10.0,D∉L_g,B_r,0.6136819438160133,0.00565684683483203,,,,
v3_ce_marker_dense,jitter,10.0,D∉L_g,B_sign,0.7574750830564784,0.0046511627906976605,,,,
v3_ce_marker_dense,jitter,10.0,D∉L_g,B_r|TF,0.5938750817575723,0.006110316723619724,,,,
v3_ce_marker_dense,jitter,10.0,D∉L_g,C_AUCdn,0.9036677498646214,-0.0014792648470564052,,,,
v3_ce_marker_dense,jitter,10.0,D∉L_g,C_APdn,0.31998395289837644,-0.0025278134989387135,,,,
v3_ce_marker_dense,jitter,10.0,D∉L_g,C_AUCup,0.8866600343900102,-0.0012467685248395144,,,,
v3_ce_marker_dense,jitter,10.0,D∉L_g,C_APup,0.24372247297264307,5.2567569889694354e-05,,,,
v3_ce_marker_dense,jitter,10.0,D∉L_g,C_AUCany,0.8934455863382662,-0.0007581089635363414,,,,
v3_ce_marker_dense,jitter,25.0,全部,A_r,0.563784265179883,-0.0022544119103760085,-0.01540408152132453,0.00910000230729241,-0.00277407422716216,4.0
v3_ce_marker_dense,jitter,25.0,全部,B_r,0.6227075265011495,-0.00021074780016239192,-0.005834139015896572,0.0054044348254856,0.000257483428956351,3.0
v3_ce_marker_dense,jitter,25.0,全部,B_sign,0.7635814889336016,-0.004024144869215318,-0.011673950934575645,0.0027622436125432177,-0.004325955734406417,4.0
v3_ce_marker_dense,jitter,25.0,全部,B_r|TF,0.5751935549058967,-0.001047374044191418,-0.007432190208371059,0.0048506319265382465,-0.0006557784098933483,3.0
v3_ce_marker_dense,jitter,25.0,全部,C_AUCdn,0.9097768872109095,0.00010590486273409638,-0.0017711420648904603,0.001915159750393769,0.000531558761980655,2.0
v3_ce_marker_dense,jitter,25.0,全部,C_APdn,0.3873162829905818,0.0006044256850801788,-0.006023400948797852,0.006609352458530274,0.0009828033956098437,3.0
v3_ce_marker_dense,jitter,25.0,全部,C_AUCup,0.8893967459549598,-0.0011148428713676495,-0.003183956089520268,0.0013870379510898712,0.0009346022909974217,2.0
v3_ce_marker_dense,jitter,25.0,全部,C_APup,0.25507784693469526,-0.00462871238175655,-0.010599653421652156,0.0007409272633059313,-0.00332847076015233,4.0
v3_ce_marker_dense,jitter,25.0,全部,C_AUCany,0.9005384735128201,0.0007685925592035847,-0.000573397983350199,0.002123792242932043,0.0013138382616998622,1.0
v3_ce_marker_dense,jitter,25.0,D∈L_g,B_r,0.6455916796122464,-9.041530920128604e-05,,,,
v3_ce_marker_dense,jitter,25.0,D∈L_g,B_sign,0.8136645962732919,0.0,,,,
v3_ce_marker_dense,jitter,25.0,D∈L_g,B_r|TF,0.4828213246180607,-0.002710261841117667,,,,
v3_ce_marker_dense,jitter,25.0,D∈L_g,C_AUCdn,0.9189735230191661,0.001703248150343506,,,,
v3_ce_marker_dense,jitter,25.0,D∈L_g,C_APdn,0.5531193472669659,0.0027577166117002117,,,,
v3_ce_marker_dense,jitter,25.0,D∈L_g,C_AUCup,0.8884107239567702,-0.0018582718451291003,,,,
v3_ce_marker_dense,jitter,25.0,D∈L_g,C_APup,0.3027904006834871,-0.01309510549922599,,,,
v3_ce_marker_dense,jitter,25.0,D∈L_g,C_AUCany,0.9089699357338491,-0.0005396170643501286,,,,
v3_ce_marker_dense,jitter,25.0,D∉L_g,B_r,0.6076350760087779,-0.00039002097240337097,,,,
v3_ce_marker_dense,jitter,25.0,D∉L_g,B_sign,0.7475083056478405,-0.0053156146179401675,,,,
v3_ce_marker_dense,jitter,25.0,D∉L_g,B_r|TF,0.5866305833080987,-0.0011341817258538889,,,,
v3_ce_marker_dense,jitter,25.0,D∉L_g,C_AUCdn,0.9046636645357023,-0.00048335017597544994,,,,
v3_ce_marker_dense,jitter,25.0,D∉L_g,C_APdn,0.32266697829076146,0.00015521189344630537,,,,
v3_ce_marker_dense,jitter,25.0,D∉L_g,C_AUCup,0.8868811644651561,-0.001025638449693611,,,,
v3_ce_marker_dense,jitter,25.0,D∉L_g,C_APup,0.2425926018226034,-0.0010773035801499853,,,,
v3_ce_marker_dense,jitter,25.0,D∉L_g,C_AUCany,0.8952377589585079,0.0010340636567053307,,,,
v3_ce_marker_dense,jitter,50.0,全部,A_r,0.55386090909104,-0.012177767999218991,-0.024348635034714534,0.0015062011731974058,-0.01187921824953021,4.0
v3_ce_marker_dense,jitter,50.0,全部,B_r,0.6213768381675088,-0.0015414361338030869,-0.011180380315014168,0.006426415935451951,-0.0021114270321046956,3.0
v3_ce_marker_dense,jitter,50.0,全部,B_sign,0.7638329979879276,-0.0037726358148892913,-0.015544736592728989,0.005464516071607231,-0.006438631790744442,5.0
v3_ce_marker_dense,jitter,50.0,全部,B_r|TF,0.5726646163601254,-0.0035763125899627157,-0.014275443003658014,0.005840975330269657,-0.004083666659524065,5.0
v3_ce_marker_dense,jitter,50.0,全部,C_AUCdn,0.9095186069010162,-0.00015237544715929197,-0.0035983619612009717,0.0024729534806521127,-0.0004005090643874887,3.0
v3_ce_marker_dense,jitter,50.0,全部,C_APdn,0.3768838928819429,-0.00982796442355871,-0.019139191381750357,-0.0012018360755763268,-0.009796516130065169,4.0
v3_ce_marker_dense,jitter,50.0,全部,C_AUCup,0.8898848542787441,-0.0006267345475833297,-0.004283925001199426,0.0032963776890296064,0.00058990234433145,2.0
v3_ce_marker_dense,jitter,50.0,全部,C_APup,0.2575182624286832,-0.002188296887768615,-0.009815343293608695,0.005011471590430653,-0.002315279848122431,3.0
v3_ce_marker_dense,jitter,50.0,全部,C_AUCany,0.8995717889997811,-0.0001980919538354664,-0.0023039323547489055,0.0017094531194253835,6.335091528408832e-06,2.0
v3_ce_marker_dense,jitter,50.0,D∈L_g,B_r,0.6412686128274316,-0.004413482094016041,,,,
v3_ce_marker_dense,jitter,50.0,D∈L_g,B_sign,0.8095238095238095,-0.0041407867494823725,,,,
v3_ce_marker_dense,jitter,50.0,D∈L_g,B_r|TF,0.46968633768224055,-0.015845248776937826,,,,
v3_ce_marker_dense,jitter,50.0,D∈L_g,C_AUCdn,0.9159055357966146,-0.001364739072208021,,,,
v3_ce_marker_dense,jitter,50.0,D∈L_g,C_APdn,0.5433008514241245,-0.007060779231141123,,,,
v3_ce_marker_dense,jitter,50.0,D∈L_g,C_AUCup,0.8910023698399064,0.0007333740380071063,,,,
v3_ce_marker_dense,jitter,50.0,D∈L_g,C_APup,0.31614747102618895,0.00026196484347584814,,,,
v3_ce_marker_dense,jitter,50.0,D∈L_g,C_AUCany,0.910096058649001,0.0005865058508017773,,,,
v3_ce_marker_dense,jitter,50.0,D∉L_g,B_r,0.6080812876048302,5.61906236489218e-05,,,,
v3_ce_marker_dense,jitter,50.0,D∉L_g,B_sign,0.7491694352159468,-0.0036544850498339,,,,
v3_ce_marker_dense,jitter,50.0,D∉L_g,B_r|TF,0.5875772135135054,-0.00018755152044713785,,,,
v3_ce_marker_dense,jitter,50.0,D∉L_g,C_AUCdn,0.9053494890279788,0.00020247431630104895,,,,
v3_ce_marker_dense,jitter,50.0,D∉L_g,C_APdn,0.311730362075918,-0.010781404321397181,,,,
v3_ce_marker_dense,jitter,50.0,D∉L_g,C_AUCup,0.8870319874334134,-0.0008748154814363085,,,,
v3_ce_marker_dense,jitter,50.0,D∉L_g,C_APup,0.24099514863457697,-0.0026747567681764117,,,,
v3_ce_marker_dense,jitter,50.0,D∉L_g,C_AUCany,0.8938333062346943,-0.0003703890671082899,,,,
v3_ce_marker_dense,jitter,100.0,全部,A_r,0.5335027285018176,-0.03253594858844144,-0.049867466333140195,-0.017374748515241744,-0.03191974565163612,5.0
v3_ce_marker_dense,jitter,100.0,全部,B_r,0.6156523142340972,-0.007265960067214694,-0.01662617238341784,0.0013361810684851655,-0.008994008542767173,5.0
v3_ce_marker_dense,jitter,100.0,全部,B_sign,0.7550301810865191,-0.012575452716297786,-0.025296262186138452,6.33392449962e-06,-0.011820925553319905,5.0
v3_ce_marker_dense,jitter,100.0,全部,B_r|TF,0.5670818387550624,-0.00915909019502581,-0.01970264559328588,0.000753586357569675,-0.01088491946506458,5.0
v3_ce_marker_dense,jitter,100.0,全部,C_AUCdn,0.9084364318007908,-0.0012345505473846385,-0.005225087852439858,0.003322905855117647,-0.0014980731101331911,5.0
v3_ce_marker_dense,jitter,100.0,全部,C_APdn,0.3667897258156799,-0.019922131489821693,-0.030566755102583842,-0.010038664072930411,-0.019744890991072094,5.0
v3_ce_marker_dense,jitter,100.0,全部,C_AUCup,0.8874940262952804,-0.0030175625310470133,-0.007882031082471316,0.0013020600858015,-0.002924907905030816,4.0
v3_ce_marker_dense,jitter,100.0,全部,C_APup,0.2531683473990759,-0.0065382119173759135,-0.016220151046824238,0.002588840612664744,-0.006193246525314083,4.0
v3_ce_marker_dense,jitter,100.0,全部,C_AUCany,0.8988516144562454,-0.0009182664973711452,-0.0033934292524997996,0.0014556307730111866,-0.0009873367569702475,4.0
v3_ce_marker_dense,jitter,100.0,D∈L_g,B_r,0.6415702141203803,-0.004111880801067391,,,,
v3_ce_marker_dense,jitter,100.0,D∈L_g,B_sign,0.8033126293995859,-0.010351966873705987,,,,
v3_ce_marker_dense,jitter,100.0,D∈L_g,B_r|TF,0.4736116863531089,-0.01191990010606947,,,,
v3_ce_marker_dense,jitter,100.0,D∈L_g,C_AUCdn,0.9155575588926211,-0.0017127159762014843,,,,
v3_ce_marker_dense,jitter,100.0,D∈L_g,C_APdn,0.5313823020523365,-0.01897932860292917,,,,
v3_ce_marker_dense,jitter,100.0,D∈L_g,C_AUCup,0.8903355720903919,6.657628849260355e-05,,,,
v3_ce_marker_dense,jitter,100.0,D∈L_g,C_APup,0.29942640527517117,-0.016459100907541935,,,,
v3_ce_marker_dense,jitter,100.0,D∈L_g,C_AUCany,0.9082046663847003,-0.0013048864134989069,,,,
v3_ce_marker_dense,jitter,100.0,D∉L_g,B_r,0.5980570842123553,-0.009968012768825973,,,,
v3_ce_marker_dense,jitter,100.0,D∉L_g,B_sign,0.7395348837209302,-0.013289036544850474,,,,
v3_ce_marker_dense,jitter,100.0,D∉L_g,B_r|TF,0.5767783390208306,-0.010986426013121942,,,,
v3_ce_marker_dense,jitter,100.0,D∉L_g,C_AUCdn,0.9038474913300819,-0.0012995233815958906,,,,
v3_ce_marker_dense,jitter,100.0,D∉L_g,C_APdn,0.30244157720237,-0.02007018919494513,,,,
v3_ce_marker_dense,jitter,100.0,D∉L_g,C_AUCup,0.8840612154957611,-0.003845587419088581,,,,
v3_ce_marker_dense,jitter,100.0,D∉L_g,C_APup,0.24209123639609112,-0.0015786690066622588,,,,
v3_ce_marker_dense,jitter,100.0,D∉L_g,C_AUCany,0.8933137896011413,-0.0008899057006612754,,,,
v3_ce_marker_dense,jitter,200.0,全部,A_r,0.5201233126656544,-0.04591536442460464,-0.07024996616873747,-0.023226641599677845,-0.04359120364728898,5.0
v3_ce_marker_dense,jitter,200.0,全部,B_r,0.6002855008701595,-0.02263277343115233,-0.03485947824048929,-0.009720386772846132,-0.026109809558559884,5.0
v3_ce_marker_dense,jitter,200.0,全部,B_sign,0.756036217303823,-0.0115694164989939,-0.027703636092051002,0.003982618544095549,-0.017555331991951674,5.0
v3_ce_marker_dense,jitter,200.0,全部,B_r|TF,0.5468239835887212,-0.029416945361366964,-0.04272055716865867,-0.014337777496338569,-0.03235771269170118,5.0
v3_ce_marker_dense,jitter,200.0,全部,C_AUCdn,0.9042410445395097,-0.005429937808665741,-0.011555349921381946,-0.001141093096759271,-0.00744496518067741,5.0
v3_ce_marker_dense,jitter,200.0,全部,C_APdn,0.35560075857418344,-0.031111098731318176,-0.04387474419020384,-0.018531548227616858,-0.03318054171343839,5.0
v3_ce_marker_dense,jitter,200.0,全部,C_AUCup,0.8897606188441568,-0.0007509699821706128,-0.005748528259180227,0.003890153309119783,-0.0006643971134282723,3.0
v3_ce_marker_dense,jitter,200.0,全部,C_APup,0.24611999597294845,-0.01358656334350336,-0.0236309089945753,-0.0011907006567299185,-0.013333710841453595,5.0
v3_ce_marker_dense,jitter,200.0,全部,C_AUCany,0.8992003353742367,-0.0005695455793798265,-0.0035595685236331416,0.0023248368050821314,-0.0014814270458582523,4.0
v3_ce_marker_dense,jitter,200.0,D∈L_g,B_r,0.6216712151762144,-0.024010879745233304,,,,
v3_ce_marker_dense,jitter,200.0,D∈L_g,B_sign,0.7919254658385093,-0.021739130434782594,,,,
v3_ce_marker_dense,jitter,200.0,D∈L_g,B_r|TF,0.4306484604913888,-0.0548831259677896,,,,
v3_ce_marker_dense,jitter,200.0,D∈L_g,C_AUCdn,0.9123689598015324,-0.004901315067290191,,,,
v3_ce_marker_dense,jitter,200.0,D∈L_g,C_APdn,0.5103171216938354,-0.0400445089614303,,,,
v3_ce_marker_dense,jitter,200.0,D∈L_g,C_AUCup,0.8902972821006371,2.828629873774524e-05,,,,
v3_ce_marker_dense,jitter,200.0,D∈L_g,C_APup,0.29620211853366857,-0.019683387649044537,,,,
v3_ce_marker_dense,jitter,200.0,D∈L_g,C_AUCany,0.9067043044222779,-0.002805248375921332,,,,
v3_ce_marker_dense,jitter,200.0,D∉L_g,B_r,0.5854793278667338,-0.02254576911444739,,,,
v3_ce_marker_dense,jitter,200.0,D∉L_g,B_sign,0.7445182724252492,-0.00830564784053156,,,,
v3_ce_marker_dense,jitter,200.0,D∉L_g,B_r|TF,0.5632554156249394,-0.02450934940901317,,,,
v3_ce_marker_dense,jitter,200.0,D∉L_g,C_AUCdn,0.8993265460836102,-0.005820468628067621,,,,
v3_ce_marker_dense,jitter,200.0,D∉L_g,C_APdn,0.29571068247125487,-0.026801083926060287,,,,
v3_ce_marker_dense,jitter,200.0,D∉L_g,C_AUCup,0.8867330643732927,-0.0011737385415570012,,,,
v3_ce_marker_dense,jitter,200.0,D∉L_g,C_APup,0.23474456921994447,-0.008925336182808913,,,,
v3_ce_marker_dense,jitter,200.0,D∉L_g,C_AUCany,0.8940475294166784,-0.00015616588512412655,,,,
v3_ce_marker_dense,jitter,400.0,全部,A_r,0.5000527722621297,-0.06598590482812927,-0.09138803997546514,-0.0437385087825196,-0.06363171439891317,5.0
v3_ce_marker_dense,jitter,400.0,全部,B_r,0.5938634058172495,-0.029054868484062357,-0.040378225023938376,-0.016094996186047955,-0.03371393130845022,5.0
v3_ce_marker_dense,jitter,400.0,全部,B_sign,0.7494969818913481,-0.01810865191146882,-0.03439807846809577,-0.003337260676891924,-0.02339034205231385,5.0
v3_ce_marker_dense,jitter,400.0,全部,B_r|TF,0.5399853276788332,-0.036255601271254934,-0.049072043133701025,-0.02049724355970122,-0.04103628916110167,5.0
v3_ce_marker_dense,jitter,400.0,全部,C_AUCdn,0.9025572121048293,-0.00711377024334614,-0.012444231020764099,-0.002014286973624071,-0.00962099311442861,5.0
v3_ce_marker_dense,jitter,400.0,全部,C_APdn,0.34790623980458285,-0.038805617500918765,-0.05183168177018682,-0.02816689100867162,-0.03822743348224904,5.0
v3_ce_marker_dense,jitter,400.0,全部,C_AUCup,0.8892613417110143,-0.0012502471153130745,-0.006919908120257484,0.004830163870940026,-0.0020540283746467215,4.0
v3_ce_marker_dense,jitter,400.0,全部,C_APup,0.23665513620743506,-0.023051423109016755,-0.03362734905451752,-0.01154191232049117,-0.022407907972954853,5.0
v3_ce_marker_dense,jitter,400.0,全部,C_AUCany,0.8976030196572871,-0.002166861296329481,-0.004950887196709064,0.0009420189458675013,-0.0031888070624681575,5.0
v3_ce_marker_dense,jitter,400.0,D∈L_g,B_r,0.6294748626145079,-0.016207232306939767,,,,
v3_ce_marker_dense,jitter,400.0,D∈L_g,B_sign,0.8002070393374742,-0.013457556935817738,,,,
v3_ce_marker_dense,jitter,400.0,D∈L_g,B_r|TF,0.44683702885810356,-0.03869455760107482,,,,
v3_ce_marker_dense,jitter,400.0,D∈L_g,C_AUCdn,0.9150700344683748,-0.0022002404004478615,,,,
v3_ce_marker_dense,jitter,400.0,D∈L_g,C_APdn,0.5182133946082096,-0.03214823604705608,,,,
v3_ce_marker_dense,jitter,400.0,D∈L_g,C_AUCup,0.8891610007830475,-0.0011079950188518373,,,,
v3_ce_marker_dense,jitter,400.0,D∈L_g,C_APup,0.2779359185878323,-0.03794958759488082,,,,
v3_ce_marker_dense,jitter,400.0,D∈L_g,C_AUCany,0.9041639143265836,-0.005345638471615621,,,,
v3_ce_marker_dense,jitter,400.0,D∉L_g,B_r,0.5701775460137125,-0.037847550967468724,,,,
v3_ce_marker_dense,jitter,400.0,D∉L_g,B_sign,0.7332225913621262,-0.019601328903654514,,,,
v3_ce_marker_dense,jitter,400.0,D∉L_g,B_r|TF,0.5458245553753408,-0.04194020965861178,,,,
v3_ce_marker_dense,jitter,400.0,D∉L_g,C_AUCdn,0.8964565842223167,-0.008690430489361134,,,,
v3_ce_marker_dense,jitter,400.0,D∉L_g,C_APdn,0.28128327768413386,-0.0412284887131813,,,,
v3_ce_marker_dense,jitter,400.0,D∉L_g,C_AUCup,0.8868172134458497,-0.001089589468999952,,,,
v3_ce_marker_dense,jitter,400.0,D∉L_g,C_APup,0.22929695953872492,-0.014372945864028458,,,,
v3_ce_marker_dense,jitter,400.0,D∉L_g,C_AUCany,0.8927903671521471,-0.0014133281496554462,,,,
v6_abl_shift_position,offset,-400.0,全部,A_r,0.5171824808303227,0.008551658970342824,-0.013280580943991125,0.029167023562163052,0.00960981705015703,0.0
v6_abl_shift_position,offset,-400.0,全部,B_r,0.6091534037819025,0.004594767764921626,-0.006840065231325359,0.02042871657186376,0.005249621064057315,0.0
v6_abl_shift_position,offset,-400.0,全部,B_sign,0.7527665995975855,0.006790744466800835,-0.005754890051218595,0.021056287763704856,0.005197853789403073,0.0
v6_abl_shift_position,offset,-400.0,全部,B_r|TF,0.5587461603748424,0.0035281253489022335,-0.009886118787022499,0.01943058728126325,0.0040002578742658335,0.0
v6_abl_shift_position,offset,-400.0,全部,C_AUCdn,0.9078535008533399,-0.0011287024599522244,-0.005472403408734677,0.0030014649681048013,-0.0020377633569878353,3.0
v6_abl_shift_position,offset,-400.0,全部,C_APdn,0.34488880932003124,-0.00556100262872361,-0.01780519828459973,0.003908012808743776,-0.004507148708247181,3.0
v6_abl_shift_position,offset,-400.0,全部,C_AUCup,0.8887233305415455,0.004637537240559486,-0.0024566212940824836,0.010818960454740126,0.003974380625414849,0.0
v6_abl_shift_position,offset,-400.0,全部,C_APup,0.2519208255193271,0.009507181148916688,-0.002107749107429355,0.020034519797145132,0.008994398046328345,1.0
v6_abl_shift_position,offset,-400.0,全部,C_AUCany,0.8984093061397946,0.0006374631148884369,-0.0017831007912516266,0.0025366241176095375,0.0009304870545360592,1.0
v6_abl_shift_position,offset,-400.0,D∈L_g,B_r,0.6369692737064002,0.001300405858476683,,,,
v6_abl_shift_position,offset,-400.0,D∈L_g,B_sign,0.7929606625258799,0.007246376811594235,,,,
v6_abl_shift_position,offset,-400.0,D∈L_g,B_r|TF,0.45839572291686653,-0.00704383361732841,,,,
v6_abl_shift_position,offset,-400.0,D∈L_g,C_AUCdn,0.9108686524402292,-0.002997595995521296,,,,
v6_abl_shift_position,offset,-400.0,D∈L_g,C_APdn,0.5050999205533797,-0.004000503401338729,,,,
v6_abl_shift_position,offset,-400.0,D∈L_g,C_AUCup,0.884523255132066,0.00032305022887757495,,,,
v6_abl_shift_position,offset,-400.0,D∈L_g,C_APup,0.301223265940679,0.004982285616368154,,,,
v6_abl_shift_position,offset,-400.0,D∈L_g,C_AUCany,0.9033149263164898,-0.00011983569915774428,,,,
v6_abl_shift_position,offset,-400.0,D∉L_g,B_r,0.5906726834002087,0.006827441244727228,,,,
v6_abl_shift_position,offset,-400.0,D∉L_g,B_sign,0.7398671096345515,0.006644518272425293,,,,
v6_abl_shift_position,offset,-400.0,D∉L_g,B_r|TF,0.5693871664111062,0.006449808507732024,,,,
v6_abl_shift_position,offset,-400.0,D∉L_g,C_AUCdn,0.9044518093400424,-0.00037795107839122544,,,,
v6_abl_shift_position,offset,-400.0,D∉L_g,C_APdn,0.281970448711944,-0.006456727790072947,,,,
v6_abl_shift_position,offset,-400.0,D∉L_g,C_AUCup,0.8870068394347181,0.005926011287875066,,,,
v6_abl_shift_position,offset,-400.0,D∉L_g,C_APup,0.23893494732461895,0.010139061466014482,,,,
v6_abl_shift_position,offset,-400.0,D∉L_g,C_AUCany,0.8939573188190353,0.000918993230731191,,,,
v6_abl_shift_position,offset,-200.0,全部,A_r,0.5276607094947493,0.019029887634769427,-0.0024087357325347806,0.03862921545591319,0.015329040394483037,0.0
v6_abl_shift_position,offset,-200.0,全部,B_r,0.6000622511372266,-0.004496384879754345,-0.01546923564026162,0.006594706155578326,-0.005362955222455075,3.0
v6_abl_shift_position,offset,-200.0,全部,B_sign,0.7432092555331992,-0.0027665995975855173,-0.017995050991819753,0.009831257677312487,0.0015090543259557165,1.0
v6_abl_shift_position,offset,-200.0,全部,B_r|TF,0.5508470706516726,-0.004370964374267539,-0.016327685620515307,0.008313234640846125,-0.0053358968467333385,3.0
v6_abl_shift_position,offset,-200.0,全部,C_AUCdn,0.9092808745190558,0.00029867120576365647,-0.003027515355281307,0.004091231823641315,-0.0005018116580836803,2.0
v6_abl_shift_position,offset,-200.0,全部,C_APdn,0.3490175655907465,-0.001432246358008371,-0.012333125583309987,0.007587113585161891,-0.0017010594190208783,2.0
v6_abl_shift_position,offset,-200.0,全部,C_AUCup,0.8861108184509444,0.0020250251499583927,-0.002203118390989467,0.006068835816746425,0.0020799627896646022,0.0
v6_abl_shift_position,offset,-200.0,全部,C_APup,0.24356677795890141,0.0011531335884910066,-0.009107378134364335,0.010801948234125032,0.0010997815197946552,2.0
v6_abl_shift_position,offset,-200.0,全部,C_AUCany,0.8975814350402752,-0.0001904079846309914,-0.002189354412167868,0.0017214890280474462,0.00010863270454904612,1.0
v6_abl_shift_position,offset,-200.0,D∈L_g,B_r,0.6263703507846843,-0.009298517063239253,,,,
v6_abl_shift_position,offset,-200.0,D∈L_g,B_sign,0.7691511387163561,-0.0165631469979296,,,,
v6_abl_shift_position,offset,-200.0,D∈L_g,B_r|TF,0.4555867911949465,-0.009852765339248448,,,,
v6_abl_shift_position,offset,-200.0,D∈L_g,C_AUCdn,0.9143091780280577,0.0004429295923071841,,,,
v6_abl_shift_position,offset,-200.0,D∈L_g,C_APdn,0.5096009901572859,0.0005005662025674429,,,,
v6_abl_shift_position,offset,-200.0,D∈L_g,C_AUCup,0.8864600042084493,0.002259799305260879,,,,
v6_abl_shift_position,offset,-200.0,D∈L_g,C_APup,0.2945962195255338,-0.0016447607987770674,,,,
v6_abl_shift_position,offset,-200.0,D∈L_g,C_AUCany,0.9059580440406095,0.0025232820249619925,,,,
v6_abl_shift_position,offset,-200.0,D∉L_g,B_r,0.5824829001501639,-0.001362342005317596,,,,
v6_abl_shift_position,offset,-200.0,D∉L_g,B_sign,0.7348837209302326,0.0016611295681063787,,,,
v6_abl_shift_position,offset,-200.0,D∉L_g,B_r|TF,0.5609349520245916,-0.0020024058787825316,,,,
v6_abl_shift_position,offset,-200.0,D∉L_g,C_AUCdn,0.9052499548150641,0.00042019439663043556,,,,
v6_abl_shift_position,offset,-200.0,D∉L_g,C_APdn,0.2872043133190798,-0.0012228631829371284,,,,
v6_abl_shift_position,offset,-200.0,D∉L_g,C_AUCup,0.8831827586751472,0.0021019305283040968,,,,
v6_abl_shift_position,offset,-200.0,D∉L_g,C_APup,0.23009588884382937,0.0013000029852248962,,,,
v6_abl_shift_position,offset,-200.0,D∉L_g,C_AUCany,0.892264569810347,-0.0007737557779571302,,,,
v6_abl_shift_position,offset,-100.0,全部,A_r,0.5211577443632573,0.012526922503277471,-0.0037694750656525784,0.031184361027159734,0.011002942325813558,0.0
v6_abl_shift_position,offset,-100.0,全部,B_r,0.6039020400287128,-0.0006565959882680605,-0.008050132281373575,0.00891112113952811,-0.0009851305781869435,2.0
v6_abl_shift_position,offset,-100.0,全部,B_sign,0.7540241448692153,0.008048289738430636,-0.003924949290060836,0.01896193599565999,0.008718980549966485,0.0
v6_abl_shift_position,offset,-100.0,全部,B_r|TF,0.5544423650455063,-0.0007756699804338796,-0.009718240310281876,0.010436322354707686,-0.0011716673779044173,2.0
v6_abl_shift_position,offset,-100.0,全部,C_AUCdn,0.9098478184878087,0.0008656151745165541,-0.0021123518114035873,0.004577017896853758,0.0013945259995105097,1.0
v6_abl_shift_position,offset,-100.0,全部,C_APdn,0.35090345321818966,0.0004536412694348124,-0.008323297178868348,0.009324264766939223,-0.0007888892672870221,2.0
v6_abl_shift_position,offset,-100.0,全部,C_AUCup,0.8854621463291235,0.0013763530281374337,-0.0027050424473352456,0.005293972223410587,0.000755588513694431,1.0
v6_abl_shift_position,offset,-100.0,全部,C_APup,0.24000897540533883,-0.002404668965071577,-0.01024837087898655,0.005480904284810686,-0.0016165602688452962,3.0
v6_abl_shift_position,offset,-100.0,全部,C_AUCany,0.8977526137954395,-1.922922946673289e-05,-0.0021391627680764163,0.0017360822694979408,-0.0005125125943300871,2.0
v6_abl_shift_position,offset,-100.0,D∈L_g,B_r,0.6226600652910034,-0.013008802556920163,,,,
v6_abl_shift_position,offset,-100.0,D∈L_g,B_sign,0.7795031055900621,-0.006211180124223614,,,,
v6_abl_shift_position,offset,-100.0,D∈L_g,B_r|TF,0.4436279448698812,-0.021811611664313724,,,,
v6_abl_shift_position,offset,-100.0,D∈L_g,C_AUCdn,0.9096425003842016,-0.004223748051548903,,,,
v6_abl_shift_position,offset,-100.0,D∈L_g,C_APdn,0.5031377156186312,-0.005962708336087252,,,,
v6_abl_shift_position,offset,-100.0,D∈L_g,C_AUCup,0.8831837954003718,-0.001016409502816562,,,,
v6_abl_shift_position,offset,-100.0,D∈L_g,C_APup,0.28792648673124815,-0.008314493593062688,,,,
v6_abl_shift_position,offset,-100.0,D∈L_g,C_AUCany,0.9024713241805155,-0.000963437835132086,,,,
v6_abl_shift_position,offset,-100.0,D∉L_g,B_r,0.5913939047996372,0.007548662644155657,,,,
v6_abl_shift_position,offset,-100.0,D∉L_g,B_sign,0.7458471760797342,0.012624584717607967,,,,
v6_abl_shift_position,offset,-100.0,D∉L_g,B_r|TF,0.5711397254647339,0.008202367561359725,,,,
v6_abl_shift_position,offset,-100.0,D∉L_g,C_AUCdn,0.9071516014625451,0.0023218410441114834,,,,
v6_abl_shift_position,offset,-100.0,D∉L_g,C_APdn,0.2919121909944241,0.003485014492407179,,,,
v6_abl_shift_position,offset,-100.0,D∉L_g,C_AUCup,0.8831436630469236,0.0020628349000805235,,,,
v6_abl_shift_position,offset,-100.0,D∉L_g,C_APup,0.2286105510936517,-0.000185334764952777,,,,
v6_abl_shift_position,offset,-100.0,D∉L_g,C_AUCany,0.8932766078083179,0.00023828222001376353,,,,
v6_abl_shift_position,offset,-50.0,全部,A_r,0.5237952885305521,0.015164466670572252,-0.0005425553592681113,0.03096794828638734,0.015336421415555301,0.0
v6_abl_shift_position,offset,-50.0,全部,B_r,0.6090541548596488,0.004495518842667856,-0.005063698435927683,0.012110130109531813,0.004132562371287156,1.0
v6_abl_shift_position,offset,-50.0,全部,B_sign,0.7512575452716298,0.005281690140845119,-0.006178592675291824,0.01699215429029479,0.007461435278336685,0.0
v6_abl_shift_position,offset,-50.0,全部,B_r|TF,0.5599693366921248,0.0047513016661846486,-0.006283505442791195,0.014202098233124525,0.004363132070309102,1.0
v6_abl_shift_position,offset,-50.0,全部,C_AUCdn,0.9099594623872876,0.0009772590739954845,-0.002505766389280811,0.004991337515058342,0.000951114047571755,0.0
v6_abl_shift_position,offset,-50.0,全部,C_APdn,0.34979262473247913,-0.0006571872162757231,-0.01030484798230963,0.008646706755835124,4.985763724818515e-05,2.0
v6_abl_shift_position,offset,-50.0,全部,C_AUCup,0.8851739521244392,0.0010881588234531447,-0.002742352306725379,0.004516941893199439,0.0012956287375901487,1.0
v6_abl_shift_position,offset,-50.0,全部,C_APup,0.24415246117941053,0.001738816809000121,-0.0063425078788658705,0.010859190750076408,0.00254068576066932,1.0
v6_abl_shift_position,offset,-50.0,全部,C_AUCany,0.8971771038084727,-0.000594739216433493,-0.002388548030106802,0.0014116764217817464,-0.00047989669779913147,1.0
v6_abl_shift_position,offset,-50.0,D∈L_g,B_r,0.6336063949716063,-0.002062472876317223,,,,
v6_abl_shift_position,offset,-50.0,D∈L_g,B_sign,0.7836438923395446,-0.0020703933747411307,,,,
v6_abl_shift_position,offset,-50.0,D∈L_g,B_r|TF,0.4599161651507843,-0.005523391383410625,,,,
v6_abl_shift_position,offset,-50.0,D∈L_g,C_AUCdn,0.9113451996750752,-0.0025210487606752707,,,,
v6_abl_shift_position,offset,-50.0,D∈L_g,C_APdn,0.5046709011683127,-0.004429522786405737,,,,
v6_abl_shift_position,offset,-50.0,D∈L_g,C_AUCup,0.8881620115007951,0.0039618065976066985,,,,
v6_abl_shift_position,offset,-50.0,D∈L_g,C_APup,0.2989942343946323,0.0027532540703214536,,,,
v6_abl_shift_position,offset,-50.0,D∈L_g,C_AUCany,0.9041126693184176,0.0006779073027700644,,,,
v6_abl_shift_position,offset,-50.0,D∉L_g,B_r,0.5925201037310578,0.008674861575576287,,,,
v6_abl_shift_position,offset,-50.0,D∉L_g,B_sign,0.7408637873754153,0.007641196013289053,,,,
v6_abl_shift_position,offset,-50.0,D∉L_g,B_r|TF,0.5719676980023034,0.009030340098929224,,,,
v6_abl_shift_position,offset,-50.0,D∉L_g,C_AUCdn,0.9067836184860079,0.001953858067574199,,,,
v6_abl_shift_position,offset,-50.0,D∉L_g,C_APdn,0.2884447963354252,1.761983340825557e-05,,,,
v6_abl_shift_position,offset,-50.0,D∉L_g,C_AUCup,0.8815270791398497,0.00044625099300665827,,,,
v6_abl_shift_position,offset,-50.0,D∉L_g,C_APup,0.230679034853022,0.0018831489944175217,,,,
v6_abl_shift_position,offset,-50.0,D∉L_g,C_AUCany,0.8921345395224165,-0.0009037860658875907,,,,
v6_abl_shift_position,offset,-25.0,全部,A_r,0.5158180351830165,0.007187213323036623,-0.00692891667047521,0.021724056394226,0.0054749884448230075,0.0
v6_abl_shift_position,offset,-25.0,全部,B_r,0.6074575431548339,0.002898907137853013,-0.004263039070055513,0.01318533216759443,0.0018270052989290224,1.0
v6_abl_shift_position,offset,-25.0,全部,B_sign,0.7474849094567404,0.0015090543259557165,-0.008022354790862394,0.01146835671550935,0.002012072434607622,1.0
v6_abl_shift_position,offset,-25.0,全部,B_r|TF,0.5600446292646042,0.00482659423866405,-0.003095199195313178,0.01652364038986491,0.0036793504998254103,1.0
v6_abl_shift_position,offset,-25.0,全部,C_AUCdn,0.9091330978713326,0.0001508945580404042,-0.002853210473873241,0.003806668961536197,-0.001087589256077215,3.0
v6_abl_shift_position,offset,-25.0,全部,C_APdn,0.3509634320827466,0.0005136201339917545,-0.007167467582510313,0.006838243915561503,6.50720855959001e-05,2.0
v6_abl_shift_position,offset,-25.0,全部,C_AUCup,0.8831994785409412,-0.0008863147600448595,-0.005496092040116018,0.004860398974105358,-0.0007188528977581191,2.0
v6_abl_shift_position,offset,-25.0,全部,C_APup,0.23686717178226416,-0.005546472588146251,-0.013102007456329567,0.002511329783367014,-0.004594689822658389,3.0
v6_abl_shift_position,offset,-25.0,全部,C_AUCany,0.89723446457423,-0.0005373784506762513,-0.0021991618212728993,0.0010177259138678674,-0.0006150719170779176,2.0
v6_abl_shift_position,offset,-25.0,D∈L_g,B_r,0.6332377723248106,-0.002431095523112936,,,,
v6_abl_shift_position,offset,-25.0,D∈L_g,B_sign,0.7877846790890269,0.0020703933747412417,,,,
v6_abl_shift_position,offset,-25.0,D∈L_g,B_r|TF,0.4678837949961599,0.0024442384619649538,,,,
v6_abl_shift_position,offset,-25.0,D∈L_g,C_AUCdn,0.9104712781839338,-0.0033949702518166758,,,,
v6_abl_shift_position,offset,-25.0,D∈L_g,C_APdn,0.5099101418452028,0.0008097178904843405,,,,
v6_abl_shift_position,offset,-25.0,D∈L_g,C_AUCup,0.889100806159514,0.004900601256325632,,,,
v6_abl_shift_position,offset,-25.0,D∈L_g,C_APup,0.2881250017756292,-0.008115978548681624,,,,
v6_abl_shift_position,offset,-25.0,D∈L_g,C_AUCany,0.9054871760753135,0.0020524140596659413,,,,
v6_abl_shift_position,offset,-25.0,D∉L_g,B_r,0.5902854716978513,0.00644022954236978,,,,
v6_abl_shift_position,offset,-25.0,D∉L_g,B_sign,0.7345514950166113,0.0013289036544851252,,,,
v6_abl_shift_position,offset,-25.0,D∉L_g,B_r|TF,0.5696567900821766,0.0067194321788024425,,,,
v6_abl_shift_position,offset,-25.0,D∉L_g,C_AUCdn,0.9060827317367326,0.0012529713182989344,,,,
v6_abl_shift_position,offset,-25.0,D∉L_g,C_APdn,0.28885405270945824,0.00042687620744130683,,,,
v6_abl_shift_position,offset,-25.0,D∉L_g,C_AUCup,0.8788240187836531,-0.002256809363189949,,,,
v6_abl_shift_position,offset,-25.0,D∉L_g,C_APup,0.22407452947861312,-0.004721356379991354,,,,
v6_abl_shift_position,offset,-25.0,D∉L_g,C_AUCany,0.8918723356548663,-0.00116598993343775,,,,
v6_abl_shift_position,offset,25.0,全部,A_r,0.5130883620894952,0.004457540229515278,-0.009208175802028973,0.019428528072403008,0.004288126537697001,1.0
v6_abl_shift_position,offset,25.0,全部,B_r,0.5956292978116562,-0.00892933820532471,-0.01771206531649485,-0.0007285658641640448,-0.008998749887661472,3.0
v6_abl_shift_position,offset,25.0,全部,B_sign,0.7474849094567404,0.0015090543259557165,-0.010315175234862322,0.01479960274881845,0.0016767270288396974,1.0
v6_abl_shift_position,offset,25.0,全部,B_r|TF,0.5441257271243977,-0.011092307901542475,-0.02001367794472796,-0.002156867814822474,-0.010881152402355617,3.0
v6_abl_shift_position,offset,25.0,全部,C_AUCdn,0.9107597812335968,0.0017775779203046405,-0.0016219286271247219,0.005839510167839439,9.532730861272487e-05,2.0
v6_abl_shift_position,offset,25.0,全部,C_APdn,0.3515694020593325,0.0011195901105776618,-0.00568703837966687,0.007878425893572091,0.0003918016322234652,1.0
v6_abl_shift_position,offset,25.0,全部,C_AUCup,0.8829838815970842,-0.0011019117039018367,-0.005426024648570818,0.0027894624381606145,-0.0015781502394897433,2.0
v6_abl_shift_position,offset,25.0,全部,C_APup,0.2368814575733669,-0.005532186797043509,-0.01328821846451113,0.003036799958549345,-0.005086517378204323,2.0
v6_abl_shift_position,offset,25.0,全部,C_AUCany,0.8975673027150045,-0.0002045403099016907,-0.0024910156720192923,0.0018925269505895932,-0.00040429605115062844,2.0
v6_abl_shift_position,offset,25.0,D∈L_g,B_r,0.6327015740237059,-0.002967293824217676,,,,
v6_abl_shift_position,offset,25.0,D∈L_g,B_sign,0.782608695652174,-0.0031055900621117516,,,,
v6_abl_shift_position,offset,25.0,D∈L_g,B_r|TF,0.4563119294323614,-0.009127627101833569,,,,
v6_abl_shift_position,offset,25.0,D∈L_g,C_AUCdn,0.9154892258886035,0.0016229774528530028,,,,
v6_abl_shift_position,offset,25.0,D∈L_g,C_APdn,0.5070579948935879,-0.002042429061130502,,,,
v6_abl_shift_position,offset,25.0,D∈L_g,C_AUCup,0.8825190673800333,-0.0016811375231551295,,,,
v6_abl_shift_position,offset,25.0,D∈L_g,C_APup,0.28976283649293216,-0.00647814383137868,,,,
v6_abl_shift_position,offset,25.0,D∈L_g,C_AUCany,0.903453770983128,1.900896748041614e-05,,,,
v6_abl_shift_position,offset,25.0,D∉L_g,B_r,0.5709937411872229,-0.0128515009682586,,,,
v6_abl_shift_position,offset,25.0,D∉L_g,B_sign,0.7362126245847176,0.002990033222591393,,,,
v6_abl_shift_position,offset,25.0,D∉L_g,B_r|TF,0.5496503845527693,-0.013286973350604914,,,,
v6_abl_shift_position,offset,25.0,D∉L_g,C_AUCdn,0.9067604305377337,0.0019306701193000375,,,,
v6_abl_shift_position,offset,25.0,D∉L_g,C_APdn,0.29139647730353047,0.0029693008015135303,,,,
v6_abl_shift_position,offset,25.0,D∉L_g,C_AUCup,0.8802193750797102,-0.0008614530671329224,,,,
v6_abl_shift_position,offset,25.0,D∉L_g,C_APup,0.2236438652535188,-0.005152020605085683,,,,
v6_abl_shift_position,offset,25.0,D∉L_g,C_AUCany,0.8928958869761429,-0.0001424386121612331,,,,
v6_abl_shift_position,offset,50.0,全部,A_r,0.5033699041835721,-0.005260917676407795,-0.01835173779726183,0.010193027596987411,-0.004492402363593366,2.0
v6_abl_shift_position,offset,50.0,全部,B_r,0.5965286590108957,-0.00802997700608521,-0.015540152513967925,-8.052975513605088e-06,-0.009130403930689646,3.0
v6_abl_shift_position,offset,50.0,全部,B_sign,0.7394366197183099,-0.006539235412474809,-0.020132307146620246,0.004081485784977793,-0.005281690140845082,3.0
v6_abl_shift_position,offset,50.0,全部,B_r|TF,0.5463392500331969,-0.008878784992743194,-0.01757164867097238,-0.0005718616572976809,-0.009803670645709639,3.0
v6_abl_shift_position,offset,50.0,全部,C_AUCdn,0.9096262434104515,0.0006440400971593485,-0.0026909976716640777,0.004176757590399894,-0.0005192590237083442,2.0
v6_abl_shift_position,offset,50.0,全部,C_APdn,0.35091945439237043,0.00046964244361558105,-0.00989456016487117,0.009222327285613292,0.00021452406553873482,1.0
v6_abl_shift_position,offset,50.0,全部,C_AUCup,0.8792361676147658,-0.004849625686220271,-0.009520753596732014,-0.0006830200954127035,-0.0060809571849099004,3.0
v6_abl_shift_position,offset,50.0,全部,C_APup,0.23647244235399242,-0.005941202016417985,-0.014146870766533159,0.001204422168876235,-0.0049980732299997705,3.0
v6_abl_shift_position,offset,50.0,全部,C_AUCany,0.8965027241768798,-0.0012691188480263849,-0.003329743279970365,0.0003054163891811822,-0.0010177385034022917,2.0
v6_abl_shift_position,offset,50.0,D∈L_g,B_r,0.629285914993715,-0.0063829528542085345,,,,
v6_abl_shift_position,offset,50.0,D∈L_g,B_sign,0.7815734989648033,-0.0041407867494823725,,,,
v6_abl_shift_position,offset,50.0,D∈L_g,B_r|TF,0.4539003552230582,-0.011539201311136726,,,,
v6_abl_shift_position,offset,50.0,D∈L_g,C_AUCdn,0.9133938176469297,-0.0004724307888207546,,,,
v6_abl_shift_position,offset,50.0,D∈L_g,C_APdn,0.5053283596556104,-0.0037720642991080355,,,,
v6_abl_shift_position,offset,50.0,D∈L_g,C_AUCup,0.8844342567775006,0.0002340518743122466,,,,
v6_abl_shift_position,offset,50.0,D∈L_g,C_APup,0.28890458497668114,-0.007336395347629698,,,,
v6_abl_shift_position,offset,50.0,D∈L_g,C_AUCany,0.9016760365035539,-0.0017587255120936618,,,,
v6_abl_shift_position,offset,50.0,D∉L_g,B_r,0.5745812236774449,-0.009264018478036595,,,,
v6_abl_shift_position,offset,50.0,D∉L_g,B_sign,0.7259136212624585,-0.007308970099667689,,,,
v6_abl_shift_position,offset,50.0,D∉L_g,B_r|TF,0.5534801451732237,-0.009457212730150433,,,,
v6_abl_shift_position,offset,50.0,D∉L_g,C_AUCdn,0.9057678483543122,0.0009380879358785732,,,,
v6_abl_shift_position,offset,50.0,D∉L_g,C_APdn,0.2909385186002783,0.002511342098261371,,,,
v6_abl_shift_position,offset,50.0,D∉L_g,C_AUCup,0.8750240456401551,-0.006056782506687952,,,,
v6_abl_shift_position,offset,50.0,D∉L_g,C_APup,0.2237967730968862,-0.004999112761718272,,,,
v6_abl_shift_position,offset,50.0,D∉L_g,C_AUCany,0.8918512521023689,-0.001187073485935164,,,,
v6_abl_shift_position,offset,100.0,全部,A_r,0.5116977748339165,0.003066952973936665,-0.012417524925878073,0.017822599874464315,0.002862941271479661,1.0
v6_abl_shift_position,offset,100.0,全部,B_r,0.6026695993079432,-0.001889036709037728,-0.011485243146350767,0.010113856138324781,-0.0027803759815251774,2.0
v6_abl_shift_position,offset,100.0,全部,B_sign,0.7414486921529175,-0.00452716297786715,-0.017406226453063466,0.006424987033339901,-0.004694835680751204,2.0
v6_abl_shift_position,offset,100.0,全部,B_r|TF,0.553961328079651,-0.001256706946289099,-0.012432834482816938,0.011288075718710622,-0.002021647360554768,2.0
v6_abl_shift_position,offset,100.0,全部,C_AUCdn,0.9097403664981037,0.0007581631848115888,-0.0035240940358146427,0.00541458103975773,0.000744081332903305,1.0
v6_abl_shift_position,offset,100.0,全部,C_APdn,0.35336494354480397,0.002915131596049114,-0.005809245110261646,0.011515592800281695,0.002666870001815443,1.0
v6_abl_shift_position,offset,100.0,全部,C_AUCup,0.8821129253014083,-0.001972867999577743,-0.007484868118682597,0.0030210493662367385,-0.0025816185656519406,3.0
v6_abl_shift_position,offset,100.0,全部,C_APup,0.24076974511697086,-0.0016438992534395513,-0.009468767913348554,0.005954723135590098,-0.001927523838103018,2.0
v6_abl_shift_position,offset,100.0,全部,C_AUCany,0.897175314743616,-0.0005965282812901984,-0.00285111925159611,0.0013362979511006806,-0.000628392513161898,2.0
v6_abl_shift_position,offset,100.0,D∈L_g,B_r,0.6350703912131411,-0.0005984766347824078,,,,
v6_abl_shift_position,offset,100.0,D∈L_g,B_sign,0.7743271221532091,-0.011387163561076608,,,,
v6_abl_shift_position,offset,100.0,D∈L_g,B_r|TF,0.4661900383203061,0.0007504817861111457,,,,
v6_abl_shift_position,offset,100.0,D∈L_g,C_AUCdn,0.9150336725284858,0.001167424092735292,,,,
v6_abl_shift_position,offset,100.0,D∈L_g,C_APdn,0.5098654938958919,0.0007650699411734241,,,,
v6_abl_shift_position,offset,100.0,D∈L_g,C_AUCup,0.8857062778335455,0.0015060729303570941,,,,
v6_abl_shift_position,offset,100.0,D∈L_g,C_APup,0.2867348350397422,-0.009506145284568668,,,,
v6_abl_shift_position,offset,100.0,D∈L_g,C_AUCany,0.9043396680717461,0.0009049060560986089,,,,
v6_abl_shift_position,offset,100.0,D∉L_g,B_r,0.5810227301965235,-0.002822511958957996,,,,
v6_abl_shift_position,offset,100.0,D∉L_g,B_sign,0.7308970099667774,-0.0023255813953487747,,,,
v6_abl_shift_position,offset,100.0,D∉L_g,B_r|TF,0.5597269911984617,-0.0032103667049124818,,,,
v6_abl_shift_position,offset,100.0,D∉L_g,C_AUCdn,0.9054872220641982,0.0006574616457645233,,,,
v6_abl_shift_position,offset,100.0,D∉L_g,C_APdn,0.2927071615250486,0.004279985023031674,,,,
v6_abl_shift_position,offset,100.0,D∉L_g,C_AUCup,0.8783036486568063,-0.002777179490036752,,,,
v6_abl_shift_position,offset,100.0,D∉L_g,C_APup,0.22911944970879966,0.00032356385019519096,,,,
v6_abl_shift_position,offset,100.0,D∉L_g,C_AUCany,0.8920986138712425,-0.000939711717061642,,,,
v6_abl_shift_position,offset,200.0,全部,A_r,0.50591689962107,-0.0027139222389098716,-0.023341906965815448,0.01955135827608173,-0.0038299999014647645,2.0
v6_abl_shift_position,offset,200.0,全部,B_r,0.6049432149596348,0.00038457894265386816,-0.013036934186195254,0.014951255882591526,-0.001018938490065735,2.0
v6_abl_shift_position,offset,200.0,全部,B_sign,0.7502515090543259,0.004275653923541234,-0.008048785733103195,0.016946925580078476,-0.004443326626425252,3.0
v6_abl_shift_position,offset,200.0,全部,B_r|TF,0.5553193813296737,0.00010134630373359599,-0.013938378646455163,0.015358517807131582,-0.0011418131306070538,2.0
v6_abl_shift_position,offset,200.0,全部,C_AUCdn,0.9112921632374519,0.0023099599241597213,-0.00199636697430057,0.0076484923005417016,0.002790447725187365,0.0
v6_abl_shift_position,offset,200.0,全部,C_APdn,0.35447654863148886,0.004026736682734011,-0.005050366612633373,0.0130380410265882,0.0028282437720360174,1.0
v6_abl_shift_position,offset,200.0,全部,C_AUCup,0.8851492034268393,0.0010634101258533146,-0.004853984859685132,0.007286284881990697,0.0004963236516100089,1.0
v6_abl_shift_position,offset,200.0,全部,C_APup,0.24148976791642038,-0.0009238764539900302,-0.012971822601315174,0.009639358800312577,-0.0015874104510607001,2.0
v6_abl_shift_position,offset,200.0,全部,C_AUCany,0.8972942656759356,-0.00047757734897058146,-0.002567201647362513,0.0016613617992502967,-0.0003422099232035884,1.0
v6_abl_shift_position,offset,200.0,D∈L_g,B_r,0.6364625768615444,0.000793709013620858,,,,
v6_abl_shift_position,offset,200.0,D∈L_g,B_sign,0.782608695652174,-0.0031055900621117516,,,,
v6_abl_shift_position,offset,200.0,D∈L_g,B_r|TF,0.46644987225543405,0.0010103157212391078,,,,
v6_abl_shift_position,offset,200.0,D∈L_g,C_AUCdn,0.9139311510680805,6.4902632330055e-05,,,,
v6_abl_shift_position,offset,200.0,D∈L_g,C_APdn,0.5126870637714736,0.0035866398167551106,,,,
v6_abl_shift_position,offset,200.0,D∈L_g,C_AUCup,0.8841703663075686,-2.9838595619779973e-05,,,,
v6_abl_shift_position,offset,200.0,D∈L_g,C_APup,0.29498811132456154,-0.0012528689997493014,,,,
v6_abl_shift_position,offset,200.0,D∈L_g,C_AUCany,0.9048377030197329,0.001402941004085334,,,,
v6_abl_shift_position,offset,200.0,D∉L_g,B_r,0.5839670004171561,0.00012175826167459824,,,,
v6_abl_shift_position,offset,200.0,D∉L_g,B_sign,0.7398671096345515,0.006644518272425293,,,,
v6_abl_shift_position,offset,200.0,D∉L_g,B_r|TF,0.5623407144422498,-0.0005966434611244242,,,,
v6_abl_shift_position,offset,200.0,D∉L_g,C_AUCdn,0.9078728061101499,0.0030430456917162063,,,,
v6_abl_shift_position,offset,200.0,D∉L_g,C_APdn,0.29233782332961417,0.003910646827597231,,,,
v6_abl_shift_position,offset,200.0,D∉L_g,C_AUCup,0.8826422799029313,0.001561451756088239,,,,
v6_abl_shift_position,offset,200.0,D∉L_g,C_APup,0.22752931400953552,-0.0012665718490689482,,,,
v6_abl_shift_position,offset,200.0,D∉L_g,C_AUCany,0.8920843919925052,-0.0009539335957988726,,,,
v6_abl_shift_position,offset,400.0,全部,A_r,0.5084724017617527,-0.0001584200982271966,-0.017244679611033265,0.015781254050878858,-0.003075192266672485,1.0
v6_abl_shift_position,offset,400.0,全部,B_r,0.6027503479292469,-0.0018082880877340335,-0.012193762897553187,0.009308568554484295,-0.0029346405702919873,2.0
v6_abl_shift_position,offset,400.0,全部,B_sign,0.738682092555332,-0.007293762575452667,-0.020303160479229015,0.0025650450547560063,-0.0039403085177733095,2.0
v6_abl_shift_position,offset,400.0,全部,B_r|TF,0.5525041390464477,-0.0027138959794924533,-0.014952674702385513,0.00918844513690635,-0.003658294594297007,2.0
v6_abl_shift_position,offset,400.0,全部,C_AUCdn,0.9110757405187222,0.0020935372054300405,-0.0018689695490703984,0.007892360527412118,0.0006492271518045619,1.0
v6_abl_shift_position,offset,400.0,全部,C_APdn,0.3444676301635482,-0.005982181785206653,-0.015948205324952718,0.003537490313505856,-0.005202311117096126,3.0
v6_abl_shift_position,offset,400.0,全部,C_AUCup,0.8826243443250725,-0.001461448975913493,-0.00793193215922978,0.004748137105760898,-0.000409791508116375,2.0
v6_abl_shift_position,offset,400.0,全部,C_APup,0.24665816392091586,0.004244519550505449,-0.004768735262810455,0.013896638767620739,0.003227992720037367,1.0
v6_abl_shift_position,offset,400.0,全部,C_AUCany,0.8962477579799604,-0.0015240850449458332,-0.0038146993593849736,0.0005991728389741026,-0.0013911931357791045,2.0
v6_abl_shift_position,offset,400.0,D∈L_g,B_r,0.6344381550692708,-0.0012307127786527206,,,,
v6_abl_shift_position,offset,400.0,D∈L_g,B_sign,0.7784679089026915,-0.007246376811594235,,,,
v6_abl_shift_position,offset,400.0,D∈L_g,B_r|TF,0.4630651379574105,-0.002374418576784443,,,,
v6_abl_shift_position,offset,400.0,D∈L_g,C_AUCdn,0.9134614645766098,-0.00040478385914066717,,,,
v6_abl_shift_position,offset,400.0,D∈L_g,C_APdn,0.49927825241544727,-0.009822171539271174,,,,
v6_abl_shift_position,offset,400.0,D∈L_g,C_AUCup,0.8828052074386067,-0.0013949974645817154,,,,
v6_abl_shift_position,offset,400.0,D∈L_g,C_APup,0.2963830830615718,0.0001421027372609518,,,,
v6_abl_shift_position,offset,400.0,D∈L_g,C_AUCany,0.9011599430364607,-0.002274818979186799,,,,
v6_abl_shift_position,offset,400.0,D∉L_g,B_r,0.5817191230683177,-0.002126119087163758,,,,
v6_abl_shift_position,offset,400.0,D∉L_g,B_sign,0.7259136212624585,-0.007308970099667689,,,,
v6_abl_shift_position,offset,400.0,D∉L_g,B_r|TF,0.560213660555825,-0.002723697347549181,,,,
v6_abl_shift_position,offset,400.0,D∉L_g,C_AUCdn,0.9077099326108603,0.0028801721924266444,,,,
v6_abl_shift_position,offset,400.0,D∉L_g,C_APdn,0.2837735837118323,-0.004653592790184624,,,,
v6_abl_shift_position,offset,400.0,D∉L_g,C_AUCup,0.8797405064659007,-0.0013403216809423357,,,,
v6_abl_shift_position,offset,400.0,D∉L_g,C_APup,0.23480896972166812,0.006013083863063651,,,,
v6_abl_shift_position,offset,400.0,D∉L_g,C_AUCany,0.8916250406185179,-0.0014132849697862104,,,,
v6_abl_shift_position,jitter,10.0,全部,A_r,0.512787302842049,0.004156480982069111,-0.0052427882807438205,0.014345825998213968,0.002848021919372982,1.0
v6_abl_shift_position,jitter,10.0,全部,B_r,0.6092723147096835,0.004713678692702561,-0.00034014479336232046,0.010322763989106082,0.004106712863213661,0.0
v6_abl_shift_position,jitter,10.0,全部,B_sign,0.7484909456740443,0.0025150905432596016,-0.004079244294598794,0.010943495724592028,0.001089872568745857,1.0
v6_abl_shift_position,jitter,10.0,全部,B_r|TF,0.5610568802905473,0.005838845264607206,-0.0006295916260398853,0.012582527706718088,0.004987756160069264,0.0
v6_abl_shift_position,jitter,10.0,全部,C_AUCdn,0.910678554701993,0.0016963513887008341,-0.0003090533938486045,0.0038613287247217603,0.0015191209761394135,0.0
v6_abl_shift_position,jitter,10.0,全部,C_APdn,0.351804691080019,0.0013548791312641417,-0.003952183430004713,0.00585972838444319,0.00017840246801459347,1.0
v6_abl_shift_position,jitter,10.0,全部,C_AUCup,0.8854223743395556,0.0013365810385695953,-0.0016395092892610235,0.004343813973267755,0.0012551755912075802,1.0
v6_abl_shift_position,jitter,10.0,全部,C_APup,0.24475139954899916,0.002337755178588752,-0.003607351221706953,0.007599737796832191,0.001857071081252215,1.0
v6_abl_shift_position,jitter,10.0,全部,C_AUCany,0.8981409386887114,0.00036909566380516345,-0.0007923234789437239,0.0016251797842962825,-0.0001333329544119429,2.0
v6_abl_shift_position,jitter,10.0,D∈L_g,B_r,0.6315803918941686,-0.004088475953754944,,,,
v6_abl_shift_position,jitter,10.0,D∈L_g,B_sign,0.7836438923395446,-0.0020703933747411307,,,,
v6_abl_shift_position,jitter,10.0,D∈L_g,B_r|TF,0.461353438330257,-0.0040861182039379496,,,,
v6_abl_shift_position,jitter,10.0,D∈L_g,C_AUCdn,0.9134975520867638,-0.0003686963489867301,,,,
v6_abl_shift_position,jitter,10.0,D∈L_g,C_APdn,0.5115216200012552,0.0024211960465367888,,,,
v6_abl_shift_position,jitter,10.0,D∈L_g,C_AUCup,0.884444432945949,0.00024422804276058585,,,,
v6_abl_shift_position,jitter,10.0,D∈L_g,C_APup,0.29682759223447375,0.0005866119101629041,,,,
v6_abl_shift_position,jitter,10.0,D∈L_g,C_AUCany,0.9041440341147603,0.0007092720991127566,,,,
v6_abl_shift_position,jitter,10.0,D∉L_g,B_r,0.5943939387576476,0.010548696602166063,,,,
v6_abl_shift_position,jitter,10.0,D∉L_g,B_sign,0.7372093023255814,0.003986710963455153,,,,
v6_abl_shift_position,jitter,10.0,D∉L_g,B_r|TF,0.5737939677315838,0.010856609828209574,,,,
v6_abl_shift_position,jitter,10.0,D∉L_g,C_AUCdn,0.9071443639452934,0.0023146035268597487,,,,
v6_abl_shift_position,jitter,10.0,D∉L_g,C_APdn,0.28894793142199743,0.0005207549199804928,,,,
v6_abl_shift_position,jitter,10.0,D∉L_g,C_AUCup,0.8825804015208801,0.0014995733740370554,,,,
v6_abl_shift_position,jitter,10.0,D∉L_g,C_APup,0.23114339763851235,0.002347511779907885,,,,
v6_abl_shift_position,jitter,10.0,D∉L_g,C_AUCany,0.8933711717218648,0.0003328461335606603,,,,
v6_abl_shift_position,jitter,25.0,全部,A_r,0.5211380689825666,0.012507247122586773,-0.0003005640319942548,0.0294888669832278,0.010659129439821299,0.0
v6_abl_shift_position,jitter,25.0,全部,B_r,0.6064583068908567,0.0018996708738757695,-0.005693426117628128,0.010810662614027739,0.0015768149408262138,1.0
v6_abl_shift_position,jitter,25.0,全部,B_sign,0.7434607645875252,-0.0025150905432594906,-0.010525721958572364,0.00520349506524334,0.0022635814889336117,1.0
v6_abl_shift_position,jitter,25.0,全部,B_r|TF,0.5566035274880735,0.0013854924621333753,-0.006296554841829238,0.010501382167667975,0.0011593783965218412,1.0
v6_abl_shift_position,jitter,25.0,全部,C_AUCdn,0.9112854542893033,0.0023032509760111397,-0.0002383977903647527,0.005083492989009575,0.002149624895123233,0.0
v6_abl_shift_position,jitter,25.0,全部,C_APdn,0.3507977895438712,0.0003479775951163444,-0.006127357040173196,0.007294554718513133,-6.649579818324147e-05,2.0
v6_abl_shift_position,jitter,25.0,全部,C_AUCup,0.8828124787560839,-0.0012733145449020933,-0.004703810827546351,0.0023848284137321708,-0.0025836872641261297,3.0
v6_abl_shift_position,jitter,25.0,全部,C_APup,0.2434722833066003,0.001058638936189904,-0.006240280890696839,0.008208081516662344,0.0010833253918006807,2.0
v6_abl_shift_position,jitter,25.0,全部,C_AUCany,0.8986065666289558,0.0008347236040495698,-0.0006874306783045236,0.0025631508622251447,0.000883496858494833,1.0
v6_abl_shift_position,jitter,25.0,D∈L_g,B_r,0.6398180457714364,0.004149177923512881,,,,
v6_abl_shift_position,jitter,25.0,D∈L_g,B_sign,0.7784679089026915,-0.007246376811594235,,,,
v6_abl_shift_position,jitter,25.0,D∈L_g,B_r|TF,0.46979652254611,0.004356966011915042,,,,
v6_abl_shift_position,jitter,25.0,D∈L_g,C_AUCdn,0.9156711728029155,0.0018049243671650617,,,,
v6_abl_shift_position,jitter,25.0,D∈L_g,C_APdn,0.5093248288427066,0.00022440488798813885,,,,
v6_abl_shift_position,jitter,25.0,D∈L_g,C_AUCup,0.8858960030080064,0.0016957981048180137,,,,
v6_abl_shift_position,jitter,25.0,D∈L_g,C_APup,0.29926616406665346,0.0030251837423426187,,,,
v6_abl_shift_position,jitter,25.0,D∈L_g,C_AUCany,0.9048282777400238,0.001393515724376293,,,,
v6_abl_shift_position,jitter,25.0,D∉L_g,B_r,0.5844762029281791,0.0006309607726976418,,,,
v6_abl_shift_position,jitter,25.0,D∉L_g,B_sign,0.7322259136212624,-0.0009966777408637606,,,,
v6_abl_shift_position,jitter,25.0,D∉L_g,B_r|TF,0.5630194063690022,8.204846562798185e-05,,,,
v6_abl_shift_position,jitter,25.0,D∉L_g,C_AUCdn,0.9073106947170227,0.002480934298589088,,,,
v6_abl_shift_position,jitter,25.0,D∉L_g,C_APdn,0.2883365248117763,-9.065169024063957e-05,,,,
v6_abl_shift_position,jitter,25.0,D∉L_g,C_AUCup,0.8791269408144777,-0.001953887332365345,,,,
v6_abl_shift_position,jitter,25.0,D∉L_g,C_APup,0.22894911320976527,0.00015322735116080066,,,,
v6_abl_shift_position,jitter,25.0,D∉L_g,C_AUCany,0.893842523174047,0.0008041975857429051,,,,
v6_abl_shift_position,jitter,50.0,全部,A_r,0.5154213640742947,0.006790542214314854,-0.005931818461480415,0.01835748813009027,0.005384589316130117,1.0
v6_abl_shift_position,jitter,50.0,全部,B_r,0.6068181418643032,0.002259505847322263,-0.005080369908632942,0.008784641294848641,0.0016533259463510734,1.0
v6_abl_shift_position,jitter,50.0,全部,B_sign,0.7457243460764588,-0.00025150905432591575,-0.01032367133081711,0.008453282204441212,0.0005868544600939144,1.0
v6_abl_shift_position,jitter,50.0,全部,B_r|TF,0.5585217435426604,0.0033037085167202385,-0.005388235970812239,0.010639869935129491,0.0026709725027349953,0.0
v6_abl_shift_position,jitter,50.0,全部,C_AUCdn,0.9081376470444238,-0.0008445562688683683,-0.004663858110107258,0.0026764323650364913,-0.0007433921438245727,2.0
v6_abl_shift_position,jitter,50.0,全部,C_APdn,0.35056272192307136,0.00011290997431651073,-0.006662745023762728,0.008557128493184026,0.0015892761290227653,1.0
v6_abl_shift_position,jitter,50.0,全部,C_AUCup,0.8846169496542564,0.00053115635327039,-0.003898726970697486,0.0041862735313257515,0.0006105723902531205,1.0
v6_abl_shift_position,jitter,50.0,全部,C_APup,0.24271995627512225,0.0003063119047118368,-0.00706280792881388,0.007240906095373772,-0.0009088627618952979,2.0
v6_abl_shift_position,jitter,50.0,全部,C_AUCany,0.8966352153698413,-0.001136627655064948,-0.002838619221490715,0.000636039083734738,-0.0011533676388965075,2.0
v6_abl_shift_position,jitter,50.0,D∈L_g,B_r,0.63342476308228,-0.0022441047656435176,,,,
v6_abl_shift_position,jitter,50.0,D∈L_g,B_sign,0.7867494824016563,0.0010351966873706209,,,,
v6_abl_shift_position,jitter,50.0,D∈L_g,B_r|TF,0.466480189627829,0.001040633093634058,,,,
v6_abl_shift_position,jitter,50.0,D∈L_g,C_AUCdn,0.9103944378581308,-0.003471810577619694,,,,
v6_abl_shift_position,jitter,50.0,D∈L_g,C_APdn,0.5089938660908598,-0.00010655786385860289,,,,
v6_abl_shift_position,jitter,50.0,D∈L_g,C_AUCup,0.8864211967864005,0.00222099188321212,,,,
v6_abl_shift_position,jitter,50.0,D∈L_g,C_APup,0.2946550050429698,-0.0015859752813410233,,,,
v6_abl_shift_position,jitter,50.0,D∈L_g,C_AUCany,0.9044799384109453,0.0010451763952977755,,,,
v6_abl_shift_position,jitter,50.0,D∉L_g,B_r,0.5892252317023414,0.00537998954685992,,,,
v6_abl_shift_position,jitter,50.0,D∉L_g,B_sign,0.7325581395348837,-0.0006644518272425071,,,,
v6_abl_shift_position,jitter,50.0,D∉L_g,B_r|TF,0.5684837525756213,0.005546394672247157,,,,
v6_abl_shift_position,jitter,50.0,D∉L_g,C_AUCdn,0.9047776737831207,-5.208663531297564e-05,,,,
v6_abl_shift_position,jitter,50.0,D∉L_g,C_APdn,0.28845550684877314,2.8330346756200164e-05,,,,
v6_abl_shift_position,jitter,50.0,D∉L_g,C_AUCup,0.8811512409175918,7.041277074870678e-05,,,,
v6_abl_shift_position,jitter,50.0,D∉L_g,C_APup,0.2295108159358638,0.0007149300772593403,,,,
v6_abl_shift_position,jitter,50.0,D∉L_g,C_AUCany,0.8913897574366922,-0.001648568151611851,,,,
v6_abl_shift_position,jitter,100.0,全部,A_r,0.5215221325291465,0.0128913106691666,-0.0007860172026939288,0.02977852200064139,0.011159628459781246,1.0
v6_abl_shift_position,jitter,100.0,全部,B_r,0.6064447952175399,0.0018861592005590122,-0.008403152176468111,0.010773580061481491,0.001001144924351031,1.0
v6_abl_shift_position,jitter,100.0,全部,B_sign,0.7452213279678068,-0.0007545271629778583,-0.009549409108859814,0.007238138567208786,0.002347417840375584,1.0
v6_abl_shift_position,jitter,100.0,全部,B_r|TF,0.5588294428300526,0.0036114078041125097,-0.006951404508018291,0.01287106487465598,0.0026641733187709273,1.0
v6_abl_shift_position,jitter,100.0,全部,C_AUCdn,0.9122753411366475,0.0032931378233553854,-0.00017306578385799514,0.0070392930101491145,0.0017759692867571248,0.0
v6_abl_shift_position,jitter,100.0,全部,C_APdn,0.34948944007717747,-0.0009603718715773812,-0.008622909052845523,0.005603197566718362,4.2798578382075014e-05,1.0
v6_abl_shift_position,jitter,100.0,全部,C_AUCup,0.8838328300404383,-0.00025296326054768947,-0.006462037228756615,0.0039918897974173684,-0.0005011674334032268,3.0
v6_abl_shift_position,jitter,100.0,全部,C_APup,0.24143859254271466,-0.0009750518276957498,-0.009548709623048011,0.005747564658801218,-0.0011358858046878935,2.0
v6_abl_shift_position,jitter,100.0,全部,C_AUCany,0.8983544577874188,0.0005826147625126454,-0.001232168216708887,0.001989090734720317,0.00023345365734076898,2.0
v6_abl_shift_position,jitter,100.0,D∈L_g,B_r,0.6353075329530317,-0.00036133489489187376,,,,
v6_abl_shift_position,jitter,100.0,D∈L_g,B_sign,0.777432712215321,-0.008281573498964745,,,,
v6_abl_shift_position,jitter,100.0,D∈L_g,B_r|TF,0.46855450138130705,0.003114944847112111,,,,
v6_abl_shift_position,jitter,100.0,D∈L_g,C_AUCdn,0.9129864267053064,-0.000879821730444097,,,,
v6_abl_shift_position,jitter,100.0,D∈L_g,C_APdn,0.504905502105495,-0.004194921849223432,,,,
v6_abl_shift_position,jitter,100.0,D∈L_g,C_AUCup,0.8854860241537394,0.0012858192505510457,,,,
v6_abl_shift_position,jitter,100.0,D∈L_g,C_APup,0.28691728657687593,-0.009323693747434914,,,,
v6_abl_shift_position,jitter,100.0,D∈L_g,C_AUCany,0.9034783242327902,4.3562217142634196e-05,,,,
v6_abl_shift_position,jitter,100.0,D∉L_g,B_r,0.5871405079238825,0.003295265768401001,,,,
v6_abl_shift_position,jitter,100.0,D∉L_g,B_sign,0.7348837209302326,0.0016611295681063787,,,,
v6_abl_shift_position,jitter,100.0,D∉L_g,B_r|TF,0.5667804854302269,0.0038431275268526743,,,,
v6_abl_shift_position,jitter,100.0,D∉L_g,C_AUCdn,0.9092610074287829,0.0044312470103492485,,,,
v6_abl_shift_position,jitter,100.0,D∉L_g,C_APdn,0.28790847323576096,-0.000518703266255971,,,,
v6_abl_shift_position,jitter,100.0,D∉L_g,C_AUCup,0.8804478203451682,-0.0006330078016748564,,,,
v6_abl_shift_position,jitter,100.0,D∉L_g,C_APup,0.23050510065745036,0.0017092147988458928,,,,
v6_abl_shift_position,jitter,100.0,D∉L_g,C_AUCany,0.8938035121249466,0.0007651865366424815,,,,
v6_abl_shift_position,jitter,200.0,全部,A_r,0.5150256318804252,0.006394810020445285,-0.011629669967073347,0.026150517920174133,0.0058148041779984005,1.0
v6_abl_shift_position,jitter,200.0,全部,B_r,0.604591910394102,3.3274377121084164e-05,-0.00863541024805048,0.011150654547177206,8.465000792257094e-05,1.0
v6_abl_shift_position,jitter,200.0,全部,B_sign,0.7469818913480886,0.001006036217303885,-0.011080292990455973,0.013374673335135534,-8.383635144200892e-05,1.0
v6_abl_shift_position,jitter,200.0,全部,B_r|TF,0.5536476143863696,-0.00157042063957058,-0.012133992110983283,0.009493654497227864,-0.0014342439308136685,2.0
v6_abl_shift_position,jitter,200.0,全部,C_AUCdn,0.909714793955972,0.0007325906426798312,-0.002631696231698255,0.00484352814070963,0.0005069750563531464,1.0
v6_abl_shift_position,jitter,200.0,全部,C_APdn,0.3507954210128717,0.00034560906411684744,-0.00933349362229276,0.009454277180196174,-0.000668052014970999,2.0
v6_abl_shift_position,jitter,200.0,全部,C_AUCup,0.8864032942127495,0.002317500911763526,-0.0026710544921775517,0.007062442291406232,0.00040652988421544894,1.0
v6_abl_shift_position,jitter,200.0,全部,C_APup,0.24260344868080938,0.00018980431039897216,-0.007859130363537394,0.009517502906032555,0.00023401689039464121,2.0
v6_abl_shift_position,jitter,200.0,全部,C_AUCany,0.8971171971648115,-0.0006546458600946714,-0.0023272062782043663,0.0014016167658596897,-0.0010048889848273863,2.0
v6_abl_shift_position,jitter,200.0,D∈L_g,B_r,0.6358834989078272,0.00021463105990371378,,,,
v6_abl_shift_position,jitter,200.0,D∈L_g,B_sign,0.7784679089026915,-0.007246376811594235,,,,
v6_abl_shift_position,jitter,200.0,D∈L_g,B_r|TF,0.46180532876556124,-0.003634227768633702,,,,
v6_abl_shift_position,jitter,200.0,D∈L_g,C_AUCdn,0.9117132099497245,-0.0021530384860259932,,,,
v6_abl_shift_position,jitter,200.0,D∈L_g,C_APdn,0.5076717489237842,-0.0014286750309342455,,,,
v6_abl_shift_position,jitter,200.0,D∈L_g,C_AUCup,0.8848454429737869,0.0006452380705984639,,,,
v6_abl_shift_position,jitter,200.0,D∈L_g,C_APup,0.2950658993930746,-0.0011750809312362498,,,,
v6_abl_shift_position,jitter,200.0,D∈L_g,C_AUCany,0.9030933926413118,-0.00034136937433570935,,,,
v6_abl_shift_position,jitter,200.0,D∉L_g,B_r,0.5840278374069392,0.00018259525145769562,,,,
v6_abl_shift_position,jitter,200.0,D∉L_g,B_sign,0.7368770764119601,0.0036544850498339,,,,
v6_abl_shift_position,jitter,200.0,D∉L_g,B_r|TF,0.5620904627970333,-0.0008468951063408392,,,,
v6_abl_shift_position,jitter,200.0,D∉L_g,C_AUCdn,0.9064882162098615,0.0016584557914278708,,,,
v6_abl_shift_position,jitter,200.0,D∉L_g,C_APdn,0.2900671141987099,0.0016399376966929613,,,,
v6_abl_shift_position,jitter,200.0,D∉L_g,C_AUCup,0.8840597605856879,0.002978932438844839,,,,
v6_abl_shift_position,jitter,200.0,D∉L_g,C_APup,0.2293148421172548,0.0005189562586503382,,,,
v6_abl_shift_position,jitter,200.0,D∉L_g,C_AUCany,0.8923826549762798,-0.0006556706120243172,,,,
v6_abl_shift_position,jitter,400.0,全部,A_r,0.5118822255098086,0.003251403649828677,-0.011269970988073558,0.021299975342730613,0.0026973330167077703,1.0
v6_abl_shift_position,jitter,400.0,全部,B_r,0.60735557490348,0.002796938886499123,-0.0071562674258639795,0.015114571701706965,0.0017563570705349714,1.0
v6_abl_shift_position,jitter,400.0,全部,B_sign,0.7396881287726358,-0.006287726358148893,-0.02085088358246773,0.006913840654721422,-0.004610999329309158,2.0
v6_abl_shift_position,jitter,400.0,全部,B_r|TF,0.5571574556758973,0.0019394206499571132,-0.009914731407632712,0.015532847289528473,0.0007880849415619803,1.0
v6_abl_shift_position,jitter,400.0,全部,C_AUCdn,0.9091198881511416,0.00013768483784948327,-0.003026724425155808,0.003229599175941928,-0.0013791099280126746,2.0
v6_abl_shift_position,jitter,400.0,全部,C_APdn,0.34747736401218454,-0.0029724479365703105,-0.012260433496044738,0.007119168298344224,-0.004419071496292133,3.0
v6_abl_shift_position,jitter,400.0,全部,C_AUCup,0.888321269622675,0.004235476321688969,-0.0016386538944144072,0.009535005786252026,0.004222804642533477,0.0
v6_abl_shift_position,jitter,400.0,全部,C_APup,0.24192437378574297,-0.0004892705846674394,-0.010429506071695824,0.008030316550522614,-0.00013480359078218984,2.0
v6_abl_shift_position,jitter,400.0,全部,C_AUCany,0.8974528566222522,-0.0003189864026540423,-0.002373776822071605,0.0016102748283834567,-0.00034264839425483345,1.0
v6_abl_shift_position,jitter,400.0,D∈L_g,B_r,0.63960364312436,0.003934775276436486,,,,
v6_abl_shift_position,jitter,400.0,D∈L_g,B_sign,0.7815734989648033,-0.0041407867494823725,,,,
v6_abl_shift_position,jitter,400.0,D∈L_g,B_r|TF,0.46459679830464606,-0.0008427582295488789,,,,
v6_abl_shift_position,jitter,400.0,D∈L_g,C_AUCdn,0.9099460196711234,-0.003920228764627054,,,,
v6_abl_shift_position,jitter,400.0,D∈L_g,C_APdn,0.5050765175824611,-0.004023906372257358,,,,
v6_abl_shift_position,jitter,400.0,D∈L_g,C_AUCup,0.8870362513065165,0.0028360464033281296,,,,
v6_abl_shift_position,jitter,400.0,D∈L_g,C_APup,0.2864531624067068,-0.009787817917604025,,,,
v6_abl_shift_position,jitter,400.0,D∈L_g,C_AUCany,0.9012762145542159,-0.002158547461431626,,,,
v6_abl_shift_position,jitter,400.0,D∉L_g,B_r,0.5859272983619125,0.002082056206430982,,,,
v6_abl_shift_position,jitter,400.0,D∉L_g,B_sign,0.7262458471760798,-0.006976744186046435,,,,
v6_abl_shift_position,jitter,400.0,D∉L_g,B_r|TF,0.564961105935668,0.0020237480322937706,,,,
v6_abl_shift_position,jitter,400.0,D∉L_g,C_AUCdn,0.9062101223167575,0.0013803618983238009,,,,
v6_abl_shift_position,jitter,400.0,D∉L_g,C_APdn,0.2857529727201164,-0.0026742037819005304,,,,
v6_abl_shift_position,jitter,400.0,D∉L_g,C_AUCup,0.8856032169736084,0.004522388826765367,,,,
v6_abl_shift_position,jitter,400.0,D∉L_g,C_APup,0.23051194525370758,0.001716059395103109,,,,
v6_abl_shift_position,jitter,400.0,D∉L_g,C_AUCany,0.8931112642382675,7.293864996338328e-05,,,,
