stack,reference,metric,stack_value,ref_value,delta,ci_lo,ci_hi
STACK(模型+B6_gbdt),B6_gbdt(同B5特征),B_r,0.6934566154163962,0.6060141497267589,0.08744246568963732,0.06358529151059758,0.11446879817101903
STACK(模型+B6_gbdt),B6_gbdt(同B5特征),B_sign,0.7751509054325956,0.7117706237424547,0.06338028169014087,0.03828907281292257,0.08724938271604936
STACK(模型+B6_gbdt),B6_gbdt(同B5特征),B_r|TF,0.6446503102177878,0.5336301059360726,0.11102020428171522,0.08195292422321618,0.14324863384653522
STACK(模型+B6_gbdt),B6_gbdt(同B5特征),C_AUCdn,0.9245185469794165,0.9112316762504243,0.01328687072899215,0.00671074069159405,0.02078507654670738
STACK(模型+B6_gbdt),B6_gbdt(同B5特征),C_AUCup,0.901897914260532,0.8821765621065187,0.019721352154013272,0.013166446302028614,0.02786479186032314
STACK(模型+B6_gbdt),B6_gbdt(同B5特征),C_APdn,0.4015972457010442,0.28127936898855804,0.12031787671248617,0.09912246597713223,0.14408703772731907
STACK(模型+B6_gbdt),B6_gbdt(同B5特征),C_APup,0.2801757463719858,0.20809921203128098,0.0720765343407048,0.05171313119261771,0.09235782034335427
STACK(模型+B6_gbdt),B6_gbdt(同B5特征),C_mF1,0.5764823035567757,0.5235356451691312,0.05294665838764445,0.04013379759380817,0.06419116208008856
STACK(模型+B6_gbdt),模型 v8_headA_all(ens_ph),B_r,0.6934566154163962,0.6348029275583341,0.05865368785806213,0.03231248160084311,0.0854118418909265
STACK(模型+B6_gbdt),模型 v8_headA_all(ens_ph),B_sign,0.7751509054325956,0.778169014084507,-0.003018108651911433,-0.022127715127647992,0.01648858724431076
STACK(模型+B6_gbdt),模型 v8_headA_all(ens_ph),B_r|TF,0.6446503102177878,0.5915106485346853,0.05313966168310258,0.025574434798605765,0.08113780991127607
STACK(模型+B6_gbdt),模型 v8_headA_all(ens_ph),C_AUCdn,0.9245185469794165,0.9105852776126077,0.013933269366808831,0.009690315160853159,0.017815041724643276
STACK(模型+B6_gbdt),模型 v8_headA_all(ens_ph),C_AUCup,0.901897914260532,0.892173265469716,0.009724648790816026,0.0054070664032827955,0.013951638793004768
STACK(模型+B6_gbdt),模型 v8_headA_all(ens_ph),C_APdn,0.4015972457010442,0.3876434676729406,0.013953778028103603,0.004738814701325994,0.026103667953665557
STACK(模型+B6_gbdt),模型 v8_headA_all(ens_ph),C_APup,0.2801757463719858,0.2630590354924281,0.017116710879557684,0.007916462656159461,0.026230988994367745
STACK(模型+B6_gbdt),模型 v8_headA_all(ens_ph),C_mF1,0.5764823035567757,0.5687570165876116,0.00772528696916408,0.0007267899414592162,0.01431343183649724
STACK(模型+B7a_bag),B7a_bag(无WT),B_r,0.6675729008592384,0.627113890101808,0.040459010757430414,0.022204679871990984,0.06265199454437513
STACK(模型+B7a_bag),B7a_bag(无WT),B_sign,0.7889839034205232,0.7630784708249497,0.02590543259557343,0.011111340785733398,0.040798944766065895
STACK(模型+B7a_bag),B7a_bag(无WT),B_r|TF,0.6137652589082413,0.5577147917765005,0.05605046713174078,0.03627421492371363,0.08052546757594056
STACK(模型+B7a_bag),B7a_bag(无WT),C_AUCdn,0.926253098683598,0.9210498031479644,0.00520329553563359,0.001823479842903872,0.008631322532694094
STACK(模型+B7a_bag),B7a_bag(无WT),C_AUCup,0.9041551814482551,0.8993030473750349,0.004852134073220271,0.0009077832513216672,0.009453401679002127
STACK(模型+B7a_bag),B7a_bag(无WT),C_APdn,0.4000427759124945,0.3570036461852352,0.04303912972725926,0.030833280976016234,0.0555190563680916
STACK(模型+B7a_bag),B7a_bag(无WT),C_APup,0.2759476749035456,0.2483475041330225,0.027600170770523097,0.01772296181685016,0.03812005571732784
STACK(模型+B7a_bag),B7a_bag(无WT),C_mF1,0.5765504552339041,0.5488296061988184,0.02772084903508576,0.02050741009719237,0.035405432187743856
STACK(模型+B7a_bag),模型 v8_headA_all(ens_ph),B_r,0.6675729008592384,0.6348029275583341,0.032769973300904254,0.019358091370492957,0.04556461762467503
STACK(模型+B7a_bag),模型 v8_headA_all(ens_ph),B_sign,0.7889839034205232,0.778169014084507,0.010814889336016154,0.0,0.02266054214395491
STACK(模型+B7a_bag),模型 v8_headA_all(ens_ph),B_r|TF,0.6137652589082413,0.5915106485346853,0.022254610373556027,0.010186440038655245,0.0331583388344709
STACK(模型+B7a_bag),模型 v8_headA_all(ens_ph),C_AUCdn,0.926253098683598,0.9105852776126077,0.015667821070990295,0.010203313699566435,0.021099215143899737
STACK(模型+B7a_bag),模型 v8_headA_all(ens_ph),C_AUCup,0.9041551814482551,0.892173265469716,0.011981915978539148,0.007183561350742532,0.01605692840015281
STACK(模型+B7a_bag),模型 v8_headA_all(ens_ph),C_APdn,0.4000427759124945,0.3876434676729406,0.012399308239553875,0.0023824561544674937,0.023672864516448747
STACK(模型+B7a_bag),模型 v8_headA_all(ens_ph),C_APup,0.2759476749035456,0.2630590354924281,0.012888639411117508,0.006304844752000449,0.01990143814318466
STACK(模型+B7a_bag),模型 v8_headA_all(ens_ph),C_mF1,0.5765504552339041,0.5687570165876116,0.007793438646292561,0.0015803783195086657,0.013847322821996338
STACK(模型+B7b_bag),B7b_bag(+WT),B_r,0.7232715512062484,0.699837347596421,0.023434203609827398,0.01174678671761501,0.035378272754979456
STACK(模型+B7b_bag),B7b_bag(+WT),B_sign,0.8053319919517102,0.7922535211267606,0.013078470824949617,0.0007444401293153605,0.02581698416858386
STACK(模型+B7b_bag),B7b_bag(+WT),B_r|TF,0.6784366479668247,0.6496876168119957,0.028749031154828963,0.013592365571152426,0.043343768602214734
STACK(模型+B7b_bag),B7b_bag(+WT),C_AUCdn,0.9321129911206125,0.9283597935651924,0.0037531975554201402,0.0009759679234427444,0.006458202466908523
STACK(模型+B7b_bag),B7b_bag(+WT),C_AUCup,0.90938228153594,0.9028639270708969,0.006518354465043119,0.003249408037858376,0.01019401662983938
STACK(模型+B7b_bag),B7b_bag(+WT),C_APdn,0.42307369822629765,0.3839183497878157,0.03915534843848195,0.028619101788189844,0.05062888639788921
STACK(模型+B7b_bag),B7b_bag(+WT),C_APup,0.29764836880867585,0.28255658751560314,0.015091781293072704,0.006291209677201451,0.024857029403044
STACK(模型+B7b_bag),B7b_bag(+WT),C_mF1,0.5869789220440856,0.5704973899940119,0.016481532050073744,0.009766904069387081,0.022729835734047226
STACK(模型+B7b_bag),模型 v8_headA_all(ens_ph),B_r,0.7232715512062484,0.6348029275583341,0.0884686236479143,0.05873074075296081,0.11923342769552722
STACK(模型+B7b_bag),模型 v8_headA_all(ens_ph),B_sign,0.8053319919517102,0.778169014084507,0.02716297786720323,0.006971253554884904,0.04703290697039163
STACK(模型+B7b_bag),模型 v8_headA_all(ens_ph),B_r|TF,0.6784366479668247,0.5915106485346853,0.08692599943213941,0.05493205262483712,0.11718412116911187
STACK(模型+B7b_bag),模型 v8_headA_all(ens_ph),C_AUCdn,0.9321129911206125,0.9105852776126077,0.021527713508004864,0.01575152998038014,0.028070597068083035
STACK(模型+B7b_bag),模型 v8_headA_all(ens_ph),C_AUCup,0.90938228153594,0.892173265469716,0.017209016066224048,0.01114381198246842,0.02309310850567902
STACK(模型+B7b_bag),模型 v8_headA_all(ens_ph),C_APdn,0.42307369822629765,0.3876434676729406,0.035430230553357034,0.021538896643706888,0.05027863596952657
STACK(模型+B7b_bag),模型 v8_headA_all(ens_ph),C_APup,0.29764836880867585,0.2630590354924281,0.03458933331624775,0.022686236908524567,0.04479512723313066
STACK(模型+B7b_bag),模型 v8_headA_all(ens_ph),C_mF1,0.5869789220440856,0.5687570165876116,0.018221905456474063,0.010079646853488309,0.025263911610506517
