label,metric,value,seed_sd
模型 5-seed 集成,B_r,0.6348029275583341,
模型 5-seed 集成,B_sign,0.778169014084507,
模型 5-seed 集成,B_r|TF,0.5915106485346853,
模型 5-seed 集成,C_AUCdn,0.9105852776126077,
模型 5-seed 集成,C_AUCup,0.892173265469716,
模型 5-seed 集成,C_APdn,0.3876434676729406,
模型 5-seed 集成,C_APup,0.2630590354924281,
模型 5-seed 集成,C_mF1,0.5687570165876116,
模型 5-seed 集成,wTF_dn,0.7739276000859298,
模型 5-seed 集成,wTF_up,0.7537031419976783,
模型 单seed均值(n=5),B_r,0.5987383687636912,0.004089862316693141
模型 单seed均值(n=5),B_sign,0.7525653923541248,0.010859251114937707
模型 单seed均值(n=5),B_r|TF,0.5535698562410691,0.007725701689866408
模型 单seed均值(n=5),C_AUCdn,0.8928315887331892,0.0045744079997108375
模型 单seed均值(n=5),C_AUCup,0.8724248449007284,0.006238351907635792
模型 单seed均值(n=5),C_APdn,0.3501569608811572,0.009106171940923806
模型 单seed均值(n=5),C_APup,0.2349025307537064,0.008665044309366779
模型 单seed均值(n=5),C_mF1,0.5501100996777163,0.005264283614576242
模型 单seed均值(n=5),wTF_dn,0.7524850061947823,0.005771786737178723
模型 单seed均值(n=5),wTF_up,0.7340996186058322,0.002694635424841946
B7a_gbdt+flat(无WT),B_r,0.6195127057501248,
B7a_gbdt+flat(无WT),B_sign,0.761569416498994,
B7a_gbdt+flat(无WT),B_r|TF,0.5478263506136496,
B7a_gbdt+flat(无WT),C_AUCdn,0.9183515427417884,
B7a_gbdt+flat(无WT),C_AUCup,0.8976294099423411,
B7a_gbdt+flat(无WT),C_APdn,0.33845405203395657,
B7a_gbdt+flat(无WT),C_APup,0.2424077786724335,
B7a_gbdt+flat(无WT),C_mF1,0.5443067129998774,
B7a_gbdt+flat(无WT),wTF_dn,0.7502725839335584,
B7a_gbdt+flat(无WT),wTF_up,0.744803057843135,
B7a_bag(无WT),B_r,0.627113890101808,
B7a_bag(无WT),B_sign,0.7630784708249497,
B7a_bag(无WT),B_r|TF,0.5577147917765005,
B7a_bag(无WT),C_AUCdn,0.9210498031479644,
B7a_bag(无WT),C_AUCup,0.8993030473750349,
B7a_bag(无WT),C_APdn,0.3570036461852352,
B7a_bag(无WT),C_APup,0.2483475041330225,
B7a_bag(无WT),C_mF1,0.5488296061988184,
B7a_bag(无WT),wTF_dn,0.7607554121590674,
B7a_bag(无WT),wTF_up,0.7546336312571411,
B7b_gbdt+flat(+WT),B_r,0.6929708888505755,
B7b_gbdt+flat(+WT),B_sign,0.7854627766599598,
B7b_gbdt+flat(+WT),B_r|TF,0.6422867665158414,
B7b_gbdt+flat(+WT),C_AUCdn,0.9261019297115993,
B7b_gbdt+flat(+WT),C_AUCup,0.9001423974539093,
B7b_gbdt+flat(+WT),C_APdn,0.36721594904525956,
B7b_gbdt+flat(+WT),C_APup,0.2711102384533308,
B7b_gbdt+flat(+WT),C_mF1,0.5691733118119363,
B7b_gbdt+flat(+WT),wTF_dn,0.7849927513615685,
B7b_gbdt+flat(+WT),wTF_up,0.767126437830166,
B7b_bag(+WT),B_r,0.699837347596421,
B7b_bag(+WT),B_sign,0.7922535211267606,
B7b_bag(+WT),B_r|TF,0.6496876168119957,
B7b_bag(+WT),C_AUCdn,0.9283597935651924,
B7b_bag(+WT),C_AUCup,0.9028639270708969,
B7b_bag(+WT),C_APdn,0.3839183497878157,
B7b_bag(+WT),C_APup,0.28255658751560314,
B7b_bag(+WT),C_mF1,0.5704973899940119,
B7b_bag(+WT),wTF_dn,0.793001044398417,
B7b_bag(+WT),wTF_up,0.7762351978848094,
B6_gbdt(同B5特征),B_r,0.6060141497267589,
B6_gbdt(同B5特征),B_sign,0.7117706237424547,
B6_gbdt(同B5特征),B_r|TF,0.5336301059360726,
B6_gbdt(同B5特征),C_AUCdn,0.9112316762504243,
B6_gbdt(同B5特征),C_AUCup,0.8821765621065187,
B6_gbdt(同B5特征),C_APdn,0.28127936898855804,
B6_gbdt(同B5特征),C_APup,0.20809921203128098,
B6_gbdt(同B5特征),C_mF1,0.5235356451691312,
B6_gbdt(同B5特征),wTF_dn,0.7042602808391397,
B6_gbdt(同B5特征),wTF_up,0.6980794215154356,
