model,gene_set,n_genes,r,ci_lo,ci_hi,delta_model_minus_base,delta_ci_lo,delta_ci_hi,note
A1_layout_ridge,test 全部,1108,0.6036287742595707,0.5603817749346888,0.6498806453209282,0.12457015445763364,0.08574782956735727,0.16117630353487963,"alpha=0.001, 特征8"
A1_layout_ridge,test 网格,820,0.3401728365253435,0.2689158868693173,0.39918212685629717,0.2532843848171607,0.1946007984815563,0.3223636312923561,"alpha=0.001, 特征8"
A1_layout_ridge,test 网格外,288,0.6559379008261068,0.5700362598217293,0.7282210749615345,0.08065343596363816,0.017001373146471294,0.14485750568317995,"alpha=0.001, 特征8"
A1_layout_ridge,test 网格外有位点,136,0.28826272197892105,0.061592951974824006,0.465193530979362,0.28308714940402474,0.030792381720981265,0.5545591254435138,"alpha=0.001, 特征8"
A1_layout_ridge,test 网格外无位点,152,,,,,,,"alpha=0.001, 特征8"
A1_layout_ridge,test 全部(组内中心化),1108,0.3043026431435729,0.24470612491370158,0.3649903337506919,0.25889712331606307,0.20194182716737075,0.31746808066789584,"alpha=0.001, 特征8"
A2_token_ridge,test 全部,1108,0.3652685891759296,0.3073158822864229,0.4150909841596255,0.3629303395412748,0.3135251975943404,0.41986673592924495,"alpha=30000, 特征3998"
A2_token_ridge,test 网格,820,0.22772440929294463,0.15937581567314782,0.29575976507444285,0.3657328120495596,0.28752360389249604,0.4387860274378493,"alpha=30000, 特征3998"
A2_token_ridge,test 网格外,288,0.39842531711580226,0.32662465496921556,0.45927238426861355,0.3381660196739427,0.2665926945610747,0.4215437107166427,"alpha=30000, 特征3998"
A2_token_ridge,test 网格外有位点,136,0.42482895073867866,0.2562628504370551,0.5416332563135049,0.14652092064426714,-0.000602109880632373,0.2832503525308815,"alpha=30000, 特征3998"
A2_token_ridge,test 网格外无位点,152,0.2814253452689823,0.17910103622441834,0.37279943122786735,0.08715048399124647,-0.029076258718125907,0.18959368005557756,"alpha=30000, 特征3998"
A2_token_ridge,test 全部(组内中心化),1108,0.2640128492049175,0.20609060576053242,0.3239819672342142,0.29918691725471847,0.24080147463940466,0.36029210757219476,"alpha=30000, 特征3998"
A3_layout+token_分块ridge,test 全部,1108,0.6460322872912055,0.6062511121725762,0.6824204176509899,0.08216664142599883,0.05778820602671784,0.10820280193402207,"alpha(layout块)=1000, alpha(序列块)=30000, 特征4006"
A3_layout+token_分块ridge,test 网格,820,0.4048835142531902,0.3418664379581618,0.4615654736909396,0.18857370708931404,0.13905424336367372,0.24092620848834503,"alpha(layout块)=1000, alpha(序列块)=30000, 特征4006"
A3_layout+token_分块ridge,test 网格外,288,0.7044801583599933,0.6370814423507698,0.7651159879823646,0.03211117842975164,-0.0072795627635136384,0.07266981918953276,"alpha(layout块)=1000, alpha(序列块)=30000, 特征4006"
A3_layout+token_分块ridge,test 网格外有位点,136,0.502521376354859,0.32912294528151637,0.6406354842615591,0.06882849502808674,-0.054872286156527804,0.21565040819199763,"alpha(layout块)=1000, alpha(序列块)=30000, 特征4006"
A3_layout+token_分块ridge,test 网格外无位点,152,0.273080729403105,0.15454755117147187,0.37723031435221843,0.09549509985712373,-0.010264837512853196,0.20242951238443144,"alpha(layout块)=1000, alpha(序列块)=30000, 特征4006"
A3_layout+token_分块ridge,test 全部(组内中心化),1108,0.3956583730061578,0.34048082235926325,0.4469107897606635,0.16754139345347818,0.1283890140263617,0.21082139655668078,"alpha(layout块)=1000, alpha(序列块)=30000, 特征4006"
A2k_6mer_ridge,test 全部,1108,0.25116348667729127,0.176635979981687,0.3158033296339572,0.4770354420399131,0.41252635445861663,0.5559954741990462,"alpha=100000, 特征2080"
A2k_6mer_ridge,test 网格,820,0.2829326510267555,0.2142874959876352,0.3374489520640144,0.3105245703157487,0.24305938676899888,0.3907806834167808,"alpha=100000, 特征2080"
A2k_6mer_ridge,test 网格外,288,0.18033327087451811,0.07388894271496384,0.2762402267543091,0.5562580659152269,0.43694089089982635,0.6652368921848857,"alpha=100000, 特征2080"
A2k_6mer_ridge,test 网格外有位点,136,0.4394736008340203,0.25001968843201405,0.5888025842200721,0.13187627054892548,-0.035014501466489614,0.27506385235843694,"alpha=100000, 特征2080"
A2k_6mer_ridge,test 网格外无位点,152,0.05197384990117799,-0.0988587300862236,0.17508846805492354,0.31660197935905077,0.1384668015858114,0.48336483496810434,"alpha=100000, 特征2080"
A2k_6mer_ridge,test 全部(组内中心化),1108,0.2648068440590682,0.2067315274224546,0.31910783879443483,0.2983929224005678,0.23324643617681873,0.3616851580634447,"alpha=100000, 特征2080"
A3k_layout+6mer_分块ridge,test 全部,1108,0.6289174388821929,0.5903951600934262,0.6681908133255868,0.0992814898350115,0.06824519952631516,0.12994252158724423,"alpha(layout块)=0.1, alpha(序列块)=30000, 特征2088"
A3k_layout+6mer_分块ridge,test 网格,820,0.39153195393172435,0.3222967975445471,0.4513329254387108,0.20192526741077987,0.1420066345130511,0.2639457597700211,"alpha(layout块)=0.1, alpha(序列块)=30000, 特征2088"
A3k_layout+6mer_分块ridge,test 网格外,288,0.6764539244624566,0.5932818788377967,0.7412553871791012,0.06013741232728842,0.008705573749826298,0.10857930056889954,"alpha(layout块)=0.1, alpha(序列块)=30000, 特征2088"
A3k_layout+6mer_分块ridge,test 网格外有位点,136,0.5072810673881804,0.36826349116375223,0.6312996503325096,0.06406880399476544,-0.10024353846747122,0.19555596292199362,"alpha(layout块)=0.1, alpha(序列块)=30000, 特征2088"
A3k_layout+6mer_分块ridge,test 网格外无位点,152,-0.02544222876659043,-0.1554615831399496,0.11280355239766778,0.39401805802681916,0.20634188798721873,0.55831074702183,"alpha(layout块)=0.1, alpha(序列块)=30000, 特征2088"
A3k_layout+6mer_分块ridge,test 全部(组内中心化),1108,0.36219798015346777,0.30654315961713985,0.4103751872122927,0.20100178630616822,0.15309642483232658,0.24716475051752937,"alpha(layout块)=0.1, alpha(序列块)=30000, 特征2088"
A4_gbdt(layout+token),test 全部,1108,0.6394177532985376,0.5962398243529289,0.6806116489287014,0.08878117541866681,0.060544578104333814,0.11832179240971241,"HistGradientBoosting, 特征4006"
A4_gbdt(layout+token),test 网格,820,0.3868832182057443,0.3075428577160903,0.45021414921815756,0.20657400313675994,0.1478659470917308,0.2751816173803609,"HistGradientBoosting, 特征4006"
A4_gbdt(layout+token),test 网格外,288,0.71073126333723,0.6449867160304106,0.7712314289221202,0.025860073452514953,-0.009165918727145558,0.06560057202100845,"HistGradientBoosting, 特征4006"
A4_gbdt(layout+token),test 网格外有位点,136,0.5066245830499824,0.31575370708330913,0.6496643833030395,0.06472528833296343,-0.06920691249715727,0.21868077794508037,"HistGradientBoosting, 特征4006"
A4_gbdt(layout+token),test 网格外无位点,152,0.2846539640578351,0.13154674311602446,0.4192218086865296,0.08392186520239364,-0.043264074944163226,0.20037917366511904,"HistGradientBoosting, 特征4006"
A4_gbdt(layout+token),test 全部(组内中心化),1108,0.39164610440850534,0.3326691750870436,0.44992268802554325,0.17155366205113065,0.12727680642023056,0.22418079168381785,"HistGradientBoosting, 特征4006"
A4k_gbdt(layout+6mer),test 全部,1108,0.6362292499577709,0.5972800345058814,0.6740409854805485,0.09196967875943352,0.06175258291974964,0.12075022623754816,"HistGradientBoosting, 特征2088"
A4k_gbdt(layout+6mer),test 网格,820,0.40867233601060154,0.3412720154016123,0.46615305404559754,0.18478488533190268,0.12970678207550632,0.2481584365108165,"HistGradientBoosting, 特征2088"
A4k_gbdt(layout+6mer),test 网格外,288,0.6858205786899975,0.6126669196066326,0.7505968573744649,0.050770758099747515,0.007828210763399734,0.09931513660475462,"HistGradientBoosting, 特征2088"
A4k_gbdt(layout+6mer),test 网格外有位点,136,0.507835532998671,0.313960159660256,0.649834778773371,0.06351433838427478,-0.07663618849204919,0.1968819181026685,"HistGradientBoosting, 特征2088"
A4k_gbdt(layout+6mer),test 网格外无位点,152,0.0640545777444548,-0.10590821817079937,0.21240779642571442,0.3045212515157739,0.07496707724244085,0.5396777872974798,"HistGradientBoosting, 特征2088"
A4k_gbdt(layout+6mer),test 全部(组内中心化),1108,0.388090828531898,0.3283168957813162,0.43726172886733944,0.17510893792773796,0.12491835541041613,0.22089324824575643,"HistGradientBoosting, 特征2088"
模型 v8_headA_all,test 全部,1108,0.7281989287172044,0.6952146335552539,0.761373073959713,,,,
模型 v8_headA_all,test 网格,820,0.5934572213425042,0.5352752339574517,0.6444495276773586,,,,
模型 v8_headA_all,test 网格外,288,0.736591336789745,0.673523156106839,0.7914724034052334,,,,
模型 v8_headA_all,test 网格外有位点,136,0.5713498713829458,0.4032206436679916,0.7001432205047743,,,,
模型 v8_headA_all,test 网格外无位点,152,0.36857582926022875,0.2149818706754637,0.4966693015616795,,,,
模型 v8_headA_all,test 全部(组内中心化),1108,0.563199766459636,0.5138896046772059,0.6109377364250578,,,,
