source,k,metric,rms,n_pairs,members
模型,1,B_r,0.005783938756506085,10,"[42, 123, 456, 789, 2024]"
模型,1,B_sign,0.01535730020396006,10,"[42, 123, 456, 789, 2024]"
模型,1,B_r|TF,0.010925792108657812,10,"[42, 123, 456, 789, 2024]"
模型,1,C_AUCdn,0.006469189833019048,10,"[42, 123, 456, 789, 2024]"
模型,1,C_AUCup,0.008822361874634607,10,"[42, 123, 456, 789, 2024]"
模型,1,C_APdn,0.012878071860155778,10,"[42, 123, 456, 789, 2024]"
模型,1,C_APup,0.01225422318087031,10,"[42, 123, 456, 789, 2024]"
模型,1,wTF_dn,0.008162539082843305,10,"[42, 123, 456, 789, 2024]"
模型,1,wTF_up,0.0038107899634624662,10,"[42, 123, 456, 789, 2024]"
模型,2,B_r,0.003675691392105757,15,"[42, 123, 456, 789, 2024]"
模型,2,B_sign,0.007000209840760574,15,"[42, 123, 456, 789, 2024]"
模型,2,B_r|TF,0.0067448678502839785,15,"[42, 123, 456, 789, 2024]"
模型,2,C_AUCdn,0.003097315879464303,15,"[42, 123, 456, 789, 2024]"
模型,2,C_AUCup,0.005323271719700159,15,"[42, 123, 456, 789, 2024]"
模型,2,C_APdn,0.006368590085272477,15,"[42, 123, 456, 789, 2024]"
模型,2,C_APup,0.009731538059575447,15,"[42, 123, 456, 789, 2024]"
模型,2,wTF_dn,0.004762898483448004,15,"[42, 123, 456, 789, 2024]"
模型,2,wTF_up,0.004042384423476736,15,"[42, 123, 456, 789, 2024]"
B7a_gbdt+flat(无WT) bag,5,B_r,0.004468833932034453,60,10 个成员
B7a_gbdt+flat(无WT) 单成员,1,B_r,0.01024557445794976,20,10 个成员
B7a_gbdt+flat(无WT) bag,5,B_sign,0.004580181754234061,60,10 个成员
B7a_gbdt+flat(无WT) 单成员,1,B_sign,0.008294271374500076,20,10 个成员
B7a_gbdt+flat(无WT) bag,5,B_r|TF,0.005618867229576981,60,10 个成员
B7a_gbdt+flat(无WT) 单成员,1,B_r|TF,0.012230154145624788,20,10 个成员
B7a_gbdt+flat(无WT) bag,5,C_AUCdn,0.0006807086741624309,60,10 个成员
B7a_gbdt+flat(无WT) 单成员,1,C_AUCdn,0.0012242991900873205,20,10 个成员
B7a_gbdt+flat(无WT) bag,5,C_AUCup,0.0007246795007187004,60,10 个成员
B7a_gbdt+flat(无WT) 单成员,1,C_AUCup,0.001683071169551623,20,10 个成员
B7a_gbdt+flat(无WT) bag,5,C_APdn,0.003085050754442978,60,10 个成员
B7a_gbdt+flat(无WT) 单成员,1,C_APdn,0.005508633630214281,20,10 个成员
B7a_gbdt+flat(无WT) bag,5,C_APup,0.0030574296195147403,60,10 个成员
B7a_gbdt+flat(无WT) 单成员,1,C_APup,0.007087082655551225,20,10 个成员
B7a_gbdt+flat(无WT) bag,5,wTF_dn,0.002755942707506495,60,10 个成员
B7a_gbdt+flat(无WT) 单成员,1,wTF_dn,0.004911448377068736,20,10 个成员
B7a_gbdt+flat(无WT) bag,5,wTF_up,0.0029393982126749408,60,10 个成员
B7a_gbdt+flat(无WT) 单成员,1,wTF_up,0.005164328851392964,20,10 个成员
B7b_gbdt+flat(+WT) bag,5,B_r,0.0037169194442242927,60,10 个成员
B7b_gbdt+flat(+WT) 单成员,1,B_r,0.008054366742654027,20,10 个成员
B7b_gbdt+flat(+WT) bag,5,B_sign,0.005161045054648207,60,10 个成员
B7b_gbdt+flat(+WT) 单成员,1,B_sign,0.0095925236789911,20,10 个成员
B7b_gbdt+flat(+WT) bag,5,B_r|TF,0.005003937192918364,60,10 个成员
B7b_gbdt+flat(+WT) 单成员,1,B_r|TF,0.010745413299792696,20,10 个成员
B7b_gbdt+flat(+WT) bag,5,C_AUCdn,0.0010580930192692888,60,10 个成员
B7b_gbdt+flat(+WT) 单成员,1,C_AUCdn,0.0016577350784567518,20,10 个成员
B7b_gbdt+flat(+WT) bag,5,C_AUCup,0.0007139098629304117,60,10 个成员
B7b_gbdt+flat(+WT) 单成员,1,C_AUCup,0.0015979272634586885,20,10 个成员
B7b_gbdt+flat(+WT) bag,5,C_APdn,0.004211953652238352,60,10 个成员
B7b_gbdt+flat(+WT) 单成员,1,C_APdn,0.0069678213936164735,20,10 个成员
B7b_gbdt+flat(+WT) bag,5,C_APup,0.003868513160515388,60,10 个成员
B7b_gbdt+flat(+WT) 单成员,1,C_APup,0.008732907697866785,20,10 个成员
B7b_gbdt+flat(+WT) bag,5,wTF_dn,0.002947525982516199,60,10 个成员
B7b_gbdt+flat(+WT) 单成员,1,wTF_dn,0.004796119858428361,20,10 个成员
B7b_gbdt+flat(+WT) bag,5,wTF_up,0.002636236273513763,60,10 个成员
B7b_gbdt+flat(+WT) 单成员,1,wTF_up,0.005295671302260296,20,10 个成员
