model,baseline,metric,delta,ci_lo,ci_hi
模型 v11_wt_bc(ens_ph),B1_TF均值,B_r,0.35091642445043136,0.29060235239779103,0.3997463977565301
模型 v11_wt_bc(ens_ph),B1_TF均值,B_sign,0.23163983903420526,0.20690428838351843,0.25774786738427635
模型 v11_wt_bc(ens_ph),B1_TF均值,B_r|TF,,,
模型 v11_wt_bc(ens_ph),B1_TF均值,C_AUCdn,0.034321921287942425,0.025227668266363308,0.04401985656963694
模型 v11_wt_bc(ens_ph),B1_TF均值,C_AUCup,0.044460832512778214,0.033893885482357375,0.054628106948867494
模型 v11_wt_bc(ens_ph),B1_TF均值,C_APdn,0.2549778901971661,0.21839859345480006,0.28688945591172216
模型 v11_wt_bc(ens_ph),B1_TF均值,C_APup,0.15342154515471643,0.12598591000508838,0.18246695008636896
模型 v11_wt_bc(ens_ph),B1_TF均值,C_mF1,0.1352065997171198,0.12046334801618223,0.14888131635867136
模型 v11_wt_bc(ens_ph),B2_TF×结合先验,B_r,0.3069243005790276,0.2557403314719446,0.35641153318944485
模型 v11_wt_bc(ens_ph),B2_TF×结合先验,B_sign,0.2079979879275654,0.18676444217343763,0.23318368380230103
模型 v11_wt_bc(ens_ph),B2_TF×结合先验,B_r|TF,0.46848900942113525,0.42549512285676017,0.5172977428450107
模型 v11_wt_bc(ens_ph),B2_TF×结合先验,C_AUCdn,0.029407004069005427,0.019912911290526823,0.03835100071639234
模型 v11_wt_bc(ens_ph),B2_TF×结合先验,C_AUCup,0.03205599924242397,0.021895038412836878,0.042778004981843386
模型 v11_wt_bc(ens_ph),B2_TF×结合先验,C_APdn,0.21036249576002486,0.18024057437064536,0.2435189267256749
模型 v11_wt_bc(ens_ph),B2_TF×结合先验,C_APup,0.14208673258171187,0.1176267738920572,0.17346188571466528
模型 v11_wt_bc(ens_ph),B2_TF×结合先验,C_mF1,0.12366326973672254,0.10938269449882046,0.13847476203399942
模型 v11_wt_bc(ens_ph),B3_gene_only,B_r,0.2670638138939557,0.22539780022500314,0.3079573009818534
模型 v11_wt_bc(ens_ph),B3_gene_only,B_sign,0.1453722334004024,0.10845085610679771,0.17985990021418577
模型 v11_wt_bc(ens_ph),B3_gene_only,B_r|TF,0.2507050028222223,0.20680742117075923,0.29122450154176366
模型 v11_wt_bc(ens_ph),B3_gene_only,C_AUCdn,0.2744535801845227,0.2539574150947919,0.295963483254963
模型 v11_wt_bc(ens_ph),B3_gene_only,C_AUCup,0.27069261284515467,0.2403639265842984,0.3016604971126972
模型 v11_wt_bc(ens_ph),B3_gene_only,C_APdn,0.38934630517746716,0.35565376367061646,0.42483073446587727
模型 v11_wt_bc(ens_ph),B3_gene_only,C_APup,0.2557870831359275,0.22345038599921296,0.29058496503654396
模型 v11_wt_bc(ens_ph),B3_gene_only,C_mF1,0.24018350459686139,0.22249064488701886,0.25853210244130287
模型 v11_wt_bc(ens_ph),B4_pair+TF先验,B_r,0.2827737433330752,0.23321944727696658,0.3290172249418363
模型 v11_wt_bc(ens_ph),B4_pair+TF先验,B_sign,0.20120724346076457,0.17145884770240996,0.23030580686473087
模型 v11_wt_bc(ens_ph),B4_pair+TF先验,B_r|TF,0.4036748627495913,0.3581352360161617,0.4528976032193153
模型 v11_wt_bc(ens_ph),B4_pair+TF先验,C_AUCdn,0.026268011189711782,0.017068339159954024,0.03451590904038473
模型 v11_wt_bc(ens_ph),B4_pair+TF先验,C_AUCup,0.02691014872891473,0.01762909868955213,0.036632992570589974
模型 v11_wt_bc(ens_ph),B4_pair+TF先验,C_APdn,0.18878456383180703,0.16044095263569888,0.21948133549152438
模型 v11_wt_bc(ens_ph),B4_pair+TF先验,C_APup,0.1271332033627723,0.09957311883779792,0.16003162466899087
模型 v11_wt_bc(ens_ph),B4_pair+TF先验,C_mF1,0.1070119791294567,0.09206135015186963,0.12152422131313872
模型 v11_wt_bc(ens_ph),B5_B4+实测WT表达,B_r,0.17267201088325312,0.13054657687368584,0.21013066706992078
模型 v11_wt_bc(ens_ph),B5_B4+实测WT表达,B_sign,0.12122736418511071,0.09161289694388906,0.1492435346006452
模型 v11_wt_bc(ens_ph),B5_B4+实测WT表达,B_r|TF,0.22711714188495613,0.18460526275853464,0.26844175138624815
模型 v11_wt_bc(ens_ph),B5_B4+实测WT表达,C_AUCdn,0.019092885770349843,0.011270970978088744,0.027575380765129432
模型 v11_wt_bc(ens_ph),B5_B4+实测WT表达,C_AUCup,0.024504886708187623,0.0156725457941568,0.0345419065483493
模型 v11_wt_bc(ens_ph),B5_B4+实测WT表达,C_APdn,0.1541479734166708,0.12435711407315746,0.18384866289800866
模型 v11_wt_bc(ens_ph),B5_B4+实测WT表达,C_APup,0.10733883972443858,0.0830143245860317,0.1404336004417149
模型 v11_wt_bc(ens_ph),B5_B4+实测WT表达,C_mF1,0.08054269038730844,0.06573696863006662,0.09468119587267698
模型 v11_wt_bc(ens_ph),B6_gbdt(同B5特征),B_r,0.09170352065800069,0.04899293933460386,0.13453037583139335
模型 v11_wt_bc(ens_ph),B6_gbdt(同B5特征),B_sign,0.10663983903420526,0.07530710375037265,0.13908717479564364
模型 v11_wt_bc(ens_ph),B6_gbdt(同B5特征),B_r|TF,0.12703042683935617,0.08036398215963346,0.17735292766667304
模型 v11_wt_bc(ens_ph),B6_gbdt(同B5特征),C_AUCdn,0.013735641638572882,0.006382533679908114,0.02202860216252499
模型 v11_wt_bc(ens_ph),B6_gbdt(同B5特征),C_AUCup,0.017858074717507444,0.008212119920217314,0.02897960940194208
模型 v11_wt_bc(ens_ph),B6_gbdt(同B5特征),C_APdn,0.14492894435732134,0.11671616418336121,0.1744792060718798
模型 v11_wt_bc(ens_ph),B6_gbdt(同B5特征),C_APup,0.07847967097647854,0.05373082626045975,0.10458898255688047
模型 v11_wt_bc(ens_ph),B6_gbdt(同B5特征),C_mF1,0.06533587800309304,0.051896981224101676,0.07824014903189641
模型 v11_wt_bc(ens_ph),B7a_gbdt+flat(无WT),B_r,0.07820496463463478,0.04848028352461005,0.10953696794443973
模型 v11_wt_bc(ens_ph),B7a_gbdt+flat(无WT),B_sign,0.05684104627766595,0.030704843922344367,0.07753130717925513
模型 v11_wt_bc(ens_ph),B7a_gbdt+flat(无WT),B_r|TF,0.1128341821617792,0.0816477674468266,0.14580775086576264
模型 v11_wt_bc(ens_ph),B7a_gbdt+flat(无WT),C_AUCdn,0.006615775147208791,0.0005472144607879981,0.01323001171008997
模型 v11_wt_bc(ens_ph),B7a_gbdt+flat(无WT),C_AUCup,0.0024052268816850964,-0.004980311203560267,0.010799385406280892
模型 v11_wt_bc(ens_ph),B7a_gbdt+flat(无WT),C_APdn,0.08775426131192282,0.06620156148915902,0.11030062808853398
模型 v11_wt_bc(ens_ph),B7a_gbdt+flat(无WT),C_APup,0.044171104335326034,0.0254925572959591,0.0636157592413815
模型 v11_wt_bc(ens_ph),B7a_gbdt+flat(无WT),C_mF1,0.044564810172346814,0.03378718892976937,0.05346879591173706
模型 v11_wt_bc(ens_ph),B7a_bag(无WT),B_r,0.07060378028295167,0.042055352318082266,0.09853442468906262
模型 v11_wt_bc(ens_ph),B7a_bag(无WT),B_sign,0.055331991951710235,0.031407135806788444,0.07661634332463106
模型 v11_wt_bc(ens_ph),B7a_bag(无WT),B_r|TF,0.10294574099892828,0.07442993237855264,0.13444059332793507
模型 v11_wt_bc(ens_ph),B7a_bag(无WT),C_AUCdn,0.003917514741032857,-0.0021632015098890763,0.010800222027307418
模型 v11_wt_bc(ens_ph),B7a_bag(无WT),C_AUCup,0.0007315894489913211,-0.006103120984821364,0.008847422889141853
模型 v11_wt_bc(ens_ph),B7a_bag(无WT),C_APdn,0.06920466716064416,0.046482584217669806,0.09015630140953043
模型 v11_wt_bc(ens_ph),B7a_bag(无WT),C_APup,0.038231378874737015,0.019613893999816626,0.057524769423171286
模型 v11_wt_bc(ens_ph),B7a_bag(无WT),C_mF1,0.04004191697340587,0.028322169164331102,0.04864216036714765
模型 v11_wt_bc(ens_ph),B7b_gbdt+flat(+WT),B_r,0.004746781534184175,-0.02750600118441035,0.03337686271604827
模型 v11_wt_bc(ens_ph),B7b_gbdt+flat(+WT),B_sign,0.03294768611670018,0.010120681269140628,0.055736013249139287
模型 v11_wt_bc(ens_ph),B7b_gbdt+flat(+WT),B_r|TF,0.01837376625958742,-0.011966833745745316,0.049613635590657144
模型 v11_wt_bc(ens_ph),B7b_gbdt+flat(+WT),C_AUCdn,-0.0011346118226021051,-0.007008361397814383,0.004317820436691969
模型 v11_wt_bc(ens_ph),B7b_gbdt+flat(+WT),C_AUCup,-0.00010776062988315793,-0.008257750758581327,0.008471683434535329
模型 v11_wt_bc(ens_ph),B7b_gbdt+flat(+WT),C_APdn,0.058992364300619826,0.038873599825151754,0.08094809968894824
模型 v11_wt_bc(ens_ph),B7b_gbdt+flat(+WT),C_APup,0.015468644554428701,-0.002330405987527663,0.03186122398917049
模型 v11_wt_bc(ens_ph),B7b_gbdt+flat(+WT),C_mF1,0.01969821136028793,0.010172698329767752,0.029550651597139065
模型 v11_wt_bc(ens_ph),B7b_bag(+WT),B_r,-0.002119677211661397,-0.03726973748004256,0.02813542304129105
模型 v11_wt_bc(ens_ph),B7b_bag(+WT),B_sign,0.026156941649899346,0.0027825395995210393,0.046219874321306635
模型 v11_wt_bc(ens_ph),B7b_bag(+WT),B_r|TF,0.010972915963433083,-0.023571647548740665,0.04602512536715559
模型 v11_wt_bc(ens_ph),B7b_bag(+WT),C_AUCdn,-0.0033924756761951613,-0.009510183621862314,0.001893803430726007
模型 v11_wt_bc(ens_ph),B7b_bag(+WT),C_AUCup,-0.0028292902468707304,-0.011167205476777211,0.005894312283226009
模型 v11_wt_bc(ens_ph),B7b_bag(+WT),C_APdn,0.04228996355806369,0.021784613117119187,0.06234276911642245
模型 v11_wt_bc(ens_ph),B7b_bag(+WT),C_APup,0.00402229549215638,-0.013548822285887604,0.02126778195739051
模型 v11_wt_bc(ens_ph),B7b_bag(+WT),C_mF1,0.01837413317821235,0.008023554520109602,0.027189286292167734
模型 v11_wt_bc(ens_ph),ORACLE_同基因其它TF(参照),B_r,0.23984738507642261,0.19206442081795894,0.29637146745488535
模型 v11_wt_bc(ens_ph),ORACLE_同基因其它TF(参照),B_sign,0.0015090543259557165,-0.022952755998702865,0.024067296378697176
模型 v11_wt_bc(ens_ph),ORACLE_同基因其它TF(参照),B_r|TF,0.1923846510468693,0.1453524017006904,0.2512886683751687
模型 v11_wt_bc(ens_ph),ORACLE_同基因其它TF(参照),C_AUCdn,,,
模型 v11_wt_bc(ens_ph),ORACLE_同基因其它TF(参照),C_AUCup,,,
模型 v11_wt_bc(ens_ph),ORACLE_同基因其它TF(参照),C_APdn,,,
模型 v11_wt_bc(ens_ph),ORACLE_同基因其它TF(参照),C_APup,,,
模型 v11_wt_bc(ens_ph),ORACLE_同基因其它TF(参照),C_mF1,,,
