contrast,variant,reference,metric,delta,ci_lo,ci_hi,test_sig,seeds_better,k,seed_mean,seed_sd
Δ_spec,W_wrong,W_del,C_auprc_down,-0.20755798167424266,-0.24398461740882776,-0.169717128029006,True,0,5,-0.20851968226042567,0.013235668782165127
Δ_spec,W_wrong,W_del,C_auprc_up,-0.12871690702052097,-0.17067407857253697,-0.09316653803028918,True,0,5,-0.12055423554675015,0.009839479995081989
Δ_spec,W_wrong,W_del,C_auroc_down,-0.03421079405933525,-0.043976024273219366,-0.02594724051406787,True,0,5,-0.03704767875753103,0.005357766750861423
Δ_spec,W_wrong,W_del,C_auroc_up,-0.05174844498177966,-0.06811667346570707,-0.03754989722036667,True,0,5,-0.05380253417594736,0.009586318357963147
Δ_spec,W_wrong,W_del,B_r_within_tf,-0.04815956104738606,-0.08774395281191362,-0.009911610334316352,True,0,5,-0.0514848755835528,0.016267711799469144
Δ_spec,W_wrong,W_del,B_r,-0.10521255114687633,-0.13699705417139169,-0.07219075876172944,True,0,5,-0.11530152909121585,0.014786418293025362
Δ_spec,W_wrong,W_del,B_sign_acc,-0.0456905503634476,-0.06534639145436894,-0.02783592590163543,True,0,5,-0.044652128764278286,0.007942397996250449
Δ_wn,W_wrong,W_nodel,C_auprc_down,-0.07447109513816152,-0.09683631063721707,-0.05219267604904944,True,0,5,-0.0720229149481469,0.011617702369042793
Δ_wn,W_wrong,W_nodel,C_auprc_up,-0.030006033743181393,-0.04452534149943954,-0.01691114178202047,True,0,5,-0.03214865576884814,0.004165908322278479
Δ_wn,W_wrong,W_nodel,C_auroc_down,-0.008351825728765472,-0.013715047542914435,-0.004081528496949198,True,0,5,-0.008850254218878483,0.0021580106590474903
Δ_wn,W_wrong,W_nodel,C_auroc_up,-0.012340787467560621,-0.02064188673038057,-0.005574673279945334,True,0,5,-0.01614619276762097,0.0028363004502639532
Δ_wn,W_wrong,W_nodel,B_r_within_tf,0.0004999578174536001,-0.01329858615853551,0.016530277304757045,False,3,5,0.0006458375587566012,0.0037758810647307976
Δ_wn,W_wrong,W_nodel,B_r,-0.009364737002279355,-0.022843269827087707,0.0028601078866970515,False,0,5,-0.009509784638105857,0.003763596996135666
Δ_wn,W_wrong,W_nodel,B_sign_acc,-0.011422637590861928,-0.0239630797857856,0.0010883323819214853,False,1,5,-0.00913811007268952,0.010574579121994566
Δ_infer,W_nodel,W_del,C_auprc_down,-0.13308688653608114,-0.16695811996970158,-0.10045389136397309,True,0,5,-0.13649676731227872,0.013216949624937434
Δ_infer,W_nodel,W_del,C_auprc_up,-0.09871087327733957,-0.1344302573772261,-0.06888665537872618,True,0,5,-0.08840557977790202,0.00724646824887585
Δ_infer,W_nodel,W_del,C_auroc_down,-0.025858968330569776,-0.03453289738508562,-0.018000311779311728,True,0,5,-0.02819742453865255,0.004332759608923547
Δ_infer,W_nodel,W_del,C_auroc_up,-0.03940765751421904,-0.05131753573290053,-0.027948025875823793,True,0,5,-0.03765634140832639,0.007537973872741009
Δ_infer,W_nodel,W_del,B_r_within_tf,-0.04865951886483966,-0.08856919722004153,-0.011496881355078498,True,0,5,-0.0521307131423094,0.017702515707576777
Δ_infer,W_nodel,W_del,B_r,-0.09584781414459698,-0.12621738577141872,-0.06350503152691091,True,0,5,-0.10579174445310999,0.014186756603908904
Δ_infer,W_nodel,W_del,B_sign_acc,-0.034267912772585674,-0.05216629676503465,-0.018397861882477745,True,0,5,-0.03551401869158877,0.01546167568171805
