stratum,variant,metric,value,ci_lo,ci_hi,n,n_sig
全部,LTO[raw](selected),B_r,0.3754474949558759,0.33836010320758503,0.40743575715444935,81162,6605
全部,LTO[raw](selected),B_sign,0.6961392884178652,0.6734733777238903,0.7151167238034738,81162,6605
全部,LTO[raw](selected),B_r_within_tf,0.3480891667204589,0.31608217891227014,0.37918904250419055,81162,6605
全部,LTO[raw](selected),C_AUCdn,0.36896954669518345,0.3537540813226178,0.38631187552408275,81162,6605
全部,LTO[raw](selected),C_APdn,0.03400190124163843,0.031709184732021646,0.03660979595866067,81162,6605
全部,LTO[raw](selected),C_AUCup,0.34535634019719746,0.3285031863954045,0.3638114712833721,81162,6605
全部,LTO[raw](selected),C_APup,0.02682183699219815,0.024424513370184593,0.029899435375875427,81162,6605
全部,LTO[zero](selected),B_r,0.3598087602520299,0.3217192997107182,0.39515768532630924,81162,6605
全部,LTO[zero](selected),B_sign,0.6891748675246026,0.667838155114796,0.7076359873435729,81162,6605
全部,LTO[zero](selected),B_r_within_tf,0.3175860258774287,0.28380404251966845,0.3494632813290368,81162,6605
全部,LTO[zero](selected),C_AUCdn,0.4965296962419831,0.4861831729603676,0.5070617746070898,81162,6605
全部,LTO[zero](selected),C_APdn,0.06782746046482578,0.06210874492636833,0.07400125152573209,81162,6605
全部,LTO[zero](selected),C_AUCup,0.513283245711252,0.5023844343512366,0.5251826679514316,81162,6605
全部,LTO[zero](selected),C_APup,0.04276647825049527,0.03831910706064084,0.04754304677334423,81162,6605
全部,LTO[mean](selected),B_r,0.35706158909580477,0.3190277066411507,0.39361622400940877,81162,6605
全部,LTO[mean](selected),B_sign,0.6975018925056775,0.6759275339968182,0.7131332999805835,81162,6605
全部,LTO[mean](selected),B_r_within_tf,0.31192347750938043,0.2751947149041334,0.34557894210247353,81162,6605
全部,LTO[mean](selected),C_AUCdn,0.6554115728653203,0.6377643710966112,0.6702659231966489,81162,6605
全部,LTO[mean](selected),C_APdn,0.09249230114304195,0.08034092438485636,0.10311496236723243,81162,6605
全部,LTO[mean](selected),C_AUCup,0.6756406050177779,0.657213451397127,0.6909915986021531,81162,6605
全部,LTO[mean](selected),C_APup,0.074547354348998,0.06456273461563318,0.08384093721254311,81162,6605
全部,LTO[knn_bind](selected),B_r,0.3199162885291917,0.280436820169371,0.35566622311920265,81162,6605
全部,LTO[knn_bind](selected),B_sign,0.6760030280090841,0.6535711423533991,0.6941970016823433,81162,6605
全部,LTO[knn_bind](selected),B_r_within_tf,0.27508562939382836,0.23910962325727517,0.3075050488281909,81162,6605
全部,LTO[knn_bind](selected),C_AUCdn,0.6310336472296959,0.6136666769383167,0.6467386179169737,81162,6605
全部,LTO[knn_bind](selected),C_APdn,0.0776569793478627,0.06853835078357988,0.08608504443949146,81162,6605
全部,LTO[knn_bind](selected),C_AUCup,0.6560163378541414,0.6390439805368023,0.6722539808852545,81162,6605
全部,LTO[knn_bind](selected),C_APup,0.06438968391849947,0.05683864401521156,0.07186777763159778,81162,6605
全部,LTO[knn_emb](selected),B_r,0.35224901452975427,0.3125873667403433,0.39123012342906305,81162,6605
全部,LTO[knn_emb](selected),B_sign,0.6887206661619985,0.6664867440071294,0.7073579370520404,81162,6605
全部,LTO[knn_emb](selected),B_r_within_tf,0.3175189483411183,0.2821497724412242,0.3530823658392976,81162,6605
全部,LTO[knn_emb](selected),C_AUCdn,0.6359531787452121,0.6194884960069006,0.6506977762975422,81162,6605
全部,LTO[knn_emb](selected),C_APdn,0.08957504689817607,0.07842793358308886,0.0998693670498121,81162,6605
全部,LTO[knn_emb](selected),C_AUCup,0.6663982106171523,0.648629562901327,0.68146763444551,81162,6605
全部,LTO[knn_emb](selected),C_APup,0.07590567123621618,0.06642293326192422,0.08470993641775906,81162,6605
全部,LTO[raw](perhead),B_r,0.37607219479402093,,,81162,6605
全部,LTO[raw](perhead),B_sign,0.6984102952308857,,,81162,6605
全部,LTO[raw](perhead),B_r_within_tf,0.3502273582984021,,,81162,6605
全部,LTO[raw](perhead),C_AUCdn,0.37487881568820136,,,81162,6605
全部,LTO[raw](perhead),C_APdn,0.03434619355488613,,,81162,6605
全部,LTO[raw](perhead),C_AUCup,0.34374691952930214,,,81162,6605
全部,LTO[raw](perhead),C_APup,0.026978272894063064,,,81162,6605
全部,LTO[zero](perhead),B_r,0.3590732645611075,,,81162,6605
全部,LTO[zero](perhead),B_sign,0.6911430734292203,,,81162,6605
全部,LTO[zero](perhead),B_r_within_tf,0.31799874530363725,,,81162,6605
全部,LTO[zero](perhead),C_AUCdn,0.4989540261338415,,,81162,6605
全部,LTO[zero](perhead),C_APdn,0.0712128208044883,,,81162,6605
全部,LTO[zero](perhead),C_AUCup,0.48382272325777054,,,81162,6605
全部,LTO[zero](perhead),C_APup,0.04297873722708161,,,81162,6605
全部,LTO[mean](perhead),B_r,0.3545068854563071,,,81162,6605
全部,LTO[mean](perhead),B_sign,0.6971990915972748,,,81162,6605
全部,LTO[mean](perhead),B_r_within_tf,0.31021620114546633,,,81162,6605
全部,LTO[mean](perhead),C_AUCdn,0.6595519189206791,,,81162,6605
全部,LTO[mean](perhead),C_APdn,0.09527167867076555,,,81162,6605
全部,LTO[mean](perhead),C_AUCup,0.6758830052813417,,,81162,6605
全部,LTO[mean](perhead),C_APup,0.07602137476975089,,,81162,6605
全部,LTO[knn_bind](perhead),B_r,0.3145978146366593,,,81162,6605
全部,LTO[knn_bind](perhead),B_sign,0.6716124148372445,,,81162,6605
全部,LTO[knn_bind](perhead),B_r_within_tf,0.27033299493169516,,,81162,6605
全部,LTO[knn_bind](perhead),C_AUCdn,0.6321662310838538,,,81162,6605
全部,LTO[knn_bind](perhead),C_APdn,0.07800989542770408,,,81162,6605
全部,LTO[knn_bind](perhead),C_AUCup,0.6531068062389714,,,81162,6605
全部,LTO[knn_bind](perhead),C_APup,0.06431636555392843,,,81162,6605
全部,LTO[knn_emb](perhead),B_r,0.349565960086596,,,81162,6605
全部,LTO[knn_emb](perhead),B_sign,0.6867524602573808,,,81162,6605
全部,LTO[knn_emb](perhead),B_r_within_tf,0.3155939377362876,,,81162,6605
全部,LTO[knn_emb](perhead),C_AUCdn,0.6379566255329153,,,81162,6605
全部,LTO[knn_emb](perhead),C_APdn,0.09013254950692082,,,81162,6605
全部,LTO[knn_emb](perhead),C_AUCup,0.6668791702134205,,,81162,6605
全部,LTO[knn_emb](perhead),C_APup,0.07848065278811368,,,81162,6605
全部,标准模型 seed42(见过这些 TF),B_r,0.6073383367844506,0.5734201772872971,0.6424355241921915,81162,6605
全部,标准模型 seed42(见过这些 TF),B_sign,0.7609386828160485,0.7405861920012108,0.7798933249265678,81162,6605
全部,标准模型 seed42(见过这些 TF),B_r_within_tf,0.5615709594215924,0.5238687422077524,0.6024028926024273,81162,6605
全部,标准模型 seed42(见过这些 TF),C_AUCdn,0.8390708871134355,0.8254730143054094,0.8511883190135223,81162,6605
全部,标准模型 seed42(见过这些 TF),C_APdn,0.3672066728946028,0.33697582701598755,0.39444092535098113,81162,6605
全部,标准模型 seed42(见过这些 TF),C_AUCup,0.823932294507815,0.8113154066941052,0.8378440700308433,81162,6605
全部,标准模型 seed42(见过这些 TF),C_APup,0.2647728392738074,0.24124644948591142,0.28802288308532115,81162,6605
全部,标准模型 5-seed 集成(上界参照),B_r,0.6377154999892172,,,81162,6605
全部,标准模型 5-seed 集成(上界参照),B_sign,0.7816805450416351,,,81162,6605
全部,标准模型 5-seed 集成(上界参照),B_r_within_tf,0.5934597763290802,,,81162,6605
全部,标准模型 5-seed 集成(上界参照),C_AUCdn,0.8593832925601684,,,81162,6605
全部,标准模型 5-seed 集成(上界参照),C_APdn,0.40434429007365696,,,81162,6605
全部,标准模型 5-seed 集成(上界参照),C_AUCup,0.8386618228672883,,,81162,6605
全部,标准模型 5-seed 集成(上界参照),C_APup,0.28342058543633725,,,81162,6605
全部,LTO[raw](selected)−标准模型(同seed),B_r,-0.23189084182857467,-0.26899609837850125,-0.1995445241070205,81162,6605
全部,LTO[raw](selected)−标准模型(同seed),B_sign,-0.06479939439818327,-0.08148817718680657,-0.04839003098164897,81162,6605
全部,LTO[raw](selected)−标准模型(同seed),B_r_within_tf,-0.2134817927011335,-0.24900804056231882,-0.18067095875402367,81162,6605
全部,LTO[raw](selected)−标准模型(同seed),C_AUCdn,-0.470101340418252,-0.4938614492381508,-0.43991417771754737,81162,6605
全部,LTO[raw](selected)−标准模型(同seed),C_APdn,-0.33320477165296436,-0.3594967052143949,-0.30296249609260856,81162,6605
全部,LTO[raw](selected)−标准模型(同seed),C_AUCup,-0.47857595431061756,-0.505433307646576,-0.4507011196836849,81162,6605
全部,LTO[raw](selected)−标准模型(同seed),C_APup,-0.23795100228160926,-0.2607564076291281,-0.21563301693816334,81162,6605
全部,LTO[zero](selected)−标准模型(同seed),B_r,-0.2475295765324207,-0.2864765512559493,-0.20976938935728176,81162,6605
全部,LTO[zero](selected)−标准模型(同seed),B_sign,-0.07176381529144593,-0.08924811898931559,-0.05403143844629046,81162,6605
全部,LTO[zero](selected)−标准模型(同seed),B_r_within_tf,-0.24398493354416373,-0.2821343623647823,-0.2058184176527322,81162,6605
全部,LTO[zero](selected)−标准模型(同seed),C_AUCdn,-0.34254119087145235,-0.3584771368611361,-0.3234244523259374,81162,6605
全部,LTO[zero](selected)−标准模型(同seed),C_APdn,-0.299379212429777,-0.32490540493649095,-0.2719576972592018,81162,6605
全部,LTO[zero](selected)−标准模型(同seed),C_AUCup,-0.3106490487965631,-0.3325799652828148,-0.2925716560393648,81162,6605
全部,LTO[zero](selected)−标准模型(同seed),C_APup,-0.22200636102331214,-0.24387981271137968,-0.20004220464634548,81162,6605
全部,LTO[mean](selected)−标准模型(同seed),B_r,-0.25027674768864583,-0.2885441400948836,-0.21354990122379555,81162,6605
全部,LTO[mean](selected)−标准模型(同seed),B_sign,-0.06343679031037097,-0.08091751517309,-0.0470406763398413,81162,6605
全部,LTO[mean](selected)−标准模型(同seed),B_r_within_tf,-0.24964748191221198,-0.28833030377080304,-0.21176133224845547,81162,6605
全部,LTO[mean](selected)−标准模型(同seed),C_AUCdn,-0.1836593142481152,-0.1982394923112792,-0.17105253794047548,81162,6605
全部,LTO[mean](selected)−标准模型(同seed),C_APdn,-0.2747143717515608,-0.2955362797122953,-0.2512410085187736,81162,6605
全部,LTO[mean](selected)−标准模型(同seed),C_AUCup,-0.14829168949003713,-0.16318935803204337,-0.13570900774198466,81162,6605
全部,LTO[mean](selected)−标准模型(同seed),C_APup,-0.1902254849248094,-0.20878682447059224,-0.17288788763171903,81162,6605
全部,LTO[knn_bind](selected)−标准模型(同seed),B_r,-0.2874220482552589,-0.32886137942781923,-0.24967405613244012,81162,6605
全部,LTO[knn_bind](selected)−标准模型(同seed),B_sign,-0.08493565480696441,-0.10144150795900121,-0.06814319293159551,81162,6605
全部,LTO[knn_bind](selected)−标准模型(同seed),B_r_within_tf,-0.28648533002776405,-0.3283955878436191,-0.24609943036681853,81162,6605
全部,LTO[knn_bind](selected)−标准模型(同seed),C_AUCdn,-0.20803723988373957,-0.22263624462189482,-0.1939442738805281,81162,6605
全部,LTO[knn_bind](selected)−标准模型(同seed),C_APdn,-0.2895496935467401,-0.3121837870324853,-0.26419167401251814,81162,6605
全部,LTO[knn_bind](selected)−标准模型(同seed),C_AUCup,-0.16791595665367365,-0.18253690768836497,-0.1555339278482532,81162,6605
全部,LTO[knn_bind](selected)−标准模型(同seed),C_APup,-0.20038315535530793,-0.2202335426542517,-0.1804004779755416,81162,6605
全部,LTO[knn_emb](selected)−标准模型(同seed),B_r,-0.2550893222546963,-0.2960876217473036,-0.216595750285432,81162,6605
全部,LTO[knn_emb](selected)−标准模型(同seed),B_sign,-0.07221801665405003,-0.08822141419789413,-0.05631582713057067,81162,6605
全部,LTO[knn_emb](selected)−标准模型(同seed),B_r_within_tf,-0.24405201108047408,-0.28435759502147545,-0.20476822076841877,81162,6605
全部,LTO[knn_emb](selected)−标准模型(同seed),C_AUCdn,-0.2031177083682234,-0.21670699262890625,-0.1900474979761089,81162,6605
全部,LTO[knn_emb](selected)−标准模型(同seed),C_APdn,-0.2776316259964267,-0.29829950554536927,-0.254164687304857,81162,6605
全部,LTO[knn_emb](selected)−标准模型(同seed),C_AUCup,-0.1575340838906627,-0.1718624014210114,-0.14417568800708142,81162,6605
全部,LTO[knn_emb](selected)−标准模型(同seed),C_APup,-0.18886716803759124,-0.2070181474960043,-0.17069162135406163,81162,6605
全部,LTO[zero](selected)−raw,B_r,-0.015638734703846024,-0.026550337681201287,-0.004079053969414487,81162,6605
全部,LTO[zero](selected)−raw,B_sign,-0.006964420893262657,-0.014122743547800248,0.0010667073133399285,81162,6605
全部,LTO[zero](selected)−raw,B_r_within_tf,-0.03050314084303024,-0.040783788127043134,-0.020000990159261312,81162,6605
全部,LTO[zero](selected)−raw,C_AUCdn,0.12756014954679967,0.10902836924907207,0.14513639284288546,81162,6605
全部,LTO[zero](selected)−raw,C_APdn,0.03382555922318735,0.028406965894747685,0.038731693453054584,81162,6605
全部,LTO[zero](selected)−raw,C_AUCup,0.16792690551405448,0.14648478998905134,0.18595317054610827,81162,6605
全部,LTO[zero](selected)−raw,C_APup,0.015944641258297115,0.01316041868422013,0.018922045538630285,81162,6605
全部,LTO[mean](selected)−raw,B_r,-0.01838590586007116,-0.031163427585797522,-0.0060835319846036405,81162,6605
全部,LTO[mean](selected)−raw,B_sign,0.0013626040878123025,-0.008381071404104786,0.011269808165681898,81162,6605
全部,LTO[mean](selected)−raw,B_r_within_tf,-0.03616568921107849,-0.04893128497942054,-0.023701130525360315,81162,6605
全部,LTO[mean](selected)−raw,C_AUCdn,0.2864420261701368,0.2531978342497385,0.3145825290655782,81162,6605
全部,LTO[mean](selected)−raw,C_APdn,0.05849039990140352,0.04733286601893209,0.06885971243463773,81162,6605
全部,LTO[mean](selected)−raw,C_AUCup,0.33028426482058043,0.29456685068545135,0.3611433224751344,81162,6605
全部,LTO[mean](selected)−raw,C_APup,0.04772551735679984,0.038833912650875,0.05688871524633791,81162,6605
全部,LTO[knn_bind](selected)−raw,B_r,-0.05553120642668424,-0.07266117594942946,-0.037662445274118064,81162,6605
全部,LTO[knn_bind](selected)−raw,B_sign,-0.020136260408781137,-0.03156285685843699,-0.009102276259887368,81162,6605
全部,LTO[knn_bind](selected)−raw,B_r_within_tf,-0.07300353732663056,-0.08961087505125985,-0.05735375974823493,81162,6605
全部,LTO[knn_bind](selected)−raw,C_AUCdn,0.26206410053451246,0.23207516597876748,0.28984821891860346,81162,6605
全部,LTO[knn_bind](selected)−raw,C_APdn,0.043655078106224265,0.03518062562312688,0.0511074412049062,81162,6605
全部,LTO[knn_bind](selected)−raw,C_AUCup,0.3106599976569439,0.2781116381699327,0.34161348700750743,81162,6605
全部,LTO[knn_bind](selected)−raw,C_APup,0.03756784692630132,0.030729464328721496,0.044796335171080795,81162,6605
全部,LTO[knn_emb](selected)−raw,B_r,-0.02319848042612166,-0.03803600932466778,-0.008532905015609807,81162,6605
全部,LTO[knn_emb](selected)−raw,B_sign,-0.007418622255866758,-0.01689830508474579,0.0014564825826442482,81162,6605
全部,LTO[knn_emb](selected)−raw,B_r_within_tf,-0.030570218379340597,-0.044601554077315864,-0.014630209948652379,81162,6605
全部,LTO[knn_emb](selected)−raw,C_AUCdn,0.2669836320500286,0.23441293083671458,0.29430567210372865,81162,6605
全部,LTO[knn_emb](selected)−raw,C_APdn,0.055573145656537634,0.04563491194543613,0.0645213703387465,81162,6605
全部,LTO[knn_emb](selected)−raw,C_AUCup,0.32104187041995486,0.28562546425896257,0.3498338556281808,81162,6605
全部,LTO[knn_emb](selected)−raw,C_APup,0.04908383424401803,0.04048783713542727,0.05774280248888468,81162,6605
D∈L_g,LTO[raw](selected),B_r,0.37851427107146884,0.31110125861718896,0.4389266728060862,10794,1568
D∈L_g,LTO[raw](selected),B_sign,0.6887755102040817,0.6564326615903397,0.717846287126211,10794,1568
D∈L_g,LTO[raw](selected),B_r_within_tf,0.2590072975248451,0.19564309266879337,0.3160086292227891,10794,1568
D∈L_g,LTO[raw](selected),C_AUCdn,0.3978607588946418,0.3766544603438226,0.42258147850919875,10794,1568
D∈L_g,LTO[raw](selected),C_APdn,0.06521772216993453,0.05917159358057586,0.0720764559868253,10794,1568
D∈L_g,LTO[raw](selected),C_AUCup,0.4047962202277994,0.3712799491847133,0.44211773990937264,10794,1568
D∈L_g,LTO[raw](selected),C_APup,0.06262232465788009,0.053757428199399104,0.07625240580412813,10794,1568
D∈L_g,LTO[zero](selected),B_r,0.3751857261105965,0.30563882007492554,0.444985147339931,10794,1568
D∈L_g,LTO[zero](selected),B_sign,0.6868622448979592,0.6546012693485186,0.7160617542565181,10794,1568
D∈L_g,LTO[zero](selected),B_r_within_tf,0.21852686638666946,0.147982296223676,0.2817659895461789,10794,1568
D∈L_g,LTO[zero](selected),C_AUCdn,0.6350322397090359,0.6138975915321041,0.6560861637025114,10794,1568
D∈L_g,LTO[zero](selected),C_APdn,0.1520247629855619,0.13472292226419913,0.16965379579588055,10794,1568
D∈L_g,LTO[zero](selected),C_AUCup,0.5144681734069544,0.49066359931413933,0.5405332804551626,10794,1568
D∈L_g,LTO[zero](selected),C_APup,0.0848192665512313,0.07117196940620117,0.10049314817427403,10794,1568
D∈L_g,LTO[mean](selected),B_r,0.3665984963188739,0.29436057988347775,0.4363791105162604,10794,1568
D∈L_g,LTO[mean](selected),B_sign,0.6926020408163265,0.6604755760096227,0.719535405331051,10794,1568
D∈L_g,LTO[mean](selected),B_r_within_tf,0.20801623327292876,0.13514531698150745,0.27376271099390564,10794,1568
D∈L_g,LTO[mean](selected),C_AUCdn,0.6192101798684412,0.5975262107598596,0.6419917730112271,10794,1568
D∈L_g,LTO[mean](selected),C_APdn,0.13731271954162474,0.11918673212777245,0.15724752180061316,10794,1568
D∈L_g,LTO[mean](selected),C_AUCup,0.6382176870413375,0.6068551463165196,0.6684335451040061,10794,1568
D∈L_g,LTO[mean](selected),C_APup,0.11430102255748258,0.09210154139314308,0.13808501896497952,10794,1568
D∈L_g,LTO[knn_bind](selected),B_r,0.35042035790715315,0.27447260789880557,0.423240589847786,10794,1568
D∈L_g,LTO[knn_bind](selected),B_sign,0.6779336734693877,0.6439350623833382,0.706460457733475,10794,1568
D∈L_g,LTO[knn_bind](selected),B_r_within_tf,0.16997902778939433,0.09986713094911648,0.23698232938951336,10794,1568
D∈L_g,LTO[knn_bind](selected),C_AUCdn,0.6200348595951977,0.5997071429453746,0.6407300347210858,10794,1568
D∈L_g,LTO[knn_bind](selected),C_APdn,0.12592105870800424,0.11145139342685656,0.14191842304921565,10794,1568
D∈L_g,LTO[knn_bind](selected),C_AUCup,0.6324512407156117,0.6014133741511554,0.6600967207847227,10794,1568
D∈L_g,LTO[knn_bind](selected),C_APup,0.10891221856821096,0.0891898488695453,0.12941036399652664,10794,1568
D∈L_g,LTO[knn_emb](selected),B_r,0.3634968238079976,0.29128820057683796,0.43667671206219044,10794,1568
D∈L_g,LTO[knn_emb](selected),B_sign,0.6843112244897959,0.6522501626528574,0.7114697375887586,10794,1568
D∈L_g,LTO[knn_emb](selected),B_r_within_tf,0.22250641264488447,0.1540073256368526,0.28924603068178484,10794,1568
D∈L_g,LTO[knn_emb](selected),C_AUCdn,0.5905015870409427,0.5682168164904533,0.6108020141788127,10794,1568
D∈L_g,LTO[knn_emb](selected),C_APdn,0.14312737050096305,0.12085882256012058,0.16588513947844805,10794,1568
D∈L_g,LTO[knn_emb](selected),C_AUCup,0.6296454885181513,0.5988962221668344,0.6587209453848883,10794,1568
D∈L_g,LTO[knn_emb](selected),C_APup,0.11174311394868677,0.09225128202823858,0.1331597041506835,10794,1568
D∈L_g,LTO[raw](perhead),B_r,0.3786443972196224,,,10794,1568
D∈L_g,LTO[raw](perhead),B_sign,0.6913265306122449,,,10794,1568
D∈L_g,LTO[raw](perhead),B_r_within_tf,0.26424513144706685,,,10794,1568
D∈L_g,LTO[raw](perhead),C_AUCdn,0.39672135073234227,,,10794,1568
D∈L_g,LTO[raw](perhead),C_APdn,0.06498640985074908,,,10794,1568
D∈L_g,LTO[raw](perhead),C_AUCup,0.4023689897192409,,,10794,1568
D∈L_g,LTO[raw](perhead),C_APup,0.06384209932855077,,,10794,1568
D∈L_g,LTO[zero](perhead),B_r,0.3734204880733617,,,10794,1568
D∈L_g,LTO[zero](perhead),B_sign,0.6830357142857143,,,10794,1568
D∈L_g,LTO[zero](perhead),B_r_within_tf,0.22155349549849615,,,10794,1568
D∈L_g,LTO[zero](perhead),C_AUCdn,0.6373708088235713,,,10794,1568
D∈L_g,LTO[zero](perhead),C_APdn,0.16478835508696202,,,10794,1568
D∈L_g,LTO[zero](perhead),C_AUCup,0.5226939970717424,,,10794,1568
D∈L_g,LTO[zero](perhead),C_APup,0.09069025793207572,,,10794,1568
D∈L_g,LTO[mean](perhead),B_r,0.363719173203438,,,10794,1568
D∈L_g,LTO[mean](perhead),B_sign,0.6855867346938775,,,10794,1568
D∈L_g,LTO[mean](perhead),B_r_within_tf,0.20989885925668608,,,10794,1568
D∈L_g,LTO[mean](perhead),C_AUCdn,0.6268496424810408,,,10794,1568
D∈L_g,LTO[mean](perhead),C_APdn,0.14585162450851089,,,10794,1568
D∈L_g,LTO[mean](perhead),C_AUCup,0.6388432469862708,,,10794,1568
D∈L_g,LTO[mean](perhead),C_APup,0.11954656575781498,,,10794,1568
D∈L_g,LTO[knn_bind](perhead),B_r,0.3450652794351181,,,10794,1568
D∈L_g,LTO[knn_bind](perhead),B_sign,0.6753826530612245,,,10794,1568
D∈L_g,LTO[knn_bind](perhead),B_r_within_tf,0.16754960292439317,,,10794,1568
D∈L_g,LTO[knn_bind](perhead),C_AUCdn,0.6270395058307434,,,10794,1568
D∈L_g,LTO[knn_bind](perhead),C_APdn,0.13214721800163975,,,10794,1568
D∈L_g,LTO[knn_bind](perhead),C_AUCup,0.6301835859152283,,,10794,1568
D∈L_g,LTO[knn_bind](perhead),C_APup,0.11071542222937393,,,10794,1568
D∈L_g,LTO[knn_emb](perhead),B_r,0.3616379648469743,,,10794,1568
D∈L_g,LTO[knn_emb](perhead),B_sign,0.6798469387755102,,,10794,1568
D∈L_g,LTO[knn_emb](perhead),B_r_within_tf,0.22581206522882077,,,10794,1568
D∈L_g,LTO[knn_emb](perhead),C_AUCdn,0.5963765178377473,,,10794,1568
D∈L_g,LTO[knn_emb](perhead),C_APdn,0.14675438512112737,,,10794,1568
D∈L_g,LTO[knn_emb](perhead),C_AUCup,0.6302984167106754,,,10794,1568
D∈L_g,LTO[knn_emb](perhead),C_APup,0.11968027620533668,,,10794,1568
D∈L_g,标准模型 seed42(见过这些 TF),B_r,0.6543984974786512,0.5992796304487588,0.7019128900616874,10794,1568
D∈L_g,标准模型 seed42(见过这些 TF),B_sign,0.7959183673469388,0.7703041576274049,0.8235429413004052,10794,1568
D∈L_g,标准模型 seed42(见过这些 TF),B_r_within_tf,0.5168670028694432,0.44691445874149793,0.586385586218637,10794,1568
D∈L_g,标准模型 seed42(见过这些 TF),C_AUCdn,0.8636115202010612,0.8428292978460461,0.8837156183065503,10794,1568
D∈L_g,标准模型 seed42(见过这些 TF),C_APdn,0.5452066012966179,0.49879747027536014,0.5904437733646137,10794,1568
D∈L_g,标准模型 seed42(见过这些 TF),C_AUCup,0.8269418821505882,0.8048289857736965,0.847460670287107,10794,1568
D∈L_g,标准模型 seed42(见过这些 TF),C_APup,0.3546567080194558,0.3092033962460119,0.40042025065348563,10794,1568
D∈L_g,标准模型 5-seed 集成(上界参照),B_r,0.6818649219214623,,,10794,1568
D∈L_g,标准模型 5-seed 集成(上界参照),B_sign,0.8271683673469388,,,10794,1568
D∈L_g,标准模型 5-seed 集成(上界参照),B_r_within_tf,0.5448050193482745,,,10794,1568
D∈L_g,标准模型 5-seed 集成(上界参照),C_AUCdn,0.8751137041997431,,,10794,1568
D∈L_g,标准模型 5-seed 集成(上界参照),C_APdn,0.5704923892862592,,,10794,1568
D∈L_g,标准模型 5-seed 集成(上界参照),C_AUCup,0.8390602236116154,,,10794,1568
D∈L_g,标准模型 5-seed 集成(上界参照),C_APup,0.3738279616443068,,,10794,1568
D∈L_g,LTO[raw](selected)−标准模型(同seed),B_r,-0.27588422640718235,-0.3301630236242153,-0.22524327121613014,10794,1568
D∈L_g,LTO[raw](selected)−标准模型(同seed),B_sign,-0.1071428571428571,-0.13389667794795707,-0.08307847896440133,10794,1568
D∈L_g,LTO[raw](selected)−标准模型(同seed),B_r_within_tf,-0.2578597053445981,-0.3191628352792937,-0.206040761851695,10794,1568
D∈L_g,LTO[raw](selected)−标准模型(同seed),C_AUCdn,-0.46575076130641946,-0.5052958620225829,-0.42616546931702876,10794,1568
D∈L_g,LTO[raw](selected)−标准模型(同seed),C_APdn,-0.47998887912668337,-0.5245390278020877,-0.43438607097928433,10794,1568
D∈L_g,LTO[raw](selected)−标准模型(同seed),C_AUCup,-0.4221456619227888,-0.46479622356956896,-0.37280068109546705,10794,1568
D∈L_g,LTO[raw](selected)−标准模型(同seed),C_APup,-0.2920343833615757,-0.3345955346185894,-0.2520890458741037,10794,1568
D∈L_g,LTO[zero](selected)−标准模型(同seed),B_r,-0.2792127713680547,-0.34372958591074887,-0.21970359554185923,10794,1568
D∈L_g,LTO[zero](selected)−标准模型(同seed),B_sign,-0.10905612244897955,-0.13867725828651084,-0.08244976573443466,10794,1568
D∈L_g,LTO[zero](selected)−标准模型(同seed),B_r_within_tf,-0.29834013648277374,-0.36626965214629864,-0.23389312272118915,10794,1568
D∈L_g,LTO[zero](selected)−标准模型(同seed),C_AUCdn,-0.22857928049202536,-0.25512959862429846,-0.20277192428265187,10794,1568
D∈L_g,LTO[zero](selected)−标准模型(同seed),C_APdn,-0.393181838311056,-0.4319296901320251,-0.3533844988204341,10794,1568
D∈L_g,LTO[zero](selected)−标准模型(同seed),C_AUCup,-0.3124737087436338,-0.3420086938207625,-0.27664035772564394,10794,1568
D∈L_g,LTO[zero](selected)−标准模型(同seed),C_APup,-0.2698374414682245,-0.3108110067140623,-0.23018003477892288,10794,1568
D∈L_g,LTO[mean](selected)−标准模型(同seed),B_r,-0.2878000011597773,-0.35487592444724725,-0.2246956804864225,10794,1568
D∈L_g,LTO[mean](selected)−标准模型(同seed),B_sign,-0.10331632653061229,-0.13492310346269662,-0.07745552424171204,10794,1568
D∈L_g,LTO[mean](selected)−标准模型(同seed),B_r_within_tf,-0.3088507695965145,-0.38344624727244536,-0.24125834003470048,10794,1568
D∈L_g,LTO[mean](selected)−标准模型(同seed),C_AUCdn,-0.24440134033262007,-0.26753372282438426,-0.2226739205702022,10794,1568
D∈L_g,LTO[mean](selected)−标准模型(同seed),C_APdn,-0.4078938817549932,-0.4451463784660683,-0.36753194968452296,10794,1568
D∈L_g,LTO[mean](selected)−标准模型(同seed),C_AUCup,-0.18872419510925065,-0.21784526876685759,-0.16086495832578926,10794,1568
D∈L_g,LTO[mean](selected)−标准模型(同seed),C_APup,-0.24035568546197322,-0.275726697930093,-0.20554746077020603,10794,1568
D∈L_g,LTO[knn_bind](selected)−标准模型(同seed),B_r,-0.30397813957149805,-0.37892559656361446,-0.23983755557824454,10794,1568
D∈L_g,LTO[knn_bind](selected)−标准模型(同seed),B_sign,-0.11798469387755106,-0.15027950288651376,-0.09223866496061854,10794,1568
D∈L_g,LTO[knn_bind](selected)−标准模型(同seed),B_r_within_tf,-0.34688797508004887,-0.4300171339836413,-0.27335314416291495,10794,1568
D∈L_g,LTO[knn_bind](selected)−标准模型(同seed),C_AUCdn,-0.24357666060586358,-0.26533182766983776,-0.22227872165230547,10794,1568
D∈L_g,LTO[knn_bind](selected)−标准模型(同seed),C_APdn,-0.41928554258861367,-0.4581175145781793,-0.3802529474244806,10794,1568
D∈L_g,LTO[knn_bind](selected)−标准模型(同seed),C_AUCup,-0.19449064143497652,-0.22243499185928237,-0.1667641773298347,10794,1568
D∈L_g,LTO[knn_bind](selected)−标准模型(同seed),C_APup,-0.24574448945124486,-0.2827404900461235,-0.21076896583515967,10794,1568
D∈L_g,LTO[knn_emb](selected)−标准模型(同seed),B_r,-0.2909016736706536,-0.35857921457857334,-0.22893656723330227,10794,1568
D∈L_g,LTO[knn_emb](selected)−标准模型(同seed),B_sign,-0.1116071428571429,-0.1418106302101304,-0.08549853992685988,10794,1568
D∈L_g,LTO[knn_emb](selected)−标准模型(同seed),B_r_within_tf,-0.29436059022455874,-0.3665408922348755,-0.23036662363702387,10794,1568
D∈L_g,LTO[knn_emb](selected)−标准模型(同seed),C_AUCdn,-0.27310993316011856,-0.2964746765542475,-0.24972476627782966,10794,1568
D∈L_g,LTO[knn_emb](selected)−标准模型(同seed),C_APdn,-0.4020792307956549,-0.4370250443526426,-0.3647684118179827,10794,1568
D∈L_g,LTO[knn_emb](selected)−标准模型(同seed),C_AUCup,-0.1972963936324369,-0.22479783907829043,-0.17061194134162366,10794,1568
D∈L_g,LTO[knn_emb](selected)−标准模型(同seed),C_APup,-0.24291359407076904,-0.2793799776434949,-0.20749502062482753,10794,1568
D∈L_g,LTO[zero](selected)−raw,B_r,-0.0033285449608723705,-0.02265100341524011,0.0157704880089855,10794,1568
D∈L_g,LTO[zero](selected)−raw,B_sign,-0.001913265306122458,-0.015677951763025475,0.012467192584638381,10794,1568
D∈L_g,LTO[zero](selected)−raw,B_r_within_tf,-0.04048043113817562,-0.06347788741967153,-0.018290842053712408,10794,1568
D∈L_g,LTO[zero](selected)−raw,C_AUCdn,0.2371714808143941,0.2069167547378143,0.26610300577533025,10794,1568
D∈L_g,LTO[zero](selected)−raw,C_APdn,0.08680704081562736,0.07223460710328622,0.10217261845902778,10794,1568
D∈L_g,LTO[zero](selected)−raw,C_AUCup,0.10967195317915501,0.06868474631131262,0.15166306035684135,10794,1568
D∈L_g,LTO[zero](selected)−raw,C_APup,0.02219694189335121,0.011176024899400453,0.032933525288900145,10794,1568
D∈L_g,LTO[mean](selected)−raw,B_r,-0.011915774752594921,-0.034888588873510214,0.009262365029894202,10794,1568
D∈L_g,LTO[mean](selected)−raw,B_sign,0.003826530612244805,-0.013066557819436036,0.018950074291795325,10794,1568
D∈L_g,LTO[mean](selected)−raw,B_r_within_tf,-0.050991064251916324,-0.07839379019196965,-0.02360047743948729,10794,1568
D∈L_g,LTO[mean](selected)−raw,C_AUCdn,0.2213494209737994,0.18061577538262108,0.2607840220392236,10794,1568
D∈L_g,LTO[mean](selected)−raw,C_APdn,0.07209499737169021,0.055056285659384335,0.09080018724653657,10794,1568
D∈L_g,LTO[mean](selected)−raw,C_AUCup,0.23342146681353815,0.16402588416761746,0.29322044890443444,10794,1568
D∈L_g,LTO[mean](selected)−raw,C_APup,0.051678697899602485,0.03009521800311705,0.07175723800080554,10794,1568
D∈L_g,LTO[knn_bind](selected)−raw,B_r,-0.028093913164315698,-0.057080176046568384,-0.0008154610905866822,10794,1568
D∈L_g,LTO[knn_bind](selected)−raw,B_sign,-0.010841836734693966,-0.029962616651226577,0.006690132560530092,10794,1568
D∈L_g,LTO[knn_bind](selected)−raw,B_r_within_tf,-0.08902826973545075,-0.12726839144628582,-0.053876504166209635,10794,1568
D∈L_g,LTO[knn_bind](selected)−raw,C_AUCdn,0.22217410070055588,0.1823664800343529,0.2593999330007942,10794,1568
D∈L_g,LTO[knn_bind](selected)−raw,C_APdn,0.06070333653806971,0.04739274121294817,0.075660131187687,10794,1568
D∈L_g,LTO[knn_bind](selected)−raw,C_AUCup,0.22765502048781228,0.16199684309899795,0.2879348102945027,10794,1568
D∈L_g,LTO[knn_bind](selected)−raw,C_APup,0.046289893910330865,0.028184309557936188,0.06320759592922338,10794,1568
D∈L_g,LTO[knn_emb](selected)−raw,B_r,-0.015017447263471262,-0.03927022019426591,0.007448543813475169,10794,1568
D∈L_g,LTO[knn_emb](selected)−raw,B_sign,-0.0044642857142858094,-0.0217231841054242,0.012971801864238576,10794,1568
D∈L_g,LTO[knn_emb](selected)−raw,B_r_within_tf,-0.036500884879960616,-0.0664466182704917,-0.005790266873021914,10794,1568
D∈L_g,LTO[knn_emb](selected)−raw,C_AUCdn,0.1926408281463009,0.15045750861523427,0.23006517992823644,10794,1568
D∈L_g,LTO[knn_emb](selected)−raw,C_APdn,0.07790964833102852,0.05593244822849604,0.0987622594652386,10794,1568
D∈L_g,LTO[knn_emb](selected)−raw,C_AUCup,0.2248492682903519,0.159609564947466,0.2821869142543818,10794,1568
D∈L_g,LTO[knn_emb](selected)−raw,C_APup,0.04912078929080668,0.030729888118824513,0.06804701242121576,10794,1568
D∉L_g,LTO[raw](selected),B_r,0.37078764671775677,0.3319824116354657,0.40704800718002515,70368,5037
D∉L_g,LTO[raw](selected),B_sign,0.6984316061147509,0.6745748079539453,0.7192893601087238,70368,5037
D∉L_g,LTO[raw](selected),B_r_within_tf,0.3550148377850175,0.318146194101262,0.39206920896581965,70368,5037
D∉L_g,LTO[raw](selected),C_AUCdn,0.36257539881399686,0.34584768838613855,0.3808428205745846,70368,5037
D∉L_g,LTO[raw](selected),C_APdn,0.02918259901826175,0.026918753046286104,0.03165220554783404,70368,5037
D∉L_g,LTO[raw](selected),C_AUCup,0.32667141254010157,0.3077684500814576,0.34652092152746394,70368,5037
D∉L_g,LTO[raw](selected),C_APup,0.021134882758652457,0.019315888023162017,0.02314918175160456,70368,5037
D∉L_g,LTO[zero](selected),B_r,0.34608283978420373,0.30585632188789763,0.38409812748371874,70368,5037
D∉L_g,LTO[zero](selected),B_sign,0.6898947786380782,0.6665518136854417,0.7114592511040534,70368,5037
D∉L_g,LTO[zero](selected),B_r_within_tf,0.33025476248603847,0.2919725988447266,0.3702595954175571,70368,5037
D∉L_g,LTO[zero](selected),C_AUCdn,0.43821259820342345,0.42740182005784655,0.450055623267438,70368,5037
D∉L_g,LTO[zero](selected),C_APdn,0.03424440450158075,0.03154946568201587,0.037024526412865466,70368,5037
D∉L_g,LTO[zero](selected),C_AUCup,0.519519194539051,0.5077978731494379,0.532204440054534,70368,5037
D∉L_g,LTO[zero](selected),C_APup,0.03109631004561363,0.028241534022221883,0.03387574620644,70368,5037
D∉L_g,LTO[mean](selected),B_r,0.3472357473950909,0.308035401966444,0.3857279601833036,70368,5037
D∉L_g,LTO[mean](selected),B_sign,0.6990271987294024,0.6761187059905649,0.7202034139971217,70368,5037
D∉L_g,LTO[mean](selected),B_r_within_tf,0.3315178318273259,0.29231245967286135,0.37407836827552643,70368,5037
D∉L_g,LTO[mean](selected),C_AUCdn,0.6497449920966584,0.6291047407862106,0.6667546825504236,70368,5037
D∉L_g,LTO[mean](selected),C_APdn,0.07791998466915895,0.06642317152000415,0.0894217149802547,70368,5037
D∉L_g,LTO[mean](selected),C_AUCup,0.6775003580573644,0.6592279624081906,0.6959595720373078,70368,5037
D∉L_g,LTO[mean](selected),C_APup,0.062492303057797655,0.054120198072166156,0.07084298236775362,70368,5037
D∉L_g,LTO[knn_bind](selected),B_r,0.2955892857515383,0.2544041607950544,0.3349106650979948,70368,5037
D∉L_g,LTO[knn_bind](selected),B_sign,0.6754020250148898,0.6515566692113044,0.6963802340700019,70368,5037
D∉L_g,LTO[knn_bind](selected),B_r_within_tf,0.287119736942268,0.24581053291109284,0.32728303884077176,70368,5037
D∉L_g,LTO[knn_bind](selected),C_AUCdn,0.6172938332433995,0.5972667355830675,0.6351123182282711,70368,5037
D∉L_g,LTO[knn_bind](selected),C_APdn,0.06316047707835891,0.05511288332332315,0.07197540060282084,70368,5037
D∉L_g,LTO[knn_bind](selected),C_AUCup,0.654180509765256,0.6363504485646293,0.6719196658488866,70368,5037
D∉L_g,LTO[knn_bind](selected),C_APup,0.05266995682410018,0.04602446808494101,0.05886345903321182,70368,5037
D∉L_g,LTO[knn_emb](selected),B_r,0.3408835084812509,0.30285677675011446,0.37931336031581303,70368,5037
D∉L_g,LTO[knn_emb](selected),B_sign,0.6900933095096288,0.6657530547783242,0.7109132204058228,70368,5037
D∉L_g,LTO[knn_emb](selected),B_r_within_tf,0.3290897714246905,0.29176816979125325,0.3689559431761812,70368,5037
D∉L_g,LTO[knn_emb](selected),C_AUCdn,0.6329567984675436,0.6135373806579949,0.6498208713222193,70368,5037
D∉L_g,LTO[knn_emb](selected),C_APdn,0.07272910396585876,0.06311104766361986,0.08216266144518979,70368,5037
D∉L_g,LTO[knn_emb](selected),C_AUCup,0.667719613786848,0.649560308124566,0.684059166657335,70368,5037
D∉L_g,LTO[knn_emb](selected),C_APup,0.06604945671629164,0.05758487420040152,0.07455192854821746,70368,5037
D∉L_g,LTO[raw](perhead),B_r,0.37148078626818765,,,70368,5037
D∉L_g,LTO[raw](perhead),B_sign,0.7006154457018067,,,70368,5037
D∉L_g,LTO[raw](perhead),B_r_within_tf,0.3560870076296665,,,70368,5037
D∉L_g,LTO[raw](perhead),C_AUCdn,0.3681098388352021,,,70368,5037
D∉L_g,LTO[raw](perhead),C_APdn,0.02949226345513311,,,70368,5037
D∉L_g,LTO[raw](perhead),C_AUCup,0.32734344488790273,,,70368,5037
D∉L_g,LTO[raw](perhead),C_APup,0.021131421446298322,,,70368,5037
D∉L_g,LTO[zero](perhead),B_r,0.3461572967582857,,,70368,5037
D∉L_g,LTO[zero](perhead),B_sign,0.6936668651975382,,,70368,5037
D∉L_g,LTO[zero](perhead),B_r_within_tf,0.3302569538444661,,,70368,5037
D∉L_g,LTO[zero](perhead),C_AUCdn,0.44131886441427454,,,70368,5037
D∉L_g,LTO[zero](perhead),C_APdn,0.034355456885859656,,,70368,5037
D∉L_g,LTO[zero](perhead),C_AUCup,0.47222148729467545,,,70368,5037
D∉L_g,LTO[zero](perhead),C_APup,0.028451169392800183,,,70368,5037
D∉L_g,LTO[mean](perhead),B_r,0.3452829159577051,,,70368,5037
D∉L_g,LTO[mean](perhead),B_sign,0.7008139765733572,,,70368,5037
D∉L_g,LTO[mean](perhead),B_r_within_tf,0.3293417024250366,,,70368,5037
D∉L_g,LTO[mean](perhead),C_AUCdn,0.6529455169756972,,,70368,5037
D∉L_g,LTO[mean](perhead),C_APdn,0.0789956279501818,,,70368,5037
D∉L_g,LTO[mean](perhead),C_AUCup,0.6767326988615896,,,70368,5037
D∉L_g,LTO[mean](perhead),C_APup,0.06243322166907144,,,70368,5037
D∉L_g,LTO[knn_bind](perhead),B_r,0.29022315652344394,,,70368,5037
D∉L_g,LTO[knn_bind](perhead),B_sign,0.6704387532261267,,,70368,5037
D∉L_g,LTO[knn_bind](perhead),B_r_within_tf,0.28170077321128334,,,70368,5037
D∉L_g,LTO[knn_bind](perhead),C_AUCdn,0.6168163970967775,,,70368,5037
D∉L_g,LTO[knn_bind](perhead),C_APdn,0.062180137110043006,,,70368,5037
D∉L_g,LTO[knn_bind](perhead),C_AUCup,0.6497396760546875,,,70368,5037
D∉L_g,LTO[knn_bind](perhead),C_APup,0.05191161958990247,,,70368,5037
D∉L_g,LTO[knn_emb](perhead),B_r,0.3378672233267001,,,70368,5037
D∉L_g,LTO[knn_emb](perhead),B_sign,0.6889021242803256,,,70368,5037
D∉L_g,LTO[knn_emb](perhead),B_r_within_tf,0.32601511323017957,,,70368,5037
D∉L_g,LTO[knn_emb](perhead),C_AUCdn,0.6330649799554356,,,70368,5037
D∉L_g,LTO[knn_emb](perhead),C_APdn,0.07247039635082761,,,70368,5037
D∉L_g,LTO[knn_emb](perhead),C_AUCup,0.6669854095547496,,,70368,5037
D∉L_g,LTO[knn_emb](perhead),C_APup,0.06600490062547779,,,70368,5037
D∉L_g,标准模型 seed42(见过这些 TF),B_r,0.5786782789024526,0.5372748728632228,0.621062317265684,70368,5037
D∉L_g,标准模型 seed42(见过这些 TF),B_sign,0.7500496327178876,0.728144954339799,0.7715893514482929,70368,5037
D∉L_g,标准模型 seed42(见过这些 TF),B_r_within_tf,0.5530454297039062,0.5092076042349557,0.5976683844387516,70368,5037
D∉L_g,标准模型 seed42(见过这些 TF),C_AUCdn,0.8294671431199644,0.8148604433344812,0.8428598223024939,70368,5037
D∉L_g,标准模型 seed42(见过这些 TF),C_APdn,0.30355776856245403,0.27499324884101184,0.32958883498425495,70368,5037
D∉L_g,标准模型 seed42(见过这些 TF),C_AUCup,0.8172555705799299,0.8039517545640023,0.8322335838064017,70368,5037
D∉L_g,标准模型 seed42(见过这些 TF),C_APup,0.23747369131340268,0.21308541564896744,0.26235984816201885,70368,5037
D∉L_g,标准模型 5-seed 集成(上界参照),B_r,0.6100055106431633,,,70368,5037
D∉L_g,标准模型 5-seed 集成(上界参照),B_sign,0.7675203494143339,,,70368,5037
D∉L_g,标准模型 5-seed 集成(上界参照),B_r_within_tf,0.5859805794668157,,,70368,5037
D∉L_g,标准模型 5-seed 集成(上界参照),C_AUCdn,0.8518025993859856,,,70368,5037
D∉L_g,标准模型 5-seed 集成(上界参照),C_APdn,0.34452187727168787,,,70368,5037
D∉L_g,标准模型 5-seed 集成(上界参照),C_AUCup,0.8333821769830686,,,70368,5037
D∉L_g,标准模型 5-seed 集成(上界参照),C_APup,0.2558661926708013,,,70368,5037
D∉L_g,LTO[raw](selected)−标准模型(同seed),B_r,-0.20789063218469583,-0.24889458525636055,-0.1666791497237575,70368,5037
D∉L_g,LTO[raw](selected)−标准模型(同seed),B_sign,-0.051618026603136746,-0.07063412941369694,-0.03317814101580783,70368,5037
D∉L_g,LTO[raw](selected)−标准模型(同seed),B_r_within_tf,-0.19803059191888872,-0.24108395023223145,-0.1559351015324656,70368,5037
D∉L_g,LTO[raw](selected)−标准模型(同seed),C_AUCdn,-0.4668917443059675,-0.49423566969025357,-0.43590525408458963,70368,5037
D∉L_g,LTO[raw](selected)−标准模型(同seed),C_APdn,-0.2743751695441923,-0.3004304599685642,-0.2444189485963417,70368,5037
D∉L_g,LTO[raw](selected)−标准模型(同seed),C_AUCup,-0.49058415803982836,-0.52203391877069,-0.4611238064875955,70368,5037
D∉L_g,LTO[raw](selected)−标准模型(同seed),C_APup,-0.2163388085547502,-0.24162640029729676,-0.19260490015623072,70368,5037
D∉L_g,LTO[zero](selected)−标准模型(同seed),B_r,-0.23259543911824887,-0.27726570665707573,-0.18592332467604591,70368,5037
D∉L_g,LTO[zero](selected)−标准模型(同seed),B_sign,-0.06015485407980936,-0.08039793270505292,-0.040458622336799706,70368,5037
D∉L_g,LTO[zero](selected)−标准模型(同seed),B_r_within_tf,-0.22279066721786778,-0.2688053865678486,-0.17538780749754823,70368,5037
D∉L_g,LTO[zero](selected)−标准模型(同seed),C_AUCdn,-0.39125454491654094,-0.4091849769276069,-0.3689570260524106,70368,5037
D∉L_g,LTO[zero](selected)−标准模型(同seed),C_APdn,-0.2693133640608733,-0.2950011647235952,-0.24106347563674993,70368,5037
D∉L_g,LTO[zero](selected)−标准模型(同seed),C_AUCup,-0.2977363760408789,-0.31974892615173034,-0.2770742837532113,70368,5037
D∉L_g,LTO[zero](selected)−标准模型(同seed),C_APup,-0.20637738126778904,-0.2310741654054477,-0.1830048899745126,70368,5037
D∉L_g,LTO[mean](selected)−标准模型(同seed),B_r,-0.23144253150736172,-0.27759543326382724,-0.18543985493195245,70368,5037
D∉L_g,LTO[mean](selected)−标准模型(同seed),B_sign,-0.05102243398848516,-0.07292837620661846,-0.031855696787931695,70368,5037
D∉L_g,LTO[mean](selected)−标准模型(同seed),B_r_within_tf,-0.22152759787658033,-0.2694865273252922,-0.1738440968159209,70368,5037
D∉L_g,LTO[mean](selected)−标准模型(同seed),C_AUCdn,-0.17972215102330602,-0.19635260835319343,-0.1644196850338524,70368,5037
D∉L_g,LTO[mean](selected)−标准模型(同seed),C_APdn,-0.22563778389329509,-0.24796463062572408,-0.20209602993470654,70368,5037
D∉L_g,LTO[mean](selected)−标准模型(同seed),C_AUCup,-0.1397552125225655,-0.15460399198222108,-0.12604196227405312,70368,5037
D∉L_g,LTO[mean](selected)−标准模型(同seed),C_APup,-0.17498138825560502,-0.19769673715404773,-0.15368859300019902,70368,5037
D∉L_g,LTO[knn_bind](selected)−标准模型(同seed),B_r,-0.2830889931509143,-0.3313422024953311,-0.23649306891213118,70368,5037
D∉L_g,LTO[knn_bind](selected)−标准模型(同seed),B_sign,-0.07464760770299783,-0.09573508966845687,-0.05497818482728519,70368,5037
D∉L_g,LTO[knn_bind](selected)−标准模型(同seed),B_r_within_tf,-0.26592569276163824,-0.31630705261568853,-0.21831839860682883,70368,5037
D∉L_g,LTO[knn_bind](selected)−标准模型(同seed),C_AUCdn,-0.2121733098765649,-0.22930051685147343,-0.19586331210113314,70368,5037
D∉L_g,LTO[knn_bind](selected)−标准模型(同seed),C_APdn,-0.2403972914840951,-0.26422385174426893,-0.21561165406757177,70368,5037
D∉L_g,LTO[knn_bind](selected)−标准模型(同seed),C_AUCup,-0.16307506081467393,-0.17732176147285497,-0.14921962239087566,70368,5037
D∉L_g,LTO[knn_bind](selected)−标准模型(同seed),C_APup,-0.18480373448930248,-0.20757508001398497,-0.16330928138116588,70368,5037
D∉L_g,LTO[knn_emb](selected)−标准模型(同seed),B_r,-0.23779477042120173,-0.2852744876455725,-0.19350547340133345,70368,5037
D∉L_g,LTO[knn_emb](selected)−标准模型(同seed),B_sign,-0.05995632320825883,-0.0797413864639692,-0.0422534383402418,70368,5037
D∉L_g,LTO[knn_emb](selected)−标准模型(同seed),B_r_within_tf,-0.22395565827921576,-0.2697492716948802,-0.17509597307056576,70368,5037
D∉L_g,LTO[knn_emb](selected)−标准模型(同seed),C_AUCdn,-0.1965103446524208,-0.2126733117840434,-0.18130645972842352,70368,5037
D∉L_g,LTO[knn_emb](selected)−标准模型(同seed),C_APdn,-0.2308286645965953,-0.25362675759421927,-0.20704011748232118,70368,5037
D∉L_g,LTO[knn_emb](selected)−标准模型(同seed),C_AUCup,-0.14953595679308196,-0.16474765654407708,-0.13446964529659922,70368,5037
D∉L_g,LTO[knn_emb](selected)−标准模型(同seed),C_APup,-0.17142423459711104,-0.1926038659793786,-0.1515385189244336,70368,5037
D∉L_g,LTO[zero](selected)−raw,B_r,-0.024704806933553036,-0.034450459493029606,-0.01585799762196329,70368,5037
D∉L_g,LTO[zero](selected)−raw,B_sign,-0.008536827476672615,-0.01723592879649136,0.0001979579286679465,70368,5037
D∉L_g,LTO[zero](selected)−raw,B_r_within_tf,-0.024760075298979056,-0.035112889321510826,-0.015562451584108463,70368,5037
D∉L_g,LTO[zero](selected)−raw,C_AUCdn,0.07563719938942659,0.056430786336670063,0.0935056083507628,70368,5037
D∉L_g,LTO[zero](selected)−raw,C_APdn,0.0050618054833189985,0.003781794073694911,0.006292885840859656,70368,5037
D∉L_g,LTO[zero](selected)−raw,C_AUCup,0.19284778199894947,0.169135716062159,0.21253822196347724,70368,5037
D∉L_g,LTO[zero](selected)−raw,C_APup,0.009961427286961172,0.008568678376103995,0.011369711781641756,70368,5037
D∉L_g,LTO[mean](selected)−raw,B_r,-0.02355189932266588,-0.03764681748738534,-0.0113645618048733,70368,5037
D∉L_g,LTO[mean](selected)−raw,B_sign,0.0005955926146515855,-0.010537204945092044,0.011949468708828343,70368,5037
D∉L_g,LTO[mean](selected)−raw,B_r_within_tf,-0.023497005957691608,-0.03731321681954532,-0.011423122185746232,70368,5037
D∉L_g,LTO[mean](selected)−raw,C_AUCdn,0.2871695932826615,0.25229898820664187,0.3181559192288163,70368,5037
D∉L_g,LTO[mean](selected)−raw,C_APdn,0.0487373856508972,0.03845313902446746,0.059540170901786996,70368,5037
D∉L_g,LTO[mean](selected)−raw,C_AUCup,0.35082894551726285,0.31424783315788085,0.385986518961908,70368,5037
D∉L_g,LTO[mean](selected)−raw,C_APup,0.0413574202991452,0.03383075916528123,0.049345576002959614,70368,5037
D∉L_g,LTO[knn_bind](selected)−raw,B_r,-0.07519836096621846,-0.09509886847905535,-0.05784215106727087,70368,5037
D∉L_g,LTO[knn_bind](selected)−raw,B_sign,-0.023029581099861085,-0.035480888810759593,-0.009928118829100488,70368,5037
D∉L_g,LTO[knn_bind](selected)−raw,B_r_within_tf,-0.06789510084274952,-0.08707393217273865,-0.05068182913152617,70368,5037
D∉L_g,LTO[knn_bind](selected)−raw,C_AUCdn,0.2547184344294026,0.22260645744242258,0.283490085242706,70368,5037
D∉L_g,LTO[knn_bind](selected)−raw,C_APdn,0.03397787806009716,0.02656715498359796,0.04225971025609537,70368,5037
D∉L_g,LTO[knn_bind](selected)−raw,C_AUCup,0.3275090972251544,0.2924511965948461,0.3615593011854009,70368,5037
D∉L_g,LTO[knn_bind](selected)−raw,C_APup,0.03153507406544773,0.026009147828134162,0.037655321416442115,70368,5037
D∉L_g,LTO[knn_emb](selected)−raw,B_r,-0.029904138236505895,-0.04605306376070196,-0.014136860508817914,70368,5037
D∉L_g,LTO[knn_emb](selected)−raw,B_sign,-0.008338296605122086,-0.020436327638810828,0.0027410924457006752,70368,5037
D∉L_g,LTO[knn_emb](selected)−raw,B_r_within_tf,-0.025925066360327043,-0.04151731825718131,-0.010635681907546128,70368,5037
D∉L_g,LTO[knn_emb](selected)−raw,C_AUCdn,0.27038139965354674,0.23661139146848453,0.30134462059993544,70368,5037
D∉L_g,LTO[knn_emb](selected)−raw,C_APdn,0.04354650494759701,0.03505767815925959,0.052569588078971496,70368,5037
D∉L_g,LTO[knn_emb](selected)−raw,C_AUCup,0.3410482012467464,0.30544061713974263,0.37363615248030035,70368,5037
D∉L_g,LTO[knn_emb](selected)−raw,C_APup,0.04491457395763919,0.03704510375496792,0.053128018524973356,70368,5037
