tf_depleted,fold,n_rows,n_sig,n_down,n_up,frac_in_lg,r_b_raw,aucdn_raw,aucup_raw,r_b_zero,aucdn_zero,aucup_zero,r_b_mean,aucdn_mean,aucup_mean,r_b_knn_bind,aucdn_knn_bind,aucup_knn_bind,r_b_knn_emb,aucdn_knn_emb,aucup_knn_emb,r_b_id,aucdn_id,aucup_id
CYC8,0,1503,880,456,424,0.15302727877578176,0.36004658600724265,0.3227915179543893,0.28236531029779494,0.30557003270150024,0.36835926372760935,0.35120962806232187,0.28052985454660473,0.6269437323011444,0.7395015475545141,0.1664456254327275,0.5956534124231304,0.7225877384720304,0.29971874433816786,0.6301609443857974,0.7413376291814573,0.6201868356200939,0.7728577053905059,0.7996813086890378
RAP1,1,1503,465,245,220,0.1656686626746507,0.5259104601427353,0.42344180915609486,0.36108198115212925,0.49038015432616305,0.5870737484182862,0.5632803089350245,0.47918393080194355,0.6784010901657961,0.6395628144264154,0.3891467696848224,0.6473183868141852,0.6133458513427337,0.5209405268540961,0.6877843029103533,0.6624211719691065,0.6132604215692149,0.7294863891502547,0.6889534471763622
ABF1,2,1503,439,307,132,0.2754491017964072,0.3189492924112977,0.3411915941302714,0.29971487301903055,0.2974101917836632,0.6285187868355975,0.427281568419424,0.29251237524126494,0.5696049807719543,0.6545211413920385,0.2968729288923043,0.5604212739533516,0.6600413323608072,0.21342829530860036,0.5456352880938634,0.5933680348341179,0.5999068313574285,0.8219308661880536,0.7161494595849082
REB1,2,1503,400,266,134,0.17365269461077845,0.18159516037075923,0.3799302216738289,0.32603599969473307,0.1635027887907422,0.5846776399365431,0.40277792919987354,0.1663663684791674,0.5539657551315638,0.6279504595357762,0.203158433690702,0.551124172598027,0.6540507833367858,0.21401292415055626,0.5464743102704214,0.6448437142265299,0.4389935888577234,0.790227387385197,0.6833346052789376
SWI4,1,1503,383,213,170,0.2741184298070526,0.45712955386488485,0.26561123849037377,0.25783945986496626,0.43779003242769826,0.5871310550642356,0.5763514408013768,0.44563228616070655,0.7035920952069004,0.7419619610785049,0.44406356408953324,0.7077883320595407,0.7403909800979657,0.37825485707607265,0.6642573788987153,0.7307576894223556,0.5770560654244308,0.7788404847690796,0.7678787343894797
GAT2,0,1503,284,166,118,0.10578842315369262,0.5712825878152735,0.26337511602130287,0.2904362724102062,0.5387388497971898,0.30576456912166244,0.3287584898733403,0.5239570779812619,0.7338358670283227,0.7079728324053112,0.4835985616448243,0.7267484297699399,0.710132778559628,0.5418947737711807,0.7423606167377063,0.7152848314262987,0.6008511434621383,0.7537780140757495,0.7087805176528177
GCR2,0,1503,268,141,127,0.05322687957418496,0.5606378017556771,0.25160641942908324,0.31740981505218824,0.5658606972624399,0.27240655689901166,0.35206750137337484,0.5568443997603673,0.7431082783974339,0.6576863211865959,0.5401669265324477,0.7349798481582154,0.6520211499725325,0.5272688518812132,0.7362347819747763,0.6556548709027651,0.604692318095388,0.7839430957811312,0.7182979307819081
LEU3,1,1503,249,167,82,0.03792415169660679,0.42679059599605285,0.3813421062067482,0.3619144882511457,0.4096401352047014,0.5785255835634121,0.5866832014555191,0.4032334933800646,0.6425382767399334,0.6353392492404868,0.35948236728449573,0.6304591415970454,0.6161325758225914,0.3927619723596192,0.6405168704507154,0.631597466572836,0.38769789090239015,0.6769335580336333,0.6036799917612125
IFH1,2,1503,212,123,89,0.033932135728542916,0.7109160932573638,0.3074643572522682,0.3054288574924908,0.6655306064397638,0.49242076116413336,0.367739141490393,0.628882918385981,0.6891127606928243,0.6664892010870429,0.6597024066708276,0.6956403911865205,0.675730654927451,0.6684409742789419,0.7056674914575233,0.6896206474580042,0.7695339652082664,0.7223105926711441,0.6841218632296616
MET4,2,1503,162,115,47,0.12242182302062542,0.6197409495852673,0.22435158501440922,0.2827332242225859,0.5499125235160541,0.30945996742262877,0.4756838905775076,0.5978633929855108,0.7502568600426012,0.730462356792144,0.5511413544270888,0.7613895501816815,0.7368774842179098,0.3782424989873379,0.7150419746898885,0.6889466916062661,0.6942560031477607,0.804103495802531,0.7889583820434884
MET31,1,1503,160,117,43,0.10978043912175649,0.5592558728483789,0.22116155449488784,0.2913666772857598,0.5185913815494557,0.6601454101454102,0.6358951895508124,0.5177347607496356,0.764611931278598,0.6764574705320165,0.5069099300943533,0.7623302623302624,0.678177763618987,0.520298072796077,0.771370604703938,0.6814749920356802,0.5953957965588432,0.8109914776581443,0.7270627588403951
HCM1,0,1503,157,80,77,0.0499001996007984,0.5299048769031127,0.2816496837666901,0.3314875867470538,0.49945904425991183,0.32106904427266336,0.37613613595380774,0.4926528726663686,0.7070186226282502,0.66399519134442,0.4874998603866751,0.7000527055516514,0.6544325239977414,0.47163557519178895,0.6882993675333802,0.6589315313017978,0.5829188697729116,0.7512737174982431,0.695843427259977
NRG1,0,1503,152,103,49,0.09447771124417831,0.4421653375727876,0.3182732316227462,0.3191758133789967,0.3981768543890233,0.34069348127600557,0.36771187154366564,0.381119190338631,0.6609639389736477,0.65671055217135,0.2243461833946228,0.6301872399445215,0.6505066951127081,0.3860543143549694,0.6673578363384188,0.6545349914381158,0.4914227137295422,0.7266990291262136,0.695196923336047
MSA2,1,1503,151,71,80,0.1936127744510978,0.6043811034519425,0.33031709811944293,0.24059205903021785,0.5759636043402018,0.659389999213156,0.6355938158819395,0.5951056890704991,0.6827445117633173,0.7710734364019677,0.5879838939787405,0.6959438193406248,0.7604532677442024,0.5850636331908402,0.6742465968998348,0.7698612087139846,0.7225732750736689,0.7733004170273035,0.8059732958538299
STP1,2,1503,133,70,63,0.19693945442448438,0.509859060798484,0.2566244641611006,0.2296847442680776,0.4534282977871941,0.3299023028611305,0.48752204585537917,0.5273873657558179,0.7404246834812083,0.7778769841269841,0.36647091609533006,0.7062705612600937,0.762797619047619,0.5657657587708517,0.7393579902302861,0.7878858024691358,0.629469865043624,0.7890539328082943,0.8135692239858906
CBF1,2,1503,125,67,58,0.38323353293413176,0.173155164721184,0.3748804722903588,0.3746927574275146,0.13267434886261623,0.49570219930985737,0.5037823648729268,0.15903699909863492,0.5933563380867252,0.718601598854552,0.14290579028384612,0.5644826009229618,0.7293401742035557,0.1315211759960134,0.5948426391718289,0.7000715905023267,0.5840365670129368,0.711023572943084,0.812253907648252
GAL80,1,1503,120,68,52,0.018629407850964737,0.6318403721909326,0.3002766960442714,0.2739622541483327,0.620365723702774,0.7355913096946095,0.6522822456661188,0.6209846382633691,0.7642652182824349,0.7468986905582357,0.6122022415905612,0.7661508505841361,0.7426178232518688,0.5958579984542373,0.7616519778643165,0.7392779515453534,0.6451679688822903,0.8029719204755073,0.7580978635423845
NRM1,0,1503,115,77,38,0.14038589487691283,0.15053216184263155,0.3391559352288665,0.4432548949164721,0.07087307331338137,0.33194750550991786,0.27149272498652777,0.033384771779607685,0.6211726562357699,0.4724986527752829,-0.0037752289433623664,0.6139141363545291,0.4744386563678822,0.06497632953197344,0.6250523669878508,0.476719956888809,0.35241016010345333,0.7273638002950766,0.56567271420873
ERT1,0,1503,88,45,43,0.047238855622089154,0.32978936839694356,0.4795762841030331,0.3229053838802166,0.32131106253122654,0.4263069654016156,0.318166613571201,0.29679773429641304,0.7099984758420972,0.6989487097801848,0.28602184242639367,0.7164609053497942,0.6924020388658808,0.28688490699808206,0.7221612559061119,0.6895508123606244,0.5414476308396345,0.7308032312147539,0.7719018795794839
MET32,1,1503,85,62,23,0.19693945442448438,0.7443651196929618,0.16796131718564616,0.2497356051703878,0.7233928943696162,0.6596561527612993,0.5893801410105758,0.7305116118786908,0.8201293904322715,0.7330199764982374,0.7315506572551325,0.8302142329475498,0.7363983548766158,0.7383123288299079,0.8122607508226813,0.7347532314923619,0.7427284096771591,0.8471491571713192,0.7581081081081081
ZAP1,2,1503,77,37,40,0.16101131071190952,0.37886318286112786,0.20679547214335756,0.22390635680109364,0.3953554835333239,0.3153183879650455,0.3824419002050581,0.4357346914234944,0.8224807344861915,0.7918147641831852,0.41005017551412265,0.790144168725342,0.7832535885167464,0.3985868732036043,0.817171195752369,0.7437628161312372,0.47011833156351684,0.7980531691309317,0.7643540669856459
NDD1,2,1503,76,52,24,0.08050565535595476,-0.06327857597496948,0.4369930551874039,0.4127507324768988,0.009806038441617605,0.46730371626994643,0.5141424385846293,0.05688271091443278,0.6597704500874728,0.618999323867478,0.06596857754023135,0.6651646079626783,0.6213376155059726,0.05693325636883064,0.6650453268303027,0.6229152580572459,0.3793451001413006,0.7637305836823411,0.663708586883029
TYE7,1,1503,72,21,51,0.1051230871590153,0.5138736927175926,0.2986954565901934,0.26655593366823316,0.4847150531583396,0.6052310262836579,0.6325825095878572,0.4812651968605084,0.7221579590000643,0.7401285583103765,0.44415457340710573,0.7148319516740569,0.7253416518122401,0.4787128365777299,0.7229612492770388,0.7367390482363745,0.45343195780685797,0.6998264893001735,0.7564684275914223
FHL1,0,1503,72,43,29,0.09115103127079174,0.45498157756122404,0.3503822873526601,0.3255509287418706,0.4493644907750472,0.3159764256132526,0.36647873485238386,0.4347462774558337,0.7200223000955719,0.6866607401862163,0.45004992721688897,0.703185727938834,0.6894680203995696,0.42964963632868114,0.7201497292131251,0.684648856033313,0.5691193740311675,0.7380694488690666,0.7447480466008516
IXR1,0,1503,71,42,29,0.10379241516966067,0.05180071281982159,0.522342818030703,0.4355963131053198,0.060522147022612605,0.43456862553371794,0.48062976652786227,0.057816266906215524,0.6051628043414491,0.6054835540167501,0.06377109929839342,0.6109644405332291,0.6056473120291958,0.05042733771331177,0.5851667155568593,0.6019276657465026,0.32800324550662663,0.6188520582771097,0.6000327516024891
ROX1,1,1503,70,3,67,0.19228210246174318,-0.20818270006064363,0.6815555555555556,0.47883839853656507,-0.1510626531239638,0.4855555555555556,0.4750135118280464,-0.13406940873472312,0.5955555555555555,0.5992495738577308,-0.08967880381082399,0.6131111111111112,0.6040098948156155,-0.11214016710472051,0.638,0.5957780734211948,0.0728792140688365,0.6862222222222222,0.8604332099945953
SKO1,2,1503,70,34,36,0.1104457751164338,-0.08501075230652522,0.6023104953349617,0.41621222449443307,-0.10574921267374073,0.5752612821847596,0.5632905400287813,-0.11333472676267256,0.5114123253113363,0.5673899871241385,-0.10224328119765844,0.48170023625515557,0.5825380595319246,-0.105724398598854,0.5518560044848436,0.5528478376126638,0.09531782949413832,0.6629559924718696,0.6342497917140044
ARO80,2,1503,66,44,22,0.029940119760479042,-0.007673244547488959,0.4156801046794193,0.44015100362163156,0.07570337423857149,0.38133217022867466,0.5335000920753791,0.14469281734174227,0.5926693251916008,0.6843349088453747,0.2516853935733153,0.5875911271730326,0.7121416733165552,0.17968204292416404,0.5920618107047168,0.7080289730526057,-0.01062395614270634,0.5811421272353418,0.8252716223681787
FZF1,1,1503,60,27,33,0.17232202262142382,-0.17192883056016586,0.6360032118839707,0.41589363017934444,-0.17969244704211218,0.34338301716350494,0.5069470212327355,-0.1823134482672906,0.5068503462812406,0.6220985363842507,-0.162275347164619,0.5227341162300512,0.6277468563182849,-0.18982693812816734,0.42208672086720866,0.6105957534528963,0.41478453582710095,0.7530362340660444,0.727788084930942
USV1,0,1503,60,47,13,0.043912175648702596,0.528790110406958,0.44024725274725274,0.27738771295818276,0.507202158572109,0.4268470890811316,0.41742385131646875,0.4823111589004262,0.5977905073649754,0.6686112545172948,0.461188256037377,0.5924421323357494,0.6674238513164688,0.4894873938356938,0.5944295066635492,0.6740320082601962,0.40679472212020135,0.5627191956979191,0.7152813629323697
SWI6,0,1503,54,25,29,0.29474384564204925,0.05894801458937843,0.3638971583220568,0.7416834323679409,-0.0034461520081612157,0.5223815967523681,0.2552285593973705,-0.020906252305778996,0.5944519621109607,0.36162447948346044,0.0022254588202027864,0.6190798376184032,0.32075515837739205,0.0011755514915602803,0.6055209742895805,0.3449679502175642,0.2145011179130456,0.6013531799729364,0.8750760305057783
MIG1,2,1503,53,7,46,0.1051230871590153,0.2208339407370569,0.516042780748663,0.35846438482886217,0.12301615601693477,0.523968678380443,0.40469547312822657,0.11972530190390043,0.6086707410236822,0.6988749962698815,0.05839423883214827,0.6486822001527884,0.6927426815075647,0.049284138585464037,0.6328304048892284,0.678448867536033,0.4376001999958898,0.7490450725744844,0.8047954403031841
MCM1,1,1503,53,34,19,0.1936127744510978,0.3411591746831618,0.5251671805549994,0.2620939140303589,0.24698937456574915,0.6245144756336843,0.5179458079160164,0.204474274332834,0.7552756977535738,0.6889275074478649,0.22151516619755396,0.7566571897649461,0.6960916442048517,0.18539034033601162,0.7770992672085852,0.6744219038161441,0.2818969211954174,0.7636247146918672,0.6907717406724359
GLN3,2,1503,52,35,17,0.13905522288755823,0.2875226952083103,0.33026469443363177,0.13957723062307023,0.21363094556631765,0.4125145971195017,0.32635974982186683,0.2673532694237519,0.6126313740755157,0.7798669939038873,0.11290772175125968,0.5463215258855586,0.7386984403451825,0.15048034651467926,0.587699493966524,0.7301876335998734,0.2231236896856288,0.6506617360840794,0.7928509223339403
MBP1,1,1503,49,4,45,0.16367265469061876,0.07613764048814037,0.3789192795196798,0.7458009449778997,0.2173769972465771,0.5401934623082054,0.31106538637402836,0.20190559887894166,0.8095396931287525,0.29628105471726873,0.06145549365181593,0.7731821214142762,0.2979271452522481,0.16669402479710194,0.8133755837224816,0.28989483310470965,0.42533088729258084,0.8027018012008005,0.8698216735253772
SFP1,0,1503,47,37,10,0.09647371922821024,0.421084610900804,0.3663397367353711,0.39457468184862693,0.35726056708555365,0.46036281848014454,0.4673811118553248,0.34743600823736864,0.7607757826038863,0.5470194239785666,0.35151160324364145,0.7591165517495667,0.5484259879437374,0.37294086041372476,0.7582131927288817,0.5452779638312123,0.5951786939701985,0.7952693484753512,0.662826523777629
SOK2,1,1503,46,11,35,0.13639387890884896,0.6678217109399379,0.25712893005118204,0.26728298949007395,0.6405589759666203,0.6181452595661711,0.5178960685091475,0.6191619849993065,0.7496953448696076,0.7625535227715065,0.7164102193823692,0.7415305873750914,0.7763721292331647,0.5788178222963118,0.7442115525225445,0.7652588555858311,0.6820288798941437,0.7403728978796003,0.7897820163487739
YAP1,0,1503,46,30,16,0.16167664670658682,-0.1817602374386014,0.42665761484498754,0.464946200403497,-0.11361081205451157,0.39780493324281513,0.48684431741761935,-0.10479830333805476,0.5786377008372935,0.6792199058507061,-0.06448023071854274,0.5749264539488572,0.6784633490248824,-0.08320360842579416,0.5762615976465264,0.6964525891055817,0.043696906553639406,0.6333559628875312,0.7700907868190988
DIG2,2,1503,42,33,9,0.10844976713240187,0.30146556662688445,0.2989074417645846,0.3919381228618176,0.2551163927936556,0.44134199134199137,0.4918191283653131,0.33375016772528976,0.7565244279529993,0.7217016213000149,0.3620634831442602,0.7721294578437435,0.7195448460508701,0.25074146631178756,0.7192743764172336,0.7219247359809609,0.4434764416646892,0.7869717584003298,0.6305220883534136
SUM1,2,1503,39,1,38,0.2208915502328676,0.3661552756977766,,0.5570864020118556,0.3833431474475906,,0.6640829890425723,0.3906022767955184,,0.7804742231004131,0.38582837780180684,,0.7702712412430394,0.38985144128404237,,0.7721393928507275,0.391535163258543,,0.8662295670917909
MSN4,1,1503,38,21,17,0.15036593479707253,0.3999258162865847,0.2733436154488786,0.38896366083445494,0.34942062400466256,0.6628430049482681,0.6217639141793999,0.34651423146345245,0.7375490007068954,0.7307814108146623,0.3426816056227659,0.739733950260266,0.7300688781569156,0.2932306587247662,0.7204549836128783,0.7314939434724091,0.49251386570209843,0.7876743139901035,0.7236164990895416
RTG3,0,1503,38,21,17,0.13639387890884896,0.13770057621050594,0.6782983098772573,0.3244002850130631,0.1262409632383925,0.4595784332626438,0.4369804449370596,0.06556559925453047,0.6406721933037722,0.8108621645158737,0.06723702138581568,0.6605937921727395,0.816483255482543,0.0700242127069665,0.6211040421566737,0.8074974269654026,0.40318346295432794,0.8203842940685045,0.7998970786161033
SWI5,0,1503,35,23,12,0.07850964737192283,0.6471287187784173,0.38678025851938896,0.3207019897160742,0.6053893670469088,0.4595035252643948,0.3056673373574782,0.6140072794350984,0.7728848413631022,0.6870109546165885,0.5320795349279908,0.7587837837837837,0.6790185557791192,0.6286605734642076,0.772855464159812,0.6890230270511961,0.576059994363744,0.7852526439482961,0.6837133914598703
MGA1,1,1503,33,13,20,0.06453759148369927,0.6419766661992727,0.2976768198244708,0.3725556304787593,0.5984634465548891,0.6542075374290139,0.6625758597437627,0.5877222547361632,0.73345379452762,0.6464261631827377,0.59742530357953,0.739855446566856,0.6515171948752528,0.5607717701188099,0.7317501290655654,0.6346257585974376,0.6198442269103844,0.7021166752710377,0.678894133513149
SFL1,2,1503,32,7,25,0.11842980705256155,0.2798509402876846,0.628533231474408,0.3730175913396482,0.18184757902713608,0.5453113063407181,0.5373342354533153,0.1930085297084985,0.46266233766233766,0.840893098782138,0.3217388218716087,0.4745034377387319,0.8621109607577808,0.21505670534480614,0.45903361344537813,0.8442219215155615,0.5927391752867187,0.6114400305576776,0.8953991880920162
CUP2,2,1503,31,6,25,0.023952095808383235,0.11315397464125845,0.6134491204631485,0.3570230040595399,0.028543981355007575,0.5980293921175684,0.44953991880920163,0.05129272252767379,0.615564462257849,0.7290933694181326,0.09112816889291613,0.5655755956357159,0.7139648173207036,-0.03863729322976595,0.616789133823202,0.7184844384303112,0.07630474262716616,0.6278111779113783,0.7631935047361299
YKL222C,1,1503,30,15,15,0.01996007984031936,0.3555689718085301,0.5455645161290322,0.2153673835125448,0.46187894248194455,0.44117383512544806,0.7573476702508961,0.49763367041118045,0.43418458781362007,0.8062724014336917,0.39049663608078977,0.3953853046594982,0.7988351254480287,0.45547235388656604,0.4204301075268817,0.8081541218637993,0.4562390252949139,0.4969534050179211,0.7805555555555556
GAL4,0,1503,27,12,15,0.00998003992015968,0.4855448006994167,0.31287726358148893,0.18687275985663082,0.5159908108211605,0.31989157165213505,0.22963709677419356,0.5664020564229758,0.7304940755644981,0.7942652329749104,0.593937334918437,0.7266376033981667,0.8051971326164875,0.5825256894392622,0.7270288397048961,0.7942204301075269,0.38489293246683476,0.6864520456069751,0.7956541218637992
VHR1,0,1503,26,13,13,0.07850964737192283,0.4915079917576383,0.41192565823438304,0.288435725348477,0.4445929894206783,0.4238513164687661,0.42013422818791946,0.43899572726983827,0.5843056272586474,0.8390810531750129,0.33085590532722015,0.57212183789365,0.8300980898296334,0.4804116592431925,0.5817243159525038,0.8461538461538461,0.3704169717049996,0.5172431595250387,0.8530717604543108
WHI5,1,1503,25,7,18,0.17431803060545575,-0.5108922960060035,0.738540870893812,0.5975308641975309,-0.5438654825084857,0.5350935828877005,0.21945379723157502,-0.5513376029448475,0.440794499618029,0.4763935652824542,-0.5475156110966098,0.4257066462948816,0.5007108118219229,-0.5518876974022199,0.4787051184110008,0.4843621399176955,0.3090612938007797,0.6907944996180291,0.8202768424990647
PHO4,2,1503,23,9,14,0.034597471723220224,0.5644076333251637,0.41543953592146365,0.13331094694425788,0.6352595400718484,0.4866131191432396,0.24517893120982442,0.639015751605816,0.5914026476275472,0.8158399692986664,0.6451837242790331,0.6021121523129556,0.814017077616809,0.6313261401687554,0.5898408448609251,0.8312865777607215,0.6474589977985921,0.6672616391491893,0.8217883526815696
AZF1,2,1503,23,11,12,0.2721224218230206,-0.0030253298426044005,0.4017791859614916,0.4042588866532528,-0.15915497514493174,0.5047830855471606,0.3403755868544601,-0.13371377499435444,0.7376310017060688,0.7194835680751174,-0.1376166972296804,0.741469656349013,0.71959534987704,0.001413174253073921,0.7660857908847185,0.7555890900961324,0.04676918372311256,0.7537167925907873,0.8135479543930249
RTG1,1,1503,21,17,4,0.13439787092481703,0.20006959718135722,0.5965085899770406,0.08222148098732489,0.24173714164033186,0.3347913862718708,0.7581721147431622,0.23511532236458804,0.668751484443037,0.9598065376917946,0.23388466949996917,0.6680389517852902,0.9536357571714477,0.2492751660275391,0.7152244477871903,0.960140093395597,0.227382652712295,0.8343757422215184,0.9131087391594396
CST6,0,1503,20,10,10,0.3486360612109115,0.08793489866218034,0.6056262558606832,0.4273275284661755,0.22744885003536822,0.4965840589417281,0.41962491627595444,0.2446905883271461,0.7119223040857334,0.6393837910247823,0.21764177242578794,0.7016075016744809,0.6407903549899531,0.38152384494042213,0.7337575351640991,0.6464166108506363,0.11569648915219242,0.7585398526456798,0.7161419959812458
