cell,desc,scope,metric,ensemble,seed42,seed123,seed456,seed789,seed2024
W_del,主模型原样(训练删/推理删),全部,B_r,0.6348029275583341,0.605927894065664,0.5957227744794791,0.5969259441636745,0.5973970339368225,0.5977181971728158
W_del,主模型原样(训练删/推理删),全部,B_sign_acc,0.778169014084507,0.7618209255533199,0.7535211267605634,0.7349094567404426,0.7610663983903421,0.7515090543259557
W_del,主模型原样(训练删/推理删),全部,B_r_within_tf,0.5915106485346854,0.5650329484508987,0.5485367134941118,0.5452462223312131,0.5521784346189657,0.5568549623101561
W_del,主模型原样(训练删/推理删),全部,C_auroc_down,0.9105852776126077,0.8953810836551377,0.8943526511092278,0.8982262359605857,0.8888025531058311,0.8873954198351641
W_del,主模型原样(训练删/推理删),全部,C_auprc_down,0.38764346767294056,0.355963036139191,0.34122348769648664,0.36117391386640335,0.3519426381347189,0.3404817285689861
W_del,主模型原样(训练删/推理删),全部,C_auroc_up,0.892173265469716,0.8652373300899601,0.8751118387860107,0.8805788628466481,0.8671611061448232,0.8740350866362001
W_del,主模型原样(训练删/推理删),全部,C_auprc_up,0.26305903549242815,0.23209032565099705,0.22203891291426656,0.2357318166396153,0.23949266817714998,0.24515893038650322
W_del,主模型原样(训练删/推理删),D∈L_g,B_r,0.6463475169517796,0.6133563746879753,0.6136826320128626,0.6236365087322627,0.6021071530405249,0.6350329674341668
W_del,主模型原样(训练删/推理删),D∈L_g,B_sign_acc,0.8146997929606625,0.8022774327122153,0.7888198757763976,0.7629399585921325,0.8053830227743272,0.8033126293995859
W_del,主模型原样(训练删/推理删),D∈L_g,B_r_within_tf,0.4837471878153837,0.4513520105353551,0.4384839845516311,0.4392647230774372,0.4383002166280349,0.4769547028077867
W_del,主模型原样(训练删/推理删),D∈L_g,C_auroc_down,0.9186056499593844,0.9005507804781664,0.9083441733078662,0.9030443862653407,0.9002726459417331,0.8981012206634613
W_del,主模型原样(训练删/推理删),D∈L_g,C_auprc_down,0.5531274762218135,0.5201115668904727,0.5125683015485432,0.515534908140899,0.5240580771390457,0.5099029494765434
W_del,主模型原样(训练删/推理删),D∈L_g,C_auroc_up,0.889541313519126,0.8644160086652661,0.8683488390544097,0.8803420572418099,0.8646055613622957,0.8733324019552041
W_del,主模型原样(训练删/推理删),D∈L_g,C_auprc_up,0.32632944295271143,0.281151370402192,0.29330168805741685,0.2895967296970793,0.306965626333169,0.29234651962656133
W_del,主模型原样(训练删/推理删),D∉L_g,B_r,0.6258435621566472,0.599096016157375,0.582702782383374,0.5790443070366578,0.5929061768898456,0.5744333523003122
W_del,主模型原样(训练删/推理删),D∉L_g,B_sign_acc,0.7664451827242524,0.7488372093023256,0.7421926910299004,0.7259136212624585,0.746843853820598,0.7348837209302326
W_del,主模型原样(训练删/推理删),D∉L_g,B_r_within_tf,0.6073972994551433,0.5817441401376224,0.5625517730587091,0.5580141135670957,0.5714471440807807,0.5571707889841048
W_del,主模型原样(训练删/推理删),D∉L_g,C_auroc_down,0.9058233629009402,0.8911588096773945,0.8876064218740145,0.8942512114198216,0.88299194676464,0.8810834956764974
W_del,主模型原样(训练删/推理删),D∉L_g,C_auprc_down,0.32302223214989545,0.2918846587709282,0.27682189699727594,0.30156328745594957,0.286830749121955,0.27341943156841614
W_del,主模型原样(训练删/推理删),D∉L_g,C_auroc_up,0.8903227501792852,0.8626729157573987,0.8743346295931846,0.8777924794137743,0.8647231766581316,0.8715141116645432
W_del,主模型原样(训练删/推理删),D∉L_g,C_auprc_up,0.24395306875394185,0.21844851759754352,0.20182205575712214,0.22059423308153187,0.21936567907241405,0.2336420639131249
W_nodel,反事实(训练删/推理不删),全部,B_r,0.5971248452705853,0.5710237308676656,0.5477321037948719,0.5563488165665782,0.5600100059858941,0.5535757617521861
W_nodel,反事实(训练删/推理不删),全部,B_sign_acc,0.7698692152917505,0.7527665995975855,0.7406941649899397,0.732645875251509,0.7520120724346077,0.7424547283702213
W_nodel,反事实(训练删/推理不删),全部,B_r_within_tf,0.5672988495199005,0.5446690601576133,0.5169831606752554,0.5214911213073308,0.5297943885197951,0.5239661267539851
W_nodel,反事实(训练删/推理不删),全部,C_auroc_down,0.9050204038369487,0.8893446720739243,0.8882484782054592,0.8934381192810387,0.8811945065486076,0.8820318854730885
W_nodel,反事实(训练删/推理不删),全部,C_auprc_down,0.3422131195732959,0.3134587077938574,0.291411941415983,0.31977546747747093,0.30631677639489097,0.29077793071690133
W_nodel,反事实(训练删/推理不删),全部,C_auroc_up,0.8851356073205783,0.8595749545796797,0.8687983530449934,0.8712740012699034,0.8624733038561461,0.866732950432743
W_nodel,反事实(训练删/推理不删),全部,C_auprc_up,0.23920536009122925,0.2158164879129034,0.20051007520805875,0.213083237632431,0.2188114135189996,0.2244498592718922
W_nodel,反事实(训练删/推理不删),D∈L_g,B_r,0.5525585304618141,0.5274569428399352,0.48788236662627044,0.5187605242815483,0.5004465229423098,0.53444444916971
W_nodel,反事实(训练删/推理不删),D∈L_g,B_sign_acc,0.7805383022774327,0.7650103519668737,0.7360248447204969,0.7536231884057971,0.7681159420289855,0.7660455486542443
W_nodel,反事实(训练删/推理不删),D∈L_g,B_r_within_tf,0.435687751392856,0.4233870302063502,0.36791978695728306,0.38383055722432663,0.39950951039318594,0.4119076588985107
W_nodel,反事实(训练删/推理不删),D∈L_g,C_auroc_down,0.8928254462227492,0.8718348646512547,0.8799518101385321,0.8805661211003535,0.8658214230828338,0.8714916902676239
W_nodel,反事实(训练删/推理不删),D∈L_g,C_auprc_down,0.4200478362013162,0.39352580912122537,0.357239723631466,0.39343146894716197,0.388131004597106,0.36744651870411293
W_nodel,反事实(训练删/推理不删),D∈L_g,C_auroc_up,0.8500051743229399,0.832070453581149,0.8339256208325141,0.8321513454964418,0.8362668294853618,0.8322625934396484
W_nodel,反事实(训练删/推理不删),D∈L_g,C_auprc_up,0.22780506079278184,0.21313506569408622,0.20571830384185721,0.19198119301797123,0.21897932591543814,0.20093629092802806
W_nodel,反事实(训练删/推理不删),D∉L_g,B_r,0.6258435621566472,0.599096016157375,0.582702782383374,0.5790443070366578,0.5929061768898456,0.5744333523003122
W_nodel,反事实(训练删/推理不删),D∉L_g,B_sign_acc,0.7664451827242524,0.7488372093023256,0.7421926910299004,0.7259136212624585,0.746843853820598,0.7348837209302326
W_nodel,反事实(训练删/推理不删),D∉L_g,B_r_within_tf,0.6073972994551433,0.5817441401376224,0.5625517730587091,0.5580141135670957,0.5714471440807807,0.5571707889841048
W_nodel,反事实(训练删/推理不删),D∉L_g,C_auroc_down,0.9058233629009402,0.8911588096773945,0.8876064218740145,0.8942512114198216,0.88299194676464,0.8810834956764974
W_nodel,反事实(训练删/推理不删),D∉L_g,C_auprc_down,0.32302223214989545,0.2918846587709282,0.27682189699727594,0.30156328745594957,0.286830749121955,0.27341943156841614
W_nodel,反事实(训练删/推理不删),D∉L_g,C_auroc_up,0.8903227501792852,0.8626729157573987,0.8743346295931846,0.8777924794137743,0.8647231766581316,0.8715141116645432
W_nodel,反事实(训练删/推理不删),D∉L_g,C_auprc_up,0.24395306875394185,0.21844851759754352,0.20182205575712214,0.22059423308153187,0.21936567907241405,0.2336420639131249
N_nodel,训练消融原样(训练不删/推理不删),全部,B_r,0.6225630454359544,0.5870002057398606,0.5828293053924114,0.5996990899981344,0.5989443862838468,0.5750940684772053
N_nodel,训练消融原样(训练不删/推理不删),全部,B_sign_acc,0.7831991951710262,0.7630784708249497,0.7676056338028169,0.760814889336016,0.7605633802816901,0.7542756539235412
N_nodel,训练消融原样(训练不删/推理不删),全部,B_r_within_tf,0.577137866343147,0.5408503265462828,0.533858120818827,0.5538956398842003,0.5559934713546166,0.5255601517678061
N_nodel,训练消融原样(训练不删/推理不删),全部,C_auroc_down,0.909337512613757,0.8948913446341197,0.8866150527761204,0.8985217419432807,0.8957768784769756,0.885986994926384
N_nodel,训练消融原样(训练不删/推理不删),全部,C_auprc_down,0.36223068912042966,0.32782218338559843,0.30779461758332793,0.34211012226947257,0.3245699729293061,0.31455198503102066
N_nodel,训练消融原样(训练不删/推理不删),全部,C_auroc_up,0.8892805708760126,0.8731726934547658,0.8780170050366303,0.8669066183904522,0.8743315844668157,0.8633643759018806
N_nodel,训练消融原样(训练不删/推理不删),全部,C_auprc_up,0.25574290643446096,0.23899983482927034,0.22997925445917516,0.222183787698313,0.23165518485251435,0.2261094619023614
N_nodel,训练消融原样(训练不删/推理不删),D∈L_g,B_r,0.617473972043346,0.5888370529647948,0.599203102354909,0.5951126656161754,0.5873849101810223,0.5759574266940648
N_nodel,训练消融原样(训练不删/推理不删),D∈L_g,B_sign_acc,0.8095238095238095,0.7929606625258799,0.8126293995859213,0.7898550724637681,0.7991718426501035,0.7857142857142857
N_nodel,训练消融原样(训练不删/推理不删),D∈L_g,B_r_within_tf,0.4520919158623536,0.42550050461760025,0.4151074913737142,0.4246236772722024,0.4373607604587577,0.3938622290659308
N_nodel,训练消融原样(训练不删/推理不删),D∈L_g,C_auroc_down,0.9112595775977519,0.8962013436079826,0.8942070627236602,0.9050610331730664,0.8973770005927683,0.8903005554457837
N_nodel,训练消融原样(训练不删/推理不删),D∈L_g,C_auprc_down,0.5190610777309074,0.48422888727429564,0.47824983109715796,0.4911703348997408,0.482543385350941,0.46822037223029306
N_nodel,训练消融原样(训练不删/推理不删),D∈L_g,C_auroc_up,0.8786648866995753,0.8654577723504879,0.8615582301055907,0.8574493002590611,0.8608360671006199,0.8560643064854964
N_nodel,训练消融原样(训练不删/推理不删),D∈L_g,C_auprc_up,0.2818062265952176,0.26741322655735694,0.2635280076773904,0.2555816870984742,0.25106969690972,0.24131663344271007
N_nodel,训练消融原样(训练不删/推理不删),D∉L_g,B_r,0.6231311442700571,0.5839430867433579,0.5709520442826311,0.5997210258970912,0.6036234752415253,0.5716288672431098
N_nodel,训练消融原样(训练不删/推理不删),D∉L_g,B_sign_acc,0.774750830564784,0.7534883720930232,0.753156146179402,0.7514950166112957,0.748172757475083,0.7441860465116279
N_nodel,训练消融原样(训练不删/推理不删),D∉L_g,B_r_within_tf,0.6016110447446048,0.561600934910116,0.5500264345362073,0.5782046078944076,0.5802959109620444,0.5479424548279369
N_nodel,训练消融原样(训练不删/推理不删),D∉L_g,C_auroc_down,0.9059273967062235,0.8914268620658328,0.8813739652836851,0.8938630059686102,0.891791182242057,0.8814409159884045
N_nodel,训练消融原样(训练不删/推理不删),D∉L_g,C_auprc_down,0.30638204910104255,0.27310886882011776,0.25166490379870676,0.2916172578094076,0.2692003191068701,0.26319847000319563
N_nodel,训练消融原样(训练不删/推理不删),D∉L_g,C_auroc_up,0.888807790521625,0.8723515221395169,0.8786241759123153,0.8659977103942003,0.8737405142200025,0.8615761492739036
N_nodel,训练消融原样(训练不删/推理不删),D∉L_g,C_auprc_up,0.24848002482421044,0.2326576966761781,0.2208863084782284,0.21322977656050404,0.22699459147804518,0.2240968438264103
N_del,零样本(训练不删/推理删),全部,B_r,0.620869638888001,0.5827101798275821,0.5774850965860794,0.6001182251468345,0.5977548232460954,0.5718038311278952
N_del,零样本(训练不删/推理删),全部,B_sign_acc,0.7824446680080482,0.7620724346076458,0.7648390342052314,0.7600603621730382,0.7585513078470825,0.7532696177062375
N_del,零样本(训练不删/推理删),全部,B_r_within_tf,0.5763481731875836,0.537660231826599,0.5316541801673481,0.5538264941675327,0.5520870245579909,0.5257867228824095
N_del,零样本(训练不删/推理删),全部,C_auroc_down,0.90256939986959,0.871712969661441,0.879914777054911,0.8821914146082596,0.8882419537770411,0.8724479070165904
N_del,零样本(训练不删/推理删),全部,C_auprc_down,0.29002084370232983,0.1927095568211628,0.24998342490348163,0.21531264820440318,0.24645872669773317,0.22427030609618098
N_del,零样本(训练不删/推理删),全部,C_auroc_up,0.8743426343440315,0.8539946098115092,0.8537539127796322,0.8435895556409188,0.8512813135423689,0.8428382721103732
N_del,零样本(训练不删/推理删),全部,C_auprc_up,0.16847016149347457,0.15182499030285915,0.1286302333826191,0.13140355369078677,0.14034900268303394,0.1358474202294307
N_del,零样本(训练不删/推理删),D∈L_g,B_r,0.6125366888984674,0.5772177651537992,0.5856924411050142,0.5964269904195095,0.5842317936878371,0.5667760515818248
N_del,零样本(训练不删/推理删),D∈L_g,B_sign_acc,0.8064182194616977,0.7888198757763976,0.8012422360248447,0.7867494824016563,0.7908902691511387,0.7815734989648033
N_del,零样本(训练不删/推理删),D∈L_g,B_r_within_tf,0.44736858799522505,0.41492496945881097,0.40858548229738817,0.426540477093573,0.42272007199458267,0.39277152237017526
N_del,零样本(训练不删/推理删),D∈L_g,C_auroc_down,0.8771854211947573,0.7989813168236405,0.8620256482030341,0.8261664635886627,0.8620123383608861,0.8313769237524424
N_del,零样本(训练不删/推理删),D∈L_g,C_auprc_down,0.32015329117255287,0.16732709366620035,0.283747779155063,0.18783135815917446,0.2723714180455129,0.2337304479381109
N_del,零样本(训练不删/推理删),D∈L_g,C_auroc_up,0.7990934586209395,0.7760515086600919,0.7534048769718482,0.7512999623999199,0.759723242713691,0.7587506424784317
N_del,零样本(训练不删/推理删),D∈L_g,C_auprc_up,0.1255911974937914,0.11726697097524338,0.09491071044859216,0.09967883952535074,0.10865620618519577,0.09581033382726933
N_del,零样本(训练不删/推理删),D∉L_g,B_r,0.6231311442700571,0.5839430867433579,0.5709520442826311,0.5997210258970912,0.6036234752415253,0.5716288672431098
N_del,零样本(训练不删/推理删),D∉L_g,B_sign_acc,0.774750830564784,0.7534883720930232,0.753156146179402,0.7514950166112957,0.748172757475083,0.7441860465116279
N_del,零样本(训练不删/推理删),D∉L_g,B_r_within_tf,0.6016110447446048,0.561600934910116,0.5500264345362073,0.5782046078944076,0.5802959109620444,0.5479424548279369
N_del,零样本(训练不删/推理删),D∉L_g,C_auroc_down,0.9059273967062235,0.8914268620658328,0.8813739652836851,0.8938630059686102,0.891791182242057,0.8814409159884045
N_del,零样本(训练不删/推理删),D∉L_g,C_auprc_down,0.30638204910104255,0.27310886882011776,0.25166490379870676,0.2916172578094076,0.2692003191068701,0.26319847000319563
N_del,零样本(训练不删/推理删),D∉L_g,C_auroc_up,0.888807790521625,0.8723515221395169,0.8786241759123153,0.8659977103942003,0.8737405142200025,0.8615761492739036
N_del,零样本(训练不删/推理删),D∉L_g,C_auprc_up,0.24848002482421044,0.2326576966761781,0.2208863084782284,0.21322977656050404,0.22699459147804518,0.2240968438264103
