run,seed,n_val,train_min,val_min,epochs,best_epoch,code_version,ablation_trained
v8_headA_all,42,52,70.17191642920176,4.842089398701986,13.0,9.5,2026-09-28b,none
v8_headA_all,123,60,80.74992476304372,5.678272394339244,15.0,13.0,2026-09-28b,none
v8_headA_all,456,49,66.1799073457718,5.169712821642558,12.2498,9.2498,2026-09-28b,none
v8_headA_all,789,56,75.40100284020106,6.1443983793258665,14.0,11.0,2026-09-28b,none
v8_headA_all,2024,55,73.7840605576833,5.907552270094554,13.7502,10.7502,2026-09-28b,none
v10_abl_no_knockout,42,57,63.95532834132512,4.508142737547557,14.2498,8.0,2026-09-28b,no_knockout
v10_abl_no_knockout,123,60,67.3384151617686,4.7801867882410685,15.0,12.2498,2026-09-28b,no_knockout
v10_abl_no_knockout,456,60,67.34656283458074,4.6461541493733725,15.0,9.2498,2026-09-28b,no_knockout
v10_abl_no_knockout,789,56,62.84208106994629,4.295029330253601,14.0,11.0,2026-09-28b,no_knockout
v10_abl_no_knockout,2024,49,54.96480170488358,3.8200051307678224,12.2498,8.7502,2026-09-28b,no_knockout
