source,key,value
train_config,ablation,'none'
train_config,amp,'bf16'
train_config,batch_size,192
train_config,beta,0.999
train_config,cis_layers,6
train_config,compile_cache_limit,16
train_config,compile_dynamic,'auto'
train_config,compile_model,False
train_config,compile_scope,'full'
train_config,ctx_clip,3.0
train_config,ctx_mode,'marker'
train_config,d_model,256
train_config,dense_delta,None
train_config,dense_on,'ns'
train_config,dense_target,'out/head_b_dense_target.parquet'
train_config,dense_target_digest,'581175:-1700.272173'
train_config,dropout,0.2
train_config,ema_decay,0.0
train_config,eval_batch_size,512
train_config,forward_mode,'grouped'
train_config,gamma,0.0
train_config,grad_clip,1.0
train_config,head_a_all,True
train_config,head_c_mode,'delta_tf'
train_config,huber_delta,1.0
train_config,lambda_a,1.0
train_config,lambda_b,1.0
train_config,lambda_bd,1.0
train_config,lambda_c,1.0
train_config,lambda_sign,0.1
train_config,lay_layers,4
train_config,layout_buckets,1
train_config,loss_b,'huber'
train_config,lr,0.0001
train_config,lr_schedule,'warmup_cosine'
train_config,max_steps,0
train_config,min_delta,1e-06
train_config,min_lr_ratio,0.05
train_config,n_epochs,15
train_config,n_heads,8
train_config,n_tf,178
train_config,num_workers,8
train_config,optimizer,'adamw'
train_config,pad_token_id,0
train_config,patience,12
train_config,save_per_head_best,True
train_config,seed,42
train_config,select_metric,'composite'
train_config,tfs_per_gene,4
train_config,val_every,0.25
train_config,vocab_size,4000
train_config,warmup_steps,500
train_config,weight_decay,0.05
model_kwargs,cis_layers,6
model_kwargs,d_model,256
model_kwargs,dropout,0.2
model_kwargs,head_c_mode,'delta_tf'
model_kwargs,lay_layers,4
model_kwargs,n_heads,8
model_kwargs,n_tf,178
model_kwargs,pad_token_id,0
model_kwargs,vocab_size,4000
