run,variant,scope,metric,value
v3_ce_marker_dense,selected,seed42,A_r_gene,0.4768001116230598
v3_ce_marker_dense,selected,seed42,B_r,0.58305257282209
v3_ce_marker_dense,selected,seed42,B_sign_acc,0.7515090543259557
v3_ce_marker_dense,selected,seed42,B_r_within_tf,0.5335355016646496
v3_ce_marker_dense,selected,seed42,B_dr,0.32996492627469015
v3_ce_marker_dense,selected,seed42,B_dr_ns,0.17316974397904702
v3_ce_marker_dense,selected,seed42,C_auroc_down,0.8976468392756642
v3_ce_marker_dense,selected,seed42,C_auprc_down,0.3470616099303482
v3_ce_marker_dense,selected,seed42,C_auroc_up,0.8799904676969192
v3_ce_marker_dense,selected,seed42,C_auprc_up,0.24363095688817094
v3_ce_marker_dense,selected,seed42,C_macro_f1_offset,0.5495720399203482
v3_ce_marker_dense,selected,seed123,A_r_gene,0.47569652466681084
v3_ce_marker_dense,selected,seed123,B_r,0.5763395590728981
v3_ce_marker_dense,selected,seed123,B_sign_acc,0.744215291750503
v3_ce_marker_dense,selected,seed123,B_r_within_tf,0.528769687857113
v3_ce_marker_dense,selected,seed123,B_dr,0.32557084917944773
v3_ce_marker_dense,selected,seed123,B_dr_ns,0.16844546054205178
v3_ce_marker_dense,selected,seed123,C_auroc_down,0.902346381753315
v3_ce_marker_dense,selected,seed123,C_auprc_down,0.35587840887483074
v3_ce_marker_dense,selected,seed123,C_auroc_up,0.8774570076388656
v3_ce_marker_dense,selected,seed123,C_auprc_up,0.2272656321653071
v3_ce_marker_dense,selected,seed123,C_macro_f1_offset,0.5493574490967051
v3_ce_marker_dense,selected,ensemble2,A_r_gene,0.5062497946892172
v3_ce_marker_dense,selected,ensemble2,B_r,0.5995244916723654
v3_ce_marker_dense,selected,ensemble2,B_sign_acc,0.7678571428571429
v3_ce_marker_dense,selected,ensemble2,B_r_within_tf,0.5520654704588821
v3_ce_marker_dense,selected,ensemble2,B_dr,0.3473735513807618
v3_ce_marker_dense,selected,ensemble2,B_dr_ns,0.18336177336588613
v3_ce_marker_dense,selected,ensemble2,C_auroc_down,0.9071261288071394
v3_ce_marker_dense,selected,ensemble2,C_auprc_down,0.36957156372909555
v3_ce_marker_dense,selected,ensemble2,C_auroc_up,0.8868025061662126
v3_ce_marker_dense,selected,ensemble2,C_auprc_up,0.2499628845020273
v3_ce_marker_dense,selected,ensemble2,C_macro_f1_offset,0.5587692882559667
v3_ce_marker_dense,selected,ensemble2,C_offset_down_up,+1.25/+1.50
v3_ce_marker_dense,selected+stack,ensemble2,C_auroc_down,0.9188952608808789
v3_ce_marker_dense,selected+stack,ensemble2,C_auprc_down,0.36993415556897946
v3_ce_marker_dense,selected+stack,ensemble2,C_auroc_up,0.8944829655141495
v3_ce_marker_dense,selected+stack,ensemble2,C_auprc_up,0.2536804601553634
v3_ce_marker_dense,selected+stack,ensemble2,C_macro_f1_offset,0.5574808648783031
v3_ce_marker_dense,perhead,seed42,A_r_gene,0.5283936787981478
v3_ce_marker_dense,perhead,seed42,B_r,0.5886168085451348
v3_ce_marker_dense,perhead,seed42,B_sign_acc,0.7482394366197183
v3_ce_marker_dense,perhead,seed42,B_r_within_tf,0.5410221456103885
v3_ce_marker_dense,perhead,seed42,B_dr,0.3279436702991353
v3_ce_marker_dense,perhead,seed42,B_dr_ns,0.1786820675208259
v3_ce_marker_dense,perhead,seed42,C_auroc_down,0.8980755732350271
v3_ce_marker_dense,perhead,seed42,C_auprc_down,0.3526290146542384
v3_ce_marker_dense,perhead,seed42,C_auroc_up,0.8737340531661598
v3_ce_marker_dense,perhead,seed42,C_auprc_up,0.23687873860317732
v3_ce_marker_dense,perhead,seed42,C_macro_f1_offset,0.5473557970277045
v3_ce_marker_dense,perhead,seed123,A_r_gene,0.5011586620124967
v3_ce_marker_dense,perhead,seed123,B_r,0.5823101935986458
v3_ce_marker_dense,perhead,seed123,B_sign_acc,0.7550301810865191
v3_ce_marker_dense,perhead,seed123,B_r_within_tf,0.5369318205981347
v3_ce_marker_dense,perhead,seed123,B_dr,0.33092909369315704
v3_ce_marker_dense,perhead,seed123,B_dr_ns,0.188313561549684
v3_ce_marker_dense,perhead,seed123,C_auroc_down,0.898012112641574
v3_ce_marker_dense,perhead,seed123,C_auprc_down,0.34934682411361045
v3_ce_marker_dense,perhead,seed123,C_auroc_up,0.8755240684030432
v3_ce_marker_dense,perhead,seed123,C_auprc_up,0.22610361410290478
v3_ce_marker_dense,perhead,seed123,C_macro_f1_offset,0.5451360973402027
v3_ce_marker_dense,perhead,ensemble2,A_r_gene,0.5433476114326244
v3_ce_marker_dense,perhead,ensemble2,B_r,0.6048957557750725
v3_ce_marker_dense,perhead,ensemble2,B_sign_acc,0.7688631790744467
v3_ce_marker_dense,perhead,ensemble2,B_r_within_tf,0.5595623166716528
v3_ce_marker_dense,perhead,ensemble2,B_dr,0.34854274088909926
v3_ce_marker_dense,perhead,ensemble2,B_dr_ns,0.19633972850931827
v3_ce_marker_dense,perhead,ensemble2,C_auroc_down,0.904934720444163
v3_ce_marker_dense,perhead,ensemble2,C_auprc_down,0.3704717979414142
v3_ce_marker_dense,perhead,ensemble2,C_auroc_up,0.8833704272773982
v3_ce_marker_dense,perhead,ensemble2,C_auprc_up,0.24526777153166562
v3_ce_marker_dense,perhead,ensemble2,C_macro_f1_offset,0.5575957333129639
v3_ce_marker_dense,perhead,ensemble2,C_offset_down_up,+1.00/+1.25
v3_ce_marker_dense,perhead+stack,ensemble2,C_auroc_down,0.9165015952369421
v3_ce_marker_dense,perhead+stack,ensemble2,C_auprc_down,0.36851386359025196
v3_ce_marker_dense,perhead+stack,ensemble2,C_auroc_up,0.8928681697588312
v3_ce_marker_dense,perhead+stack,ensemble2,C_auprc_up,0.25240356266751957
v3_ce_marker_dense,perhead+stack,ensemble2,C_macro_f1_offset,0.5562215920737829
v2_ce,selected,seed42,A_r_gene,0.537993791538994
v2_ce,selected,seed42,B_r,0.6102519633776899
v2_ce,selected,seed42,B_sign_acc,0.7530181086519114
v2_ce,selected,seed42,B_r_within_tf,0.5575323057722452
v2_ce,selected,seed42,B_dr,0.21940983539980485
v2_ce,selected,seed42,B_dr_ns,0.11962549941631195
v2_ce,selected,seed42,C_auroc_down,0.8915901494492008
v2_ce,selected,seed42,C_auprc_down,0.34741479877887216
v2_ce,selected,seed42,C_auroc_up,0.867645214023823
v2_ce,selected,seed42,C_auprc_up,0.24123970622992916
v2_ce,selected,seed42,C_macro_f1_offset,0.5519319572505247
v2_ce,selected,seed123,A_r_gene,0.5074669425819456
v2_ce,selected,seed123,B_r,0.5705537705866154
v2_ce,selected,seed123,B_sign_acc,0.7492454728370221
v2_ce,selected,seed123,B_r_within_tf,0.5118852180770527
v2_ce,selected,seed123,B_dr,0.19243847702731617
v2_ce,selected,seed123,B_dr_ns,0.09566541689322701
v2_ce,selected,seed123,C_auroc_down,0.8987568910490146
v2_ce,selected,seed123,C_auprc_down,0.3488242136595172
v2_ce,selected,seed123,C_auroc_up,0.8526080448371581
v2_ce,selected,seed123,C_auprc_up,0.22962368856798823
v2_ce,selected,seed123,C_macro_f1_offset,0.5468732029599128
v2_ce,selected,ensemble2,A_r_gene,0.557287747529219
v2_ce,selected,ensemble2,B_r,0.6134857265999473
v2_ce,selected,ensemble2,B_sign_acc,0.761317907444668
v2_ce,selected,ensemble2,B_r_within_tf,0.5586467017140179
v2_ce,selected,ensemble2,B_dr,0.2180944754620133
v2_ce,selected,ensemble2,B_dr_ns,0.11426741688102522
v2_ce,selected,ensemble2,C_auroc_down,0.906090684511472
v2_ce,selected,ensemble2,C_auprc_down,0.37063663749001863
v2_ce,selected,ensemble2,C_auroc_up,0.8750249588561011
v2_ce,selected,ensemble2,C_auprc_up,0.25234269115870367
v2_ce,selected,ensemble2,C_macro_f1_offset,0.5589235611400277
v2_ce,selected,ensemble2,C_offset_down_up,+0.75/+1.50
v2_ce,selected+stack,ensemble2,C_auroc_down,0.9200688300229839
v2_ce,selected+stack,ensemble2,C_auprc_down,0.37093519846428247
v2_ce,selected+stack,ensemble2,C_auroc_up,0.8915829511876918
v2_ce,selected+stack,ensemble2,C_auprc_up,0.25715970587148973
v2_ce,selected+stack,ensemble2,C_macro_f1_offset,0.5587352773251706
v2_ce,perhead,seed42,A_r_gene,0.541050088335872
v2_ce,perhead,seed42,B_r,0.6102519633776899
v2_ce,perhead,seed42,B_sign_acc,0.7530181086519114
v2_ce,perhead,seed42,B_r_within_tf,0.5575323057722452
v2_ce,perhead,seed42,B_dr,0.21940983539980485
v2_ce,perhead,seed42,B_dr_ns,0.11962549941631195
v2_ce,perhead,seed42,C_auroc_down,0.8977793007857593
v2_ce,perhead,seed42,C_auprc_down,0.3592508514040348
v2_ce,perhead,seed42,C_auroc_up,0.8661593677407301
v2_ce,perhead,seed42,C_auprc_up,0.23416420442695557
v2_ce,perhead,seed42,C_macro_f1_offset,0.5540322965855972
v2_ce,perhead,seed123,A_r_gene,0.5378176440813965
v2_ce,perhead,seed123,B_r,0.5719788445147831
v2_ce,perhead,seed123,B_sign_acc,0.7452213279678068
v2_ce,perhead,seed123,B_r_within_tf,0.5145694818201098
v2_ce,perhead,seed123,B_dr,0.19728696280659064
v2_ce,perhead,seed123,B_dr_ns,0.09745912459879821
v2_ce,perhead,seed123,C_auroc_down,0.8937593823255959
v2_ce,perhead,seed123,C_auprc_down,0.34243125805911645
v2_ce,perhead,seed123,C_auroc_up,0.8593705426632002
v2_ce,perhead,seed123,C_auprc_up,0.2287949211888838
v2_ce,perhead,seed123,C_macro_f1_offset,0.5465636989802577
v2_ce,perhead,ensemble2,A_r_gene,0.5800565543963182
v2_ce,perhead,ensemble2,B_r,0.6142001883253616
v2_ce,perhead,ensemble2,B_sign_acc,0.7600603621730382
v2_ce,perhead,ensemble2,B_r_within_tf,0.559251528116671
v2_ce,perhead,ensemble2,B_dr,0.22019050153234151
v2_ce,perhead,ensemble2,B_dr_ns,0.11493315259469465
v2_ce,perhead,ensemble2,C_auroc_down,0.9053277190823932
v2_ce,perhead,ensemble2,C_auprc_down,0.3701931606694013
v2_ce,perhead,ensemble2,C_auroc_up,0.8749867546084084
v2_ce,perhead,ensemble2,C_auprc_up,0.24673279471427575
v2_ce,perhead,ensemble2,C_macro_f1_offset,0.5606152763151475
v2_ce,perhead,ensemble2,C_offset_down_up,+1.00/+1.00
v2_ce,perhead+stack,ensemble2,C_auroc_down,0.919849663164673
v2_ce,perhead+stack,ensemble2,C_auprc_down,0.36788619338458717
v2_ce,perhead+stack,ensemble2,C_auroc_up,0.892078406274263
v2_ce,perhead+stack,ensemble2,C_auprc_up,0.25372900398890996
v2_ce,perhead+stack,ensemble2,C_macro_f1_offset,0.5568989881793782
v4_abl_no_cis,selected,seed42,A_r_gene,0.4950492458030386
v4_abl_no_cis,selected,seed42,B_r,0.5858058212250788
v4_abl_no_cis,selected,seed42,B_sign_acc,0.761317907444668
v4_abl_no_cis,selected,seed42,B_r_within_tf,0.5459885854597921
v4_abl_no_cis,selected,seed42,B_dr,0.3183186938465286
v4_abl_no_cis,selected,seed42,B_dr_ns,0.18506479565005088
v4_abl_no_cis,selected,seed42,C_auroc_down,0.9011407582221365
v4_abl_no_cis,selected,seed42,C_auprc_down,0.3287025162993919
v4_abl_no_cis,selected,seed42,C_auroc_up,0.8719005952613186
v4_abl_no_cis,selected,seed42,C_auprc_up,0.23363533690901744
v4_abl_no_cis,selected,seed42,C_macro_f1_offset,0.5430320533828413
v4_abl_no_cis,selected,seed123,A_r_gene,0.5195129455878122
v4_abl_no_cis,selected,seed123,B_r,0.5674232644211772
v4_abl_no_cis,selected,seed123,B_sign_acc,0.7422032193158954
v4_abl_no_cis,selected,seed123,B_r_within_tf,0.5242866578060467
v4_abl_no_cis,selected,seed123,B_dr,0.3000655294799651
v4_abl_no_cis,selected,seed123,B_dr_ns,0.15810982867289472
v4_abl_no_cis,selected,seed123,C_auroc_down,0.8928157910054968
v4_abl_no_cis,selected,seed123,C_auprc_down,0.3251550789916183
v4_abl_no_cis,selected,seed123,C_auroc_up,0.8681171908243138
v4_abl_no_cis,selected,seed123,C_auprc_up,0.2262844386868079
v4_abl_no_cis,selected,seed123,C_macro_f1_offset,0.5396752468322055
v4_abl_no_cis,selected,ensemble2,A_r_gene,0.5405431102513101
v4_abl_no_cis,selected,ensemble2,B_r,0.5970761545117916
v4_abl_no_cis,selected,ensemble2,B_sign_acc,0.7625754527162978
v4_abl_no_cis,selected,ensemble2,B_r_within_tf,0.5563689569578564
v4_abl_no_cis,selected,ensemble2,B_dr,0.32853324706281134
v4_abl_no_cis,selected,ensemble2,B_dr_ns,0.18456324935134263
v4_abl_no_cis,selected,ensemble2,C_auroc_down,0.9061199758358639
v4_abl_no_cis,selected,ensemble2,C_auprc_down,0.3495366510434555
v4_abl_no_cis,selected,ensemble2,C_auroc_up,0.8817102264737748
v4_abl_no_cis,selected,ensemble2,C_auprc_up,0.24718468127193804
v4_abl_no_cis,selected,ensemble2,C_macro_f1_offset,0.547779325466931
v4_abl_no_cis,selected,ensemble2,C_offset_down_up,+0.75/+1.00
v4_abl_no_cis,selected+stack,ensemble2,C_auroc_down,0.9176744499565009
v4_abl_no_cis,selected+stack,ensemble2,C_auprc_down,0.35058634238355213
v4_abl_no_cis,selected+stack,ensemble2,C_auroc_up,0.8928280247548172
v4_abl_no_cis,selected+stack,ensemble2,C_auprc_up,0.25338951089515177
v4_abl_no_cis,selected+stack,ensemble2,C_macro_f1_offset,0.5502895627441372
v4_abl_no_cis,perhead,seed42,A_r_gene,0.54925782508795
v4_abl_no_cis,perhead,seed42,B_r,0.5858058212250788
v4_abl_no_cis,perhead,seed42,B_sign_acc,0.761317907444668
v4_abl_no_cis,perhead,seed42,B_r_within_tf,0.5459885854597921
v4_abl_no_cis,perhead,seed42,B_dr,0.3183186938465286
v4_abl_no_cis,perhead,seed42,B_dr_ns,0.18506479565005088
v4_abl_no_cis,perhead,seed42,C_auroc_down,0.9003292924915974
v4_abl_no_cis,perhead,seed42,C_auprc_down,0.3289012791219546
v4_abl_no_cis,perhead,seed42,C_auroc_up,0.8727513871528776
v4_abl_no_cis,perhead,seed42,C_auprc_up,0.23091082102347987
v4_abl_no_cis,perhead,seed42,C_macro_f1_offset,0.5424077954390837
v4_abl_no_cis,perhead,seed123,A_r_gene,0.5585429612385527
v4_abl_no_cis,perhead,seed123,B_r,0.580597881507872
v4_abl_no_cis,perhead,seed123,B_sign_acc,0.7467303822937625
v4_abl_no_cis,perhead,seed123,B_r_within_tf,0.54002859674556
v4_abl_no_cis,perhead,seed123,B_dr,0.3160153744367492
v4_abl_no_cis,perhead,seed123,B_dr_ns,0.16620762353191407
v4_abl_no_cis,perhead,seed123,C_auroc_down,0.8928157910054968
v4_abl_no_cis,perhead,seed123,C_auprc_down,0.3251550789916183
v4_abl_no_cis,perhead,seed123,C_auroc_up,0.8681171908243138
v4_abl_no_cis,perhead,seed123,C_auprc_up,0.2262844386868079
v4_abl_no_cis,perhead,seed123,C_macro_f1_offset,0.5396752468322055
v4_abl_no_cis,perhead,ensemble2,A_r_gene,0.5829853140272295
v4_abl_no_cis,perhead,ensemble2,B_r,0.6033187885326937
v4_abl_no_cis,perhead,ensemble2,B_sign_acc,0.7691146881287726
v4_abl_no_cis,perhead,ensemble2,B_r_within_tf,0.5636352441720502
v4_abl_no_cis,perhead,ensemble2,B_dr,0.33589064520979944
v4_abl_no_cis,perhead,ensemble2,B_dr_ns,0.18788458897696922
v4_abl_no_cis,perhead,ensemble2,C_auroc_down,0.9050751021088425
v4_abl_no_cis,perhead,ensemble2,C_auprc_down,0.34565623114591515
v4_abl_no_cis,perhead,ensemble2,C_auroc_up,0.880613909986565
v4_abl_no_cis,perhead,ensemble2,C_auprc_up,0.2447309997047256
v4_abl_no_cis,perhead,ensemble2,C_macro_f1_offset,0.5494017592314228
v4_abl_no_cis,perhead,ensemble2,C_offset_down_up,+1.00/+1.00
v4_abl_no_cis,perhead+stack,ensemble2,C_auroc_down,0.9174035087543329
v4_abl_no_cis,perhead+stack,ensemble2,C_auprc_down,0.3470408023734346
v4_abl_no_cis,perhead+stack,ensemble2,C_auroc_up,0.8920510789115791
v4_abl_no_cis,perhead+stack,ensemble2,C_auprc_up,0.24862506943032592
v4_abl_no_cis,perhead+stack,ensemble2,C_macro_f1_offset,0.5482872042900322
v8_headA_all,selected,seed42,A_r_gene,0.5305942757373955
v8_headA_all,selected,seed42,B_r,0.6055336701517254
v8_headA_all,selected,seed42,B_sign_acc,0.7600603621730382
v8_headA_all,selected,seed42,B_r_within_tf,0.5662804347173999
v8_headA_all,selected,seed42,B_dr,0.33919240885775015
v8_headA_all,selected,seed42,B_dr_ns,0.1822932640730908
v8_headA_all,selected,seed42,C_auroc_down,0.8955146144334144
v8_headA_all,selected,seed42,C_auprc_down,0.35822571482218646
v8_headA_all,selected,seed42,C_auroc_up,0.8619112846119632
v8_headA_all,selected,seed42,C_auprc_up,0.2340425989546199
v8_headA_all,selected,seed42,C_macro_f1_offset,0.5569543325701805
v8_headA_all,selected,seed123,A_r_gene,0.5120590350211951
v8_headA_all,selected,seed123,B_r,0.5938630534559561
v8_headA_all,selected,seed123,B_sign_acc,0.7588028169014085
v8_headA_all,selected,seed123,B_r_within_tf,0.5505206241691685
v8_headA_all,selected,seed123,B_dr,0.33364752635266576
v8_headA_all,selected,seed123,B_dr_ns,0.18227021438943017
v8_headA_all,selected,seed123,C_auroc_down,0.8924095637219751
v8_headA_all,selected,seed123,C_auprc_down,0.33946412141023
v8_headA_all,selected,seed123,C_auroc_up,0.867564145550864
v8_headA_all,selected,seed123,C_auprc_up,0.21210747634801994
v8_headA_all,selected,seed123,C_macro_f1_offset,0.5365052142514241
v8_headA_all,selected,ensemble2,A_r_gene,0.5517753962372841
v8_headA_all,selected,ensemble2,B_r,0.6239498621556276
v8_headA_all,selected,ensemble2,B_sign_acc,0.7779175050301811
v8_headA_all,selected,ensemble2,B_r_within_tf,0.5835134635332634
v8_headA_all,selected,ensemble2,B_dr,0.3585175503266648
v8_headA_all,selected,ensemble2,B_dr_ns,0.1965485577798675
v8_headA_all,selected,ensemble2,C_auroc_down,0.9045125960761708
v8_headA_all,selected,ensemble2,C_auprc_down,0.373493288203038
v8_headA_all,selected,ensemble2,C_auroc_up,0.8804489078572201
v8_headA_all,selected,ensemble2,C_auprc_up,0.241184477631603
v8_headA_all,selected,ensemble2,C_macro_f1_offset,0.5605500055587554
v8_headA_all,selected,ensemble2,C_offset_down_up,+1.25/+1.50
v8_headA_all,selected+stack,ensemble2,C_auroc_down,0.9195367366269124
v8_headA_all,selected+stack,ensemble2,C_auprc_down,0.36912149731406546
v8_headA_all,selected+stack,ensemble2,C_auroc_up,0.8958890569838546
v8_headA_all,selected+stack,ensemble2,C_auprc_up,0.253513425000826
v8_headA_all,selected+stack,ensemble2,C_macro_f1_offset,0.5610871744671547
v8_headA_all,perhead,seed42,A_r_gene,0.5340457326837542
v8_headA_all,perhead,seed42,B_r,0.605927894065664
v8_headA_all,perhead,seed42,B_sign_acc,0.7618209255533199
v8_headA_all,perhead,seed42,B_r_within_tf,0.5650329484508987
v8_headA_all,perhead,seed42,B_dr,0.3355359915094541
v8_headA_all,perhead,seed42,B_dr_ns,0.1714436940602041
v8_headA_all,perhead,seed42,C_auroc_down,0.8953810836551377
v8_headA_all,perhead,seed42,C_auprc_down,0.355963036139191
v8_headA_all,perhead,seed42,C_auroc_up,0.8652373300899601
v8_headA_all,perhead,seed42,C_auprc_up,0.23209032565099705
v8_headA_all,perhead,seed42,C_macro_f1_offset,0.5523078713773211
v8_headA_all,perhead,seed123,A_r_gene,0.5475842986900767
v8_headA_all,perhead,seed123,B_r,0.5957227744794791
v8_headA_all,perhead,seed123,B_sign_acc,0.7535211267605634
v8_headA_all,perhead,seed123,B_r_within_tf,0.5485367134941118
v8_headA_all,perhead,seed123,B_dr,0.32915897579946585
v8_headA_all,perhead,seed123,B_dr_ns,0.17930473941386008
v8_headA_all,perhead,seed123,C_auroc_down,0.8943526511092278
v8_headA_all,perhead,seed123,C_auprc_down,0.34122348769648664
v8_headA_all,perhead,seed123,C_auroc_up,0.8751118387860107
v8_headA_all,perhead,seed123,C_auprc_up,0.22203891291426656
v8_headA_all,perhead,seed123,C_macro_f1_offset,0.5411346458128682
v8_headA_all,perhead,ensemble2,A_r_gene,0.5741295038654055
v8_headA_all,perhead,ensemble2,B_r,0.6228146210711886
v8_headA_all,perhead,ensemble2,B_sign_acc,0.7738933601609658
v8_headA_all,perhead,ensemble2,B_r_within_tf,0.5801145513015202
v8_headA_all,perhead,ensemble2,B_dr,0.3533163857595666
v8_headA_all,perhead,ensemble2,B_dr_ns,0.1885493473169258
v8_headA_all,perhead,ensemble2,C_auroc_down,0.9040136121435293
v8_headA_all,perhead,ensemble2,C_auprc_down,0.37249619306185017
v8_headA_all,perhead,ensemble2,C_auroc_up,0.8842579854189302
v8_headA_all,perhead,ensemble2,C_auprc_up,0.24328916888244248
v8_headA_all,perhead,ensemble2,C_macro_f1_offset,0.5548478766999034
v8_headA_all,perhead,ensemble2,C_offset_down_up,+1.00/+1.25
v8_headA_all,perhead+stack,ensemble2,C_auroc_down,0.919254024012196
v8_headA_all,perhead+stack,ensemble2,C_auprc_down,0.36956718053308313
v8_headA_all,perhead+stack,ensemble2,C_auroc_up,0.8952245993231539
v8_headA_all,perhead+stack,ensemble2,C_auprc_up,0.2531838381001148
v8_headA_all,perhead+stack,ensemble2,C_macro_f1_offset,0.560160577291061
