run,variant,n_seeds,seeds,metric,ensemble,ci_lo,ci_hi,seed_mean,seed_std
v3_ce_marker_dense,selected,5,"[42, 123, 456, 789, 2024]",A_r_gene,0.5436209422182422,0.48820187535179443,0.5932665263149779,0.48979857253161985,0.014888973484305752
v3_ce_marker_dense,selected,5,"[42, 123, 456, 789, 2024]",B_r,0.6193650654215297,0.5759431832941133,0.6571605870667436,0.5824620017569366,0.004882566880037398
v3_ce_marker_dense,selected,5,"[42, 123, 456, 789, 2024]",B_sign_acc,0.7686116700201208,0.7396814420396244,0.7947578387406043,0.7514587525150904,0.0045782938643793595
v3_ce_marker_dense,selected,5,"[42, 123, 456, 789, 2024]",B_r_within_tf,0.5714055210202791,0.5251845262271567,0.616222342070858,0.5341458200074382,0.0042715502248015375
v3_ce_marker_dense,selected,5,"[42, 123, 456, 789, 2024]",B_dr,0.36241358378953425,0.33196037871531436,0.3902305788641502,0.32489997310470564,0.00952041085159
v3_ce_marker_dense,selected,5,"[42, 123, 456, 789, 2024]",B_dr_ns,0.20234138477206481,0.1788078638157464,0.22626042354598971,0.1775242018470221,0.006733009216302346
v3_ce_marker_dense,selected,5,"[42, 123, 456, 789, 2024]",C_auroc_down,0.9138677511417974,0.8988761534454048,0.9268098021170759,0.8985246601937871,0.006343775305350902
v3_ce_marker_dense,selected,5,"[42, 123, 456, 789, 2024]",C_auprc_down,0.38824322386941934,0.35036507745845324,0.4258501386378219,0.3507780026417971,0.004469985797133118
v3_ce_marker_dense,selected,5,"[42, 123, 456, 789, 2024]",C_auroc_up,0.8925064917082591,0.8786953756456544,0.9062974454352293,0.8765962708578122,0.003523220834710712
v3_ce_marker_dense,selected,5,"[42, 123, 456, 789, 2024]",C_auprc_up,0.2628289799371629,0.22858099846037933,0.29916001562228495,0.23683555462840986,0.006776776711108947
v3_ce_marker_dense,selected,5,"[42, 123, 456, 789, 2024]",C_macro_f1_offset,0.5664378352290188,0.5507633389211787,0.5820161942103069,0.5515482127941327,0.0030069350333510074
v3_ce_marker_dense,selected+stack,5,"[42, 123, 456, 789, 2024]",C_auroc_down,0.9206237612841562,0.9085040642906199,0.931340786648138,,
v3_ce_marker_dense,selected+stack,5,"[42, 123, 456, 789, 2024]",C_auprc_down,0.38655436902857937,0.3504040400469678,0.42442404358267144,,
v3_ce_marker_dense,selected+stack,5,"[42, 123, 456, 789, 2024]",C_auroc_up,0.8975273472432727,0.8856571716079353,0.9089880907485943,,
v3_ce_marker_dense,selected+stack,5,"[42, 123, 456, 789, 2024]",C_auprc_up,0.264633595941516,0.2340622558214961,0.29626693478344934,,
v3_ce_marker_dense,selected+stack,5,"[42, 123, 456, 789, 2024]",C_macro_f1_offset,0.5634485487998927,0.548558750106853,0.5780391761550707,,
v3_ce_marker_dense,perhead,5,"[42, 123, 456, 789, 2024]",A_r_gene,0.566038677090259,0.5171429602372729,0.6136684686849758,0.5126715558245875,0.021386547349969184
v3_ce_marker_dense,perhead,5,"[42, 123, 456, 789, 2024]",B_r,0.6229182743013119,0.5786535519386228,0.6598665554340523,0.5898958901390613,0.0042766422250720346
v3_ce_marker_dense,perhead,5,"[42, 123, 456, 789, 2024]",B_sign_acc,0.7676056338028169,0.7389793875726488,0.7931393935116189,0.752665995975855,0.004216360078409641
v3_ce_marker_dense,perhead,5,"[42, 123, 456, 789, 2024]",B_r_within_tf,0.5762409289500882,0.5315402094653423,0.6209853336695494,0.5423348890127337,0.003448800848192434
v3_ce_marker_dense,perhead,5,"[42, 123, 456, 789, 2024]",B_dr,0.3642687457388071,0.33383626195092936,0.3916951031502999,0.3285887284932194,0.006317634964472016
v3_ce_marker_dense,perhead,5,"[42, 123, 456, 789, 2024]",B_dr_ns,0.20938768839706992,0.18468946373089043,0.23375184639002647,0.18504923482339625,0.0059941670484735645
v3_ce_marker_dense,perhead,5,"[42, 123, 456, 789, 2024]",C_auroc_down,0.9096709823481754,0.8936754831564929,0.9233563778233946,0.8974280386180492,0.0018320115755172854
v3_ce_marker_dense,perhead,5,"[42, 123, 456, 789, 2024]",C_auprc_down,0.3867118573055016,0.34808465513680426,0.4259090487485368,0.35273395592994694,0.007311660648042921
v3_ce_marker_dense,perhead,5,"[42, 123, 456, 789, 2024]",C_auroc_up,0.8905115888263274,0.8768863631753157,0.9039905104953784,0.8728483060367939,0.004069723902973728
v3_ce_marker_dense,perhead,5,"[42, 123, 456, 789, 2024]",C_auprc_up,0.2597065593164518,0.22570706849141942,0.29598203762357767,0.23487302859791423,0.004746031717512622
v3_ce_marker_dense,perhead,5,"[42, 123, 456, 789, 2024]",C_macro_f1_offset,0.5651371375882756,0.5501603444086028,0.5814737528838055,0.5496583749257887,0.004173879806962425
v3_ce_marker_dense,perhead+stack,5,"[42, 123, 456, 789, 2024]",C_auroc_down,0.9185309053823464,0.9053954212779379,0.929371009554071,,
v3_ce_marker_dense,perhead+stack,5,"[42, 123, 456, 789, 2024]",C_auprc_down,0.38503366538882544,0.34780000500744324,0.42427711726768313,,
v3_ce_marker_dense,perhead+stack,5,"[42, 123, 456, 789, 2024]",C_auroc_up,0.8972219349079953,0.8855690772549102,0.9090362961542604,,
v3_ce_marker_dense,perhead+stack,5,"[42, 123, 456, 789, 2024]",C_auprc_up,0.26320721092622884,0.23277468243630417,0.2945059017695494,,
v3_ce_marker_dense,perhead+stack,5,"[42, 123, 456, 789, 2024]",C_macro_f1_offset,0.5638449260751376,0.5492200550172629,0.5786869076631347,,
v4_abl_no_cis,selected,5,"[42, 123, 456, 789, 2024]",A_r_gene,0.5615187364415828,0.5106909594935646,0.6119482246642564,0.5103441564862128,0.015390755898522552
v4_abl_no_cis,selected,5,"[42, 123, 456, 789, 2024]",B_r,0.6139975364990071,0.5724083286062399,0.6543446047038461,0.5817983742055445,0.008442116351643908
v4_abl_no_cis,selected,5,"[42, 123, 456, 789, 2024]",B_sign_acc,0.7718812877263581,0.7439468546630774,0.7986922384104951,0.7545271629778671,0.007020662503970972
v4_abl_no_cis,selected,5,"[42, 123, 456, 789, 2024]",B_r_within_tf,0.5708126850942156,0.5274697532284217,0.6172519448751996,0.5373005613460415,0.009352612231253101
v4_abl_no_cis,selected,5,"[42, 123, 456, 789, 2024]",B_dr,0.3494218615885781,0.31840753409117595,0.3782287809080999,0.31563828226661356,0.007871174517925754
v4_abl_no_cis,selected,5,"[42, 123, 456, 789, 2024]",B_dr_ns,0.19332290539584743,0.17084972233667114,0.21495196073834083,0.1706328034693076,0.008838913906995687
v4_abl_no_cis,selected,5,"[42, 123, 456, 789, 2024]",C_auroc_down,0.913111556167444,0.8991782622702537,0.924965148967714,0.8981469132940981,0.004222974441555738
v4_abl_no_cis,selected,5,"[42, 123, 456, 789, 2024]",C_auprc_down,0.37380401351041787,0.33694476672217344,0.41181171923088405,0.33716532996827897,0.00890907492185724
v4_abl_no_cis,selected,5,"[42, 123, 456, 789, 2024]",C_auroc_up,0.8861713170693016,0.872823658922965,0.900279964157099,0.8684850295598542,0.003234215278503591
v4_abl_no_cis,selected,5,"[42, 123, 456, 789, 2024]",C_auprc_up,0.2583368073093578,0.22592216599025963,0.2949467982783952,0.23156633089690465,0.006490846689226185
v4_abl_no_cis,selected,5,"[42, 123, 456, 789, 2024]",C_macro_f1_offset,0.5590685716485321,0.5438489524965094,0.5745405131807033,0.5431444748598506,0.0034256672996881656
v4_abl_no_cis,selected+stack,5,"[42, 123, 456, 789, 2024]",C_auroc_down,0.9210288294052686,0.9099992266062358,0.9305432518867556,,
v4_abl_no_cis,selected+stack,5,"[42, 123, 456, 789, 2024]",C_auprc_down,0.37117667142256805,0.33828564671739497,0.40620738141801666,,
v4_abl_no_cis,selected+stack,5,"[42, 123, 456, 789, 2024]",C_auroc_up,0.8952439474202946,0.8837051159461502,0.9068768397352188,,
v4_abl_no_cis,selected+stack,5,"[42, 123, 456, 789, 2024]",C_auprc_up,0.2636038545988326,0.23406208331496256,0.2954797598202428,,
v4_abl_no_cis,selected+stack,5,"[42, 123, 456, 789, 2024]",C_macro_f1_offset,0.5582965178992718,0.5437873109889206,0.5728181225805545,,
v4_abl_no_cis,perhead,5,"[42, 123, 456, 789, 2024]",A_r_gene,0.5909671336794367,0.5437914538282583,0.6357846512410499,0.5437020521338816,0.011543158823670416
v4_abl_no_cis,perhead,5,"[42, 123, 456, 789, 2024]",B_r,0.6171955619706406,0.5767829130709923,0.65713114007967,0.5857506589608557,0.007057893853139168
v4_abl_no_cis,perhead,5,"[42, 123, 456, 789, 2024]",B_sign_acc,0.7701207243460765,0.7412309761561712,0.7963397982454626,0.7559356136820925,0.0053698213863511155
v4_abl_no_cis,perhead,5,"[42, 123, 456, 789, 2024]",B_r_within_tf,0.5738597071970792,0.530589509462685,0.6185654333524975,0.5409712750870139,0.007362111562766525
v4_abl_no_cis,perhead,5,"[42, 123, 456, 789, 2024]",B_dr,0.35200324629069374,0.32035210438911066,0.380239223758784,0.31945777228108574,0.0027837211984791097
v4_abl_no_cis,perhead,5,"[42, 123, 456, 789, 2024]",B_dr_ns,0.19609386525369318,0.17461064708932228,0.21736367501324824,0.17428917107257474,0.00642835627295857
v4_abl_no_cis,perhead,5,"[42, 123, 456, 789, 2024]",C_auroc_down,0.9134030831477463,0.8998487788487977,0.9250276837699428,0.8994079779073674,0.0038679004842306387
v4_abl_no_cis,perhead,5,"[42, 123, 456, 789, 2024]",C_auprc_down,0.3723115038459192,0.33673465079037157,0.4088269288196459,0.33748537725423383,0.009260813661622647
v4_abl_no_cis,perhead,5,"[42, 123, 456, 789, 2024]",C_auroc_up,0.8865782325819782,0.8732151821570261,0.9004249036608009,0.8699721213868369,0.005128020671791342
v4_abl_no_cis,perhead,5,"[42, 123, 456, 789, 2024]",C_auprc_up,0.2576945345881247,0.2260837293149302,0.2935984879761923,0.23046475161294344,0.00615627603222089
v4_abl_no_cis,perhead,5,"[42, 123, 456, 789, 2024]",C_macro_f1_offset,0.5593360028778164,0.5434765463818887,0.5746671570773273,0.5440816777114834,0.0030842486483998763
v4_abl_no_cis,perhead+stack,5,"[42, 123, 456, 789, 2024]",C_auroc_down,0.9206605469483699,0.909400858030904,0.9302867716210925,,
v4_abl_no_cis,perhead+stack,5,"[42, 123, 456, 789, 2024]",C_auprc_down,0.36925555636612223,0.33674035400394864,0.40365374848576807,,
v4_abl_no_cis,perhead+stack,5,"[42, 123, 456, 789, 2024]",C_auroc_up,0.8947696081949782,0.8830485623631885,0.9063035880859941,,
v4_abl_no_cis,perhead+stack,5,"[42, 123, 456, 789, 2024]",C_auprc_up,0.26062698244078,0.23143353922625776,0.2929238928074262,,
v4_abl_no_cis,perhead+stack,5,"[42, 123, 456, 789, 2024]",C_macro_f1_offset,0.5572901273299382,0.54350400888467,0.571708082734003,,
v8_headA_all,selected,5,"[42, 123, 456, 789, 2024]",A_r_gene,0.5683723288427399,0.5190644317500793,0.6161158443390956,0.5182665687080144,0.012639926949490864
v8_headA_all,selected,5,"[42, 123, 456, 789, 2024]",B_r,0.6383389599847076,0.6016569208208461,0.676893950899393,0.6024730688848494,0.007205892364204475
v8_headA_all,selected,5,"[42, 123, 456, 789, 2024]",B_sign_acc,0.7867203219315896,0.7607431961091157,0.8103305165246765,0.7616197183098592,0.0021891403568399183
v8_headA_all,selected,5,"[42, 123, 456, 789, 2024]",B_r_within_tf,0.5961204913830913,0.5553456851024414,0.6401887887768583,0.5584099510971294,0.007762929973975241
v8_headA_all,selected,5,"[42, 123, 456, 789, 2024]",B_dr,0.37512634336665535,0.34583533047871534,0.4032240598155704,0.33906111376149556,0.002933753309024441
v8_headA_all,selected,5,"[42, 123, 456, 789, 2024]",B_dr_ns,0.2086832639853729,0.18600276359668874,0.23179817266311034,0.1844577439115428,0.0042348790803848615
v8_headA_all,selected,5,"[42, 123, 456, 789, 2024]",C_auroc_down,0.914079234409281,0.8995961459042966,0.926165358246536,0.8960212630317829,0.00569098240585918
v8_headA_all,selected,5,"[42, 123, 456, 789, 2024]",C_auprc_down,0.39317003895447317,0.3555687615286031,0.43109933529295175,0.35455188658588543,0.009241957523888393
v8_headA_all,selected,5,"[42, 123, 456, 789, 2024]",C_auroc_up,0.8901619012980962,0.8782243829729104,0.9034241020790705,0.8678471316089192,0.006373210603977466
v8_headA_all,selected,5,"[42, 123, 456, 789, 2024]",C_auprc_up,0.26138493914263095,0.23016200592135838,0.2968524443193842,0.23144107007982812,0.010459048909218003
v8_headA_all,selected,5,"[42, 123, 456, 789, 2024]",C_macro_f1_offset,0.5684949427452729,0.5543163102150785,0.5822295873303627,0.5499971350394549,0.0070748728982340725
v8_headA_all,selected+stack,5,"[42, 123, 456, 789, 2024]",C_auroc_down,0.9230777222984775,0.9115112770498113,0.933066272131729,,
v8_headA_all,selected+stack,5,"[42, 123, 456, 789, 2024]",C_auprc_down,0.39057759418360893,0.3559857509142204,0.4268610446826545,,
v8_headA_all,selected+stack,5,"[42, 123, 456, 789, 2024]",C_auroc_up,0.8980358632414649,0.8865987146870308,0.909254443712539,,
v8_headA_all,selected+stack,5,"[42, 123, 456, 789, 2024]",C_auprc_up,0.2673354618143776,0.2383733862496029,0.29832463891773325,,
v8_headA_all,selected+stack,5,"[42, 123, 456, 789, 2024]",C_macro_f1_offset,0.5683983860556294,0.5548849862842232,0.5810901357247005,,
v8_headA_all,perhead,5,"[42, 123, 456, 789, 2024]",A_r_gene,0.5934556753537061,0.5476778482201771,0.6433532572269209,0.5382735732293575,0.012207047685537787
v8_headA_all,perhead,5,"[42, 123, 456, 789, 2024]",B_r,0.6348029275583341,0.5971585531700825,0.6741247420437786,0.5987383687636912,0.003658084063496254
v8_headA_all,perhead,5,"[42, 123, 456, 789, 2024]",B_sign_acc,0.778169014084507,0.7510573965562795,0.8009162287771233,0.7525653923541248,0.009712809471096437
v8_headA_all,perhead,5,"[42, 123, 456, 789, 2024]",B_r_within_tf,0.5915106485346854,0.5504917198354157,0.6365302847943469,0.553569856241069,0.006910077660970504
v8_headA_all,perhead,5,"[42, 123, 456, 789, 2024]",B_dr,0.3691515573171963,0.33944704378143603,0.3962920530065093,0.33194700414409917,0.006487210767361613
v8_headA_all,perhead,5,"[42, 123, 456, 789, 2024]",B_dr_ns,0.20175271046937046,0.17910572275519915,0.22472582923106307,0.17726565648189269,0.00842068994725314
v8_headA_all,perhead,5,"[42, 123, 456, 789, 2024]",C_auroc_down,0.9105852776126077,0.8952991853084016,0.9233471008322987,0.8928315887331892,0.004091474897668908
v8_headA_all,perhead,5,"[42, 123, 456, 789, 2024]",C_auprc_down,0.38764346767294056,0.3495625395876517,0.42559916521294366,0.35015696088115716,0.008144807789882722
v8_headA_all,perhead,5,"[42, 123, 456, 789, 2024]",C_auroc_up,0.892173265469716,0.8796830371681893,0.904753984433157,0.8724248449007284,0.005579751573215648
v8_headA_all,perhead,5,"[42, 123, 456, 789, 2024]",C_auprc_up,0.26305903549242815,0.23099653295049202,0.29834003613582505,0.23490253075370643,0.007750251241516745
v8_headA_all,perhead,5,"[42, 123, 456, 789, 2024]",C_macro_f1_offset,0.5687570165876116,0.5539342219194844,0.5826694000594584,0.5501100996777163,0.0047085184060123115
v8_headA_all,perhead+stack,5,"[42, 123, 456, 789, 2024]",C_auroc_down,0.9210511089799029,0.908629391320051,0.9313636085508848,,
v8_headA_all,perhead+stack,5,"[42, 123, 456, 789, 2024]",C_auprc_down,0.38608091064403777,0.3512941187647489,0.4228939112974526,,
v8_headA_all,perhead+stack,5,"[42, 123, 456, 789, 2024]",C_auroc_up,0.8976646868375328,0.8857458868380684,0.9089409389043158,,
v8_headA_all,perhead+stack,5,"[42, 123, 456, 789, 2024]",C_auprc_up,0.2659125021579912,0.2358487448528469,0.2975956471069269,,
v8_headA_all,perhead+stack,5,"[42, 123, 456, 789, 2024]",C_macro_f1_offset,0.5669908997377903,0.5530019027004486,0.5799252271349444,,
