run,seeds,split,stratum,n_genes,r,ci_lo,ci_hi,r_seed_mean,r_seed_std
v8_headA_all,5,test,全部,1108,0.7281989287172044,0.6941321771481933,0.7587778007766258,0.6824962464823316,0.012260626600862311
v8_headA_all,5,test,网格,820,0.5934572213425042,0.5440617078240384,0.6420769345907613,0.5382742303680239,0.012205800656536585
v8_headA_all,5,test,网格外,288,0.736591336789745,0.6735299851615069,0.7931801447795875,0.6899232658985841,0.01832857311114496
v8_headA_all,5,test,网格外有位点,136,0.5713498713829458,0.410044671227648,0.7019963125905637,0.4992888657071658,0.04530630295909674
v8_headA_all,5,test,网格外无位点,152,0.36857582926022875,0.2225453602599425,0.5129024981036899,0.2937405591796028,0.04242378820914392
v8_headA_all,5,val,全部,940,0.7413070004618456,0.7081700590081337,0.7743990356894838,0.6963027094574932,0.00672002855575389
v8_headA_all,5,val,网格,683,0.6058616104725953,0.5404438688604783,0.662386379111983,0.5498586489417783,0.013833831066927716
v8_headA_all,5,val,网格外,257,0.7764247886509974,0.7175111081597161,0.8281703136895968,0.7375817886464533,0.007577606295027924
v8_headA_all,5,val,网格外有位点,142,0.6601722681731003,0.5153025548693633,0.7701808866771599,0.592038482204046,0.027530807427696577
v8_headA_all,5,val,网格外无位点,115,0.2532425558935838,0.05740275093402578,0.4372369716231877,0.2061670588967747,0.015938304441321206
v10_abl_no_cis,2,test,全部,1108,0.7101064208766812,0.6747744368073982,0.7436708370278472,0.6959169749589735,0.004427154927393928
v10_abl_no_cis,2,test,网格,820,0.562404234103116,0.5054833981646343,0.6146056246560482,0.5421124674741724,0.022600522004243173
v10_abl_no_cis,2,test,网格外,288,0.729611164237846,0.6658028377720006,0.7913098968735769,0.7209907067007071,0.011671541127336982
v10_abl_no_cis,2,test,网格外有位点,136,0.6192213029358664,0.452302221693713,0.7492110013661538,0.5808644625807352,0.043055660278912944
v10_abl_no_cis,2,test,网格外无位点,152,,,,,
v10_abl_no_cis,2,val,全部,940,0.703008148852914,0.6655263458840364,0.7398200968309896,0.6898811876981665,0.000773807795679371
v10_abl_no_cis,2,val,网格,683,0.5447739683834063,0.47577576688221984,0.6084126457531998,0.5283644075604426,0.007141912797461458
v10_abl_no_cis,2,val,网格外,257,0.7553634927884947,0.68374857538993,0.8128331105509137,0.7454341443854855,0.0023201454281853717
v10_abl_no_cis,2,val,网格外有位点,142,0.5749592326857578,0.40231319643588154,0.722383180265937,0.5501246104502413,0.0052482807290994415
v10_abl_no_cis,2,val,网格外无位点,115,,,,,
v10_abl_no_layout,2,test,全部,1108,0.4522472162497484,0.3940170042152347,0.5048235686266821,0.41344724007586325,0.017611937352286333
v10_abl_no_layout,2,test,网格,820,0.26300502581687746,0.1911906956136945,0.33421317331673955,0.23596012721190363,0.009204174890058578
v10_abl_no_layout,2,test,网格外,288,0.524161366430323,0.4441919886496511,0.6039579382570273,0.481961166194623,0.0393903040332611
v10_abl_no_layout,2,test,网格外有位点,136,0.43620480445040444,0.25122711004248105,0.5776138831968611,0.400313316349457,0.025853427578593324
v10_abl_no_layout,2,test,网格外无位点,152,0.35461507154621574,0.19107283137400496,0.48996809511395245,0.3201314278773058,0.04936055190192579
v10_abl_no_layout,2,val,全部,940,0.5213345034626983,0.46242137390861093,0.5733379153101458,0.47822829950151413,0.00773500150855036
v10_abl_no_layout,2,val,网格,683,0.35485745989209333,0.26945538454806367,0.4328694002844267,0.318631324137146,0.0011403645821880526
v10_abl_no_layout,2,val,网格外,257,0.5929943785999108,0.5155359619314178,0.6626578157904283,0.5503599540181264,0.04656458608677849
v10_abl_no_layout,2,val,网格外有位点,142,0.5039898855820967,0.3239011995115164,0.6412619137604798,0.4642322433347052,0.024002576701973477
v10_abl_no_layout,2,val,网格外无位点,115,0.281433458494706,0.0939453796410502,0.4559908160455394,0.2536824077420846,0.06437851117993171
v10_abl_no_knockout,2,test,全部,1108,0.6997407035949602,0.662005130685823,0.7337045090757546,0.6726399130328711,0.012379167460765339
v10_abl_no_knockout,2,test,网格,820,0.540627160469083,0.4888085632255701,0.5938382255393888,0.5104807003232195,0.0032021934023209186
v10_abl_no_knockout,2,test,网格外,288,0.7216185009958556,0.6574216517919786,0.7813992506432904,0.6904959202086287,0.023920846781873728
v10_abl_no_knockout,2,test,网格外有位点,136,0.575306485617942,0.42095193818046006,0.6949779096454742,0.5319939000777298,0.03446879393770408
v10_abl_no_knockout,2,test,网格外无位点,152,0.32810159212930745,0.1750185482622073,0.47982214638898163,0.28911634391533636,0.012699851431074244
v10_abl_no_knockout,2,val,全部,940,0.7246685632004819,0.6901494147628879,0.7591691037892876,0.7011984709604229,0.0006101389028033699
v10_abl_no_knockout,2,val,网格,683,0.5862259911624645,0.5237641261849295,0.6424399820598119,0.5555712040017167,0.0001798220311875487
v10_abl_no_knockout,2,val,网格外,257,0.7509769638348504,0.6888158624686362,0.8095160367695047,0.7323141968330107,0.009248668513384073
v10_abl_no_knockout,2,val,网格外有位点,142,0.6029374984550634,0.4412333697418124,0.7248622676685923,0.5729831910870213,0.03387101293893552
v10_abl_no_knockout,2,val,网格外无位点,115,0.22794754987985857,0.03205878511405657,0.4143375907042821,0.20633852459178542,0.016592622446342117
v10_lambda_a03,2,test,全部,1108,0.7093443819707047,0.6711020129296836,0.7419689826216078,0.6823654787656618,0.0011863446837192537
v10_lambda_a03,2,test,网格,820,0.5624378423296031,0.5095809859506928,0.6113108545246078,0.528615849418502,0.013427356782211408
v10_lambda_a03,2,test,网格外,288,0.7237113697865399,0.6608097886606069,0.7836090700484953,0.697945755597122,0.008723269735847194
v10_lambda_a03,2,test,网格外有位点,136,0.5686725963532906,0.42828620955959396,0.6891330285493744,0.5244138220655671,0.051436828496894155
v10_lambda_a03,2,test,网格外无位点,152,0.311797126390716,0.13863763899150083,0.4736834189428313,0.27492779659971445,0.006511566594329249
v10_lambda_a03,2,val,全部,940,0.7010476781723515,0.6608407700939076,0.7402756754264401,0.6773895098704108,0.003897190524832006
v10_lambda_a03,2,val,网格,683,0.5644000815707524,0.4959450398936274,0.6208603908721751,0.5357864342204782,0.006419300426325658
v10_lambda_a03,2,val,网格外,257,0.7212231204708209,0.6447030723569542,0.7923351554422055,0.700267049414693,0.002058420262301408
v10_lambda_a03,2,val,网格外有位点,142,0.5222336084422886,0.3332732611767734,0.6966655798335415,0.48961360489189143,0.00560303068327106
v10_lambda_a03,2,val,网格外无位点,115,0.14110272884510364,-0.0782873924089931,0.3378572685743815,0.1247078569026061,0.009826090967336935
