reference,run,variant,seeds,metric,ref,value,delta,ci_lo,ci_hi,paired_seed_delta_mean,n_seeds_better
v5_abl_no_position/perhead,v6_abl_shift_position,perhead,"[42, 123, 456]",A_r_gene,0.518531273104597,0.5086308218599799,-0.009900451244617137,-0.033369531011122784,0.012819468299444643,-0.021803190237599246,1
v5_abl_no_position/perhead,v6_abl_shift_position,perhead,"[42, 123, 456]",B_r,0.5921970068379184,0.6045586360169809,0.012361629179062472,-0.0019426100060180077,0.0272268228850303,0.014588781608137332,3
v5_abl_no_position/perhead,v6_abl_shift_position,perhead,"[42, 123, 456]",B_sign_acc,0.7429577464788732,0.7459758551307847,0.003018108651911433,-0.012604865710521478,0.020336198421898048,0.007377598926894713,2
v5_abl_no_position/perhead,v6_abl_shift_position,perhead,"[42, 123, 456]",B_r_within_tf,0.542760386457189,0.5552180350259401,0.01245764856875109,-0.0027746235861588414,0.02862117625095059,0.014876620943590177,3
v5_abl_no_position/perhead,v6_abl_shift_position,perhead,"[42, 123, 456]",B_dr,0.33139508449865435,0.34126083931364737,0.009865754814993022,-0.0012371385392773494,0.022333852513786025,0.0102830102420897,2
v5_abl_no_position/perhead,v6_abl_shift_position,perhead,"[42, 123, 456]",B_dr_ns,0.18002969640184363,0.18368032664837405,0.003650630246530423,-0.007084536239037021,0.017155825051005085,0.003784304561792425,2
v5_abl_no_position/perhead,v6_abl_shift_position,perhead,"[42, 123, 456]",C_auroc_down,0.9108724187008551,0.9089822033132922,-0.0018902153875629546,-0.008029380071651748,0.004176433627766631,-0.00226749988396154,2
v5_abl_no_position/perhead,v6_abl_shift_position,perhead,"[42, 123, 456]",C_auprc_down,0.3475086483954354,0.35044981194875485,0.00294116355331947,-0.010530593341361326,0.01453676997348501,0.0019271870370210682,3
v5_abl_no_position/perhead,v6_abl_shift_position,perhead,"[42, 123, 456]",C_auroc_up,0.8848784760290457,0.884085793300986,-0.0007926827280596571,-0.007113307539527469,0.0056942304408896865,-0.003639934431412565,0
v5_abl_no_position/perhead,v6_abl_shift_position,perhead,"[42, 123, 456]",C_auprc_up,0.2388427767667578,0.2424136443704104,0.0035708676036526055,-0.009371627759854754,0.01643230562811238,0.002945712584222243,1
v5_abl_no_position/perhead,v6_abl_shift_position,perhead,"[42, 123, 456]",C_macro_f1_offset,0.5516136130006754,0.5492154095570662,-0.0023982034436091926,-0.011088815969011925,0.005890658876168174,-0.0044895088479172856,1
v5_abl_shuffle_position/perhead,v6_abl_shift_position,perhead,"[42, 123, 456]",A_r_gene,0.5451041981104413,0.5086308218599799,-0.03647337625046143,-0.06705452929729976,-0.010247379255321305,-0.03581867110129583,0
v5_abl_shuffle_position/perhead,v6_abl_shift_position,perhead,"[42, 123, 456]",B_r,0.5980089882892629,0.6045586360169809,0.006549647727718044,-0.00932664416036608,0.01979097320705092,0.007723155622163895,2
v5_abl_shuffle_position/perhead,v6_abl_shift_position,perhead,"[42, 123, 456]",B_sign_acc,0.7603118712273642,0.7459758551307847,-0.01433601609657953,-0.031369281618664105,0.0007668548056566824,-0.006120053655264912,1
v5_abl_shuffle_position/perhead,v6_abl_shift_position,perhead,"[42, 123, 456]",B_r_within_tf,0.5494892485476441,0.5552180350259401,0.005728786478296,-0.011005912694864471,0.021495532377817404,0.00728595057080091,2
v5_abl_shuffle_position/perhead,v6_abl_shift_position,perhead,"[42, 123, 456]",B_dr,0.33939951438035104,0.34126083931364737,0.0018613249332963266,-0.01047403062197225,0.011881741714603124,0.003962431645715784,2
v5_abl_shuffle_position/perhead,v6_abl_shift_position,perhead,"[42, 123, 456]",B_dr_ns,0.18702306324629342,0.18368032664837405,-0.0033427365979193657,-0.016305818624206176,0.008699767155270434,-0.0014710440973674706,1
v5_abl_shuffle_position/perhead,v6_abl_shift_position,perhead,"[42, 123, 456]",C_auroc_down,0.9015683472129153,0.9089822033132922,0.007413856100376814,-0.0019030493164699678,0.01649499452442146,0.006609796392523533,3
v5_abl_shuffle_position/perhead,v6_abl_shift_position,perhead,"[42, 123, 456]",C_auprc_down,0.35691566139429665,0.35044981194875485,-0.006465849445541794,-0.018696253203036854,0.006690191271252457,-0.002839951035094953,1
v5_abl_shuffle_position/perhead,v6_abl_shift_position,perhead,"[42, 123, 456]",C_auroc_up,0.8889850028785092,0.884085793300986,-0.004899209577523211,-0.011197301735384791,0.0015637676506623365,-0.005094676355304251,1
v5_abl_shuffle_position/perhead,v6_abl_shift_position,perhead,"[42, 123, 456]",C_auprc_up,0.24236467459565833,0.2424136443704104,4.8969774752077866e-05,-0.012271331774325349,0.011103875093738719,0.0011636966225326746,2
v5_abl_shuffle_position/perhead,v6_abl_shift_position,perhead,"[42, 123, 456]",C_macro_f1_offset,0.5561365608803877,0.5492154095570662,-0.006921151323321495,-0.014956950242028453,0.0007400110646520982,-0.002408201379177225,1
