model,split,metric,value
seed42_perhead,val,B_dr,0.33565997223921606
seed42_perhead,val,B_dr_ns,0.17907957922472412
seed42_perhead,val,B_dr_rmse_ns,0.2517780062250728
seed42_perhead,val,B_n_dense,84009.0
seed42_perhead,val,A_r_gene,0.5421974324433422
seed42_perhead,val,A_spearman_gene,0.5027731972748839
seed42_perhead,val,A_rmse_gene,0.7452178356411087
seed42_perhead,val,A_n_genes,683.0
seed42_perhead,val,B_r,0.6160759371404503
seed42_perhead,val,B_spearman,0.5992896308969139
seed42_perhead,val,B_rmse,0.8343567680056826
seed42_perhead,val,B_sign_acc,0.7720275139207337
seed42_perhead,val,B_r_within_true_down,0.33646619618777546
seed42_perhead,val,B_r_within_true_up,0.5156906585249788
seed42_perhead,val,B_r_within_tf,0.5789323455147912
seed42_perhead,val,B_n_sig,3053.0
seed42_perhead,val,C_acc,0.9651206725546687
seed42_perhead,val,C_macro_f1,0.5075328701163041
seed42_perhead,val,C_f1_down,0.32082180956143813
seed42_perhead,val,C_f1_ns,0.9823983729995399
seed42_perhead,val,C_f1_up,0.21937842778793415
seed42_perhead,val,C_prec_down,0.5384615384615384
seed42_perhead,val,C_rec_down,0.2284749577940349
seed42_perhead,val,C_prec_up,0.4931506849315068
seed42_perhead,val,C_rec_up,0.14106583072100312
seed42_perhead,val,C_auroc_down,0.9037105922829961
seed42_perhead,val,C_auroc_up,0.8876727358560621
seed42_perhead,val,C_auprc_down,0.3429652296209936
seed42_perhead,val,C_auprc_up,0.2394053477356509
seed42,val,B_dr,0.32609538609874406
seed42,val,B_dr_ns,0.1823550886382231
seed42,val,B_dr_rmse_ns,0.2636077369009427
seed42,val,B_n_dense,84009.0
seed42,val,A_r_gene,0.5314378478596159
seed42,val,A_spearman_gene,0.4625415550227936
seed42,val,A_rmse_gene,0.6939661378548684
seed42,val,A_n_genes,683.0
seed42,val,B_r,0.6071953833921138
seed42,val,B_spearman,0.5951184625090441
seed42,val,B_rmse,0.8419365256521851
seed42,val,B_sign_acc,0.77104487389453
seed42,val,B_r_within_true_down,0.30661981712364383
seed42,val,B_r_within_true_up,0.5042201179848531
seed42,val,B_r_within_tf,0.5658961063087081
seed42,val,B_n_sig,3053.0
seed42,val,C_acc,0.9649671751759316
seed42,val,C_macro_f1,0.5102174092806678
seed42,val,C_f1_down,0.3134872417982989
seed42,val,C_f1_ns,0.9823471722785224
seed42,val,C_f1_up,0.23481781376518218
seed42,val,C_prec_down,0.5592485549132948
seed42,val,C_rec_down,0.21778277996623524
seed42,val,C_prec_up,0.4481236203090508
seed42,val,C_rec_up,0.1590909090909091
seed42,val,C_auroc_down,0.899157686046531
seed42,val,C_auroc_up,0.8925447085018308
seed42,val,C_auprc_down,0.3389612456351008
seed42,val,C_auprc_up,0.23803831619063112
seed42_perhead,test,B_dr,0.3361091264713082
seed42_perhead,test,B_dr_ns,0.1759472491814246
seed42_perhead,test,B_dr_rmse_ns,0.2543419255453022
seed42_perhead,test,B_n_dense,100860.0
seed42_perhead,test,A_r_gene,0.5420552482064521
seed42_perhead,test,A_spearman_gene,0.5136354253076869
seed42_perhead,test,A_rmse_gene,0.7493653987291533
seed42_perhead,test,A_n_genes,820.0
seed42_perhead,test,B_r,0.605537483250004
seed42_perhead,test,B_spearman,0.5972517924308273
seed42_perhead,test,B_rmse,0.807038327027183
seed42_perhead,test,B_sign_acc,0.7547786720321932
seed42_perhead,test,B_r_within_true_down,0.3575825630069164
seed42_perhead,test,B_r_within_true_up,0.4626359647989967
seed42_perhead,test,B_r_within_tf,0.5643946834288073
seed42_perhead,test,B_n_sig,3976.0
seed42_perhead,test,C_acc,0.9623426435877263
seed42_perhead,test,C_macro_f1,0.5051222335063928
seed42_perhead,test,C_f1_down,0.311140849782536
seed42_perhead,test,C_f1_ns,0.9809660884276443
seed42_perhead,test,C_f1_up,0.2232597623089983
seed42_perhead,test,C_prec_down,0.5369515011547344
seed42_perhead,test,C_rec_down,0.2190296749882242
seed42_perhead,test,C_prec_up,0.5228628230616302
seed42_perhead,test,C_rec_up,0.14193200215866164
seed42_perhead,test,C_auroc_down,0.9057288555138643
seed42_perhead,test,C_auroc_up,0.876540105694238
seed42_perhead,test,C_auprc_down,0.32680494626849704
seed42_perhead,test,C_auprc_up,0.24650036945641782
seed42,test,B_dr,0.32192646830660726
seed42,test,B_dr_ns,0.17353174656872414
seed42,test,B_dr_rmse_ns,0.2673317147586917
seed42,test,B_n_dense,100860.0
seed42,test,A_r_gene,0.4988001546118153
seed42,test,A_spearman_gene,0.4948900440537647
seed42,test,A_rmse_gene,0.726896727173004
seed42,test,A_n_genes,820.0
seed42,test,B_r,0.5991891697893371
seed42,test,B_spearman,0.5860918198474989
seed42,test,B_rmse,0.8130486066886323
seed42,test,B_sign_acc,0.7467303822937625
seed42,test,B_r_within_true_down,0.3314583514986265
seed42,test,B_r_within_true_up,0.45839311921818293
seed42,test,B_r_within_tf,0.5544732471355642
seed42,test,B_n_sig,3976.0
seed42,test,C_acc,0.9616738788355625
seed42,test,C_macro_f1,0.505247730715499
seed42,test,C_f1_down,0.3099159663865546
seed42,test,C_f1_ns,0.980623973727422
seed42,test,C_f1_up,0.22520325203252034
seed42,test,C_prec_down,0.5410798122065728
seed42,test,C_rec_down,0.21714554875176637
seed42,test,C_prec_up,0.45634266886326197
seed42,test,C_rec_up,0.149487317862925
seed42,test,C_auroc_down,0.9016357442272849
seed42,test,C_auroc_up,0.8750101734284176
seed42,test,C_auprc_down,0.3258754215718568
seed42,test,C_auprc_up,0.24321611856662248
seed123_perhead,val,B_dr,0.3326647728247207
seed123_perhead,val,B_dr_ns,0.1699171732657749
seed123_perhead,val,B_dr_rmse_ns,0.2520771961742124
seed123_perhead,val,B_n_dense,84009.0
seed123_perhead,val,A_r_gene,0.5293616742825492
seed123_perhead,val,A_spearman_gene,0.5010475711181922
seed123_perhead,val,A_rmse_gene,0.7176103852956852
seed123_perhead,val,A_n_genes,683.0
seed123_perhead,val,B_r,0.6262810620375118
seed123_perhead,val,B_spearman,0.6030376980966246
seed123_perhead,val,B_rmse,0.8273161639753573
seed123_perhead,val,B_sign_acc,0.7733377006223386
seed123_perhead,val,B_r_within_true_down,0.38711692879295234
seed123_perhead,val,B_r_within_true_up,0.5220946202691367
seed123_perhead,val,B_r_within_tf,0.5893263584175628
seed123_perhead,val,B_n_sig,3053.0
seed123_perhead,val,C_acc,0.9663840740565814
seed123_perhead,val,C_macro_f1,0.47973588281677443
seed123_perhead,val,C_f1_down,0.2866982350408954
seed123_perhead,val,C_f1_ns,0.9830178879856992
seed123_perhead,val,C_f1_up,0.1694915254237288
seed123_perhead,val,C_prec_down,0.6098901098901099
seed123_perhead,val,C_rec_down,0.18739448508722567
seed123_perhead,val,C_prec_up,0.628140703517588
seed123_perhead,val,C_rec_up,0.09796238244514106
seed123_perhead,val,C_auroc_down,0.9060165384196025
seed123_perhead,val,C_auroc_up,0.8904881373351616
seed123_perhead,val,C_auprc_down,0.34106299725796213
seed123_perhead,val,C_auprc_up,0.2309906759563932
seed123,val,B_dr,0.3326647728247207
seed123,val,B_dr_ns,0.1699171732657749
seed123,val,B_dr_rmse_ns,0.2520771961742124
seed123,val,B_n_dense,84009.0
seed123,val,A_r_gene,0.5296628318896196
seed123,val,A_spearman_gene,0.48281657953981444
seed123,val,A_rmse_gene,0.7309448252495161
seed123,val,A_n_genes,683.0
seed123,val,B_r,0.6262810620375118
seed123,val,B_spearman,0.6030376980966246
seed123,val,B_rmse,0.8273161639753573
seed123,val,B_sign_acc,0.7733377006223386
seed123,val,B_r_within_true_down,0.38711692879295234
seed123,val,B_r_within_true_up,0.5220946202691367
seed123,val,B_r_within_tf,0.5893263584175628
seed123,val,B_n_sig,3053.0
seed123,val,C_acc,0.9655693572002079
seed123,val,C_macro_f1,0.4809125246677641
seed123,val,C_f1_down,0.26128890837352037
seed123,val,C_f1_ns,0.9825886276310385
seed123,val,C_f1_up,0.1988600379987334
seed123,val,C_prec_down,0.5912698412698413
seed123,val,C_rec_down,0.16769836803601576
seed123,val,C_prec_up,0.5181518151815182
seed123,val,C_rec_up,0.12304075235109718
seed123,val,C_auroc_down,0.906044249843839
seed123,val,C_auroc_up,0.8807279197844515
seed123,val,C_auprc_down,0.337443188932794
seed123,val,C_auprc_up,0.22772836886248707
seed123_perhead,test,B_dr,0.32503353346272695
seed123_perhead,test,B_dr_ns,0.17344886411452665
seed123_perhead,test,B_dr_rmse_ns,0.2535641200306578
seed123_perhead,test,B_n_dense,100860.0
seed123_perhead,test,A_r_gene,0.5151933859536182
seed123_perhead,test,A_spearman_gene,0.5081093945417643
seed123_perhead,test,A_rmse_gene,0.7288763127858922
seed123_perhead,test,A_n_genes,820.0
seed123_perhead,test,B_r,0.5925615431637832
seed123_perhead,test,B_spearman,0.6005738984125123
seed123_perhead,test,B_rmse,0.8175874821283268
seed123_perhead,test,B_sign_acc,0.7590543259557344
seed123_perhead,test,B_r_within_true_down,0.36647842259826563
seed123_perhead,test,B_r_within_true_up,0.4383044488940879
seed123_perhead,test,B_r_within_tf,0.544635187297369
seed123_perhead,test,B_n_sig,3976.0
seed123_perhead,test,C_acc,0.9631294256490952
seed123_perhead,test,C_macro_f1,0.4760341700025906
seed123_perhead,test,C_f1_down,0.30833333333333335
seed123_perhead,test,C_f1_ns,0.9813443556720518
seed123_perhead,test,C_f1_up,0.13842482100238665
seed123_perhead,test,C_prec_down,0.5865257595772787
seed123_perhead,test,C_rec_down,0.20913801224682055
seed123_perhead,test,C_prec_up,0.5991735537190083
seed123_perhead,test,C_rec_up,0.07825148407987048
seed123_perhead,test,C_auroc_down,0.9012799665305812
seed123_perhead,test,C_auroc_up,0.8753293927042083
seed123_perhead,test,C_auprc_down,0.3458247779226168
seed123_perhead,test,C_auprc_up,0.22276090318261355
seed123,test,B_dr,0.32503353346272695
seed123,test,B_dr_ns,0.17344886411452665
seed123,test,B_dr_rmse_ns,0.2535641200306578
seed123,test,B_n_dense,100860.0
seed123,test,A_r_gene,0.49897487858836365
seed123,test,A_spearman_gene,0.47928720022834864
seed123,test,A_rmse_gene,0.732598403223273
seed123,test,A_n_genes,820.0
seed123,test,B_r,0.5925615431637832
seed123,test,B_spearman,0.6005738984125123
seed123,test,B_rmse,0.8175874821283268
seed123,test,B_sign_acc,0.7590543259557344
seed123,test,B_r_within_true_down,0.36647842259826563
seed123,test,B_r_within_true_up,0.4383044488940879
seed123,test,B_r_within_tf,0.544635187297369
seed123,test,B_n_sig,3976.0
seed123,test,C_acc,0.9630310778914241
seed123,test,C_macro_f1,0.4854774497595448
seed123,test,C_f1_down,0.2886002886002886
seed123,test,C_f1_ns,0.9812249178212031
seed123,test,C_f1_up,0.18660714285714283
seed123,test,C_prec_down,0.6163328197226502
seed123,test,C_rec_down,0.18841262364578426
seed123,test,C_prec_up,0.5400516795865633
seed123,test,C_rec_up,0.11279007015650297
seed123,test,C_auroc_down,0.9009139456231994
seed123,test,C_auroc_up,0.8712976795782229
seed123,test,C_auprc_down,0.34565623616282437
seed123,test,C_auprc_up,0.22542942362175
ensemble,val,B_dr,0.3499344215539714
ensemble,val,B_dr_ns,0.18956688019891765
ensemble,val,B_dr_rmse_ns,0.2483207229885972
ensemble,val,B_n_dense,84009.0
ensemble,val,A_r_gene,0.5665705870205465
ensemble,val,A_spearman_gene,0.5093080689943129
ensemble,val,A_rmse_gene,0.6673674537604704
ensemble,val,A_n_genes,683.0
ensemble,val,B_r,0.6396757071813728
ensemble,val,B_spearman,0.6208604446816686
ensemble,val,B_rmse,0.817658394165005
ensemble,val,B_sign_acc,0.7795610874549623
ensemble,val,B_r_within_true_down,0.36403266258608347
ensemble,val,B_r_within_true_up,0.5377813057617709
ensemble,val,B_r_within_tf,0.6028805879528086
ensemble,val,B_n_sig,3053.0
ensemble,val,C_acc,0.9662305766778444
ensemble,val,C_macro_f1,0.4924992236249841
ensemble,val,C_f1_down,0.2858384013900956
ensemble,val,C_f1_ns,0.9829306167334336
ensemble,val,C_f1_up,0.20872865275142316
ensemble,val,C_prec_down,0.6266666666666667
ensemble,val,C_rec_down,0.1851435002813731
ensemble,val,C_prec_up,0.5409836065573771
ensemble,val,C_rec_up,0.12931034482758622
ensemble,val,C_auroc_down,0.9117627394415859
ensemble,val,C_auroc_up,0.8960179245135534
ensemble,val,C_auprc_down,0.3603117494330863
ensemble,val,C_auprc_up,0.2495753529153619
ensemble,test,B_dr,0.344661781161965
ensemble,test,B_dr_ns,0.18687892230436873
ensemble,test,B_dr_rmse_ns,0.25039827182562424
ensemble,test,B_n_dense,100860.0
ensemble,test,A_r_gene,0.540797611661077
ensemble,test,A_spearman_gene,0.5371280096867571
ensemble,test,A_rmse_gene,0.6819689592073787
ensemble,test,A_n_genes,820.0
ensemble,test,B_r,0.6199287712397699
ensemble,test,B_spearman,0.6201119301860191
ensemble,test,B_rmse,0.7974279009542461
ensemble,test,B_sign_acc,0.7640845070422535
ensemble,test,B_r_within_true_down,0.36689736132231887
ensemble,test,B_r_within_true_up,0.4732845810307489
ensemble,test,B_r_within_tf,0.5748809746142363
ensemble,test,B_n_sig,3976.0
ensemble,test,C_acc,0.9632474429583006
ensemble,test,C_macro_f1,0.49076320888583597
ensemble,test,C_f1_down,0.291802094618996
ensemble,test,C_f1_ns,0.9813685893072343
ensemble,test,C_f1_up,0.19911894273127753
ensemble,test,C_prec_down,0.6253869969040248
ensemble,test,C_rec_down,0.1902967498822421
ensemble,test,C_prec_up,0.5419664268585132
ensemble,test,C_rec_up,0.12196438208310847
ensemble,test,C_auroc_down,0.9114322704881731
ensemble,test,C_auroc_up,0.8856312353993564
ensemble,test,C_auprc_down,0.35852628169386624
ensemble,test,C_auprc_up,0.2531842335399298
ensemble_perhead,val,B_dr,0.3560427859400812
ensemble_perhead,val,B_dr_ns,0.18832581025435388
ensemble_perhead,val,B_dr_rmse_ns,0.2429280042103986
ensemble_perhead,val,B_n_dense,84009.0
ensemble_perhead,val,A_r_gene,0.5643927472140928
ensemble_perhead,val,A_spearman_gene,0.5347277320706737
ensemble_perhead,val,A_rmse_gene,0.6874766263108743
ensemble_perhead,val,A_n_genes,683.0
ensemble_perhead,val,B_r,0.6444659018420543
ensemble_perhead,val,B_spearman,0.623998685211737
ensemble_perhead,val,B_rmse,0.814702916300505
ensemble_perhead,val,B_sign_acc,0.7903701277432034
ensemble_perhead,val,B_r_within_true_down,0.38123926237479505
ensemble_perhead,val,B_r_within_true_up,0.5429599760671378
ensemble_perhead,val,B_r_within_tf,0.6096305524278813
ensemble_perhead,val,B_n_sig,3053.0
ensemble_perhead,val,C_acc,0.9665729939073349
ensemble_perhead,val,C_macro_f1,0.489137825368184
ensemble_perhead,val,C_f1_down,0.29343629343629346
ensemble_perhead,val,C_f1_ns,0.9831223118929108
ensemble_perhead,val,C_f1_up,0.19085487077534793
ensemble_perhead,val,C_prec_down,0.6173285198555957
ensemble_perhead,val,C_rec_down,0.19245920090039392
ensemble_perhead,val,C_prec_up,0.6180257510729614
ensemble_perhead,val,C_rec_up,0.11285266457680251
ensemble_perhead,val,C_auroc_down,0.9133719024143858
ensemble_perhead,val,C_auroc_up,0.8983466332432709
ensemble_perhead,val,C_auprc_down,0.36384202406688965
ensemble_perhead,val,C_auprc_up,0.2563211740521121
ensemble_perhead,test,B_dr,0.3528036271189842
ensemble_perhead,test,B_dr_ns,0.1886048499425096
ensemble_perhead,test,B_dr_rmse_ns,0.24493043796257652
ensemble_perhead,test,B_n_dense,100860.0
ensemble_perhead,test,A_r_gene,0.5624468811467542
ensemble_perhead,test,A_spearman_gene,0.5453161793199225
ensemble_perhead,test,A_rmse_gene,0.687739234850834
ensemble_perhead,test,A_n_genes,820.0
ensemble_perhead,test,B_r,0.6239916291350696
ensemble_perhead,test,B_spearman,0.6281702619109653
ensemble_perhead,test,B_rmse,0.7950248598988467
ensemble_perhead,test,B_sign_acc,0.77238430583501
ensemble_perhead,test,B_r_within_true_down,0.38080436227902187
ensemble_perhead,test,B_r_within_true_up,0.4764586245948735
ensemble_perhead,test,B_r_within_tf,0.5807047141917321
ensemble_perhead,test,B_n_sig,3976.0
ensemble_perhead,test,C_acc,0.9633851298190401
ensemble_perhead,test,C_macro_f1,0.48779296499021285
ensemble_perhead,test,C_f1_down,0.30198019801980197
ensemble_perhead,test,C_f1_ns,0.9814170624237475
ensemble_perhead,test,C_f1_up,0.17998163452708904
ensemble_perhead,test,C_prec_down,0.6056737588652482
ensemble_perhead,test,C_rec_down,0.2011304757418747
ensemble_perhead,test,C_prec_up,0.6030769230769231
ensemble_perhead,test,C_rec_up,0.105774419859687
ensemble_perhead,test,C_auroc_down,0.9120219766216245
ensemble_perhead,test,C_auroc_up,0.8880284370644431
ensemble_perhead,test,C_auprc_down,0.35762962315487945
ensemble_perhead,test,C_auprc_up,0.2555013508835257
ensemble_perhead+C_offset,val,C_acc,0.9563831294573277
ensemble_perhead+C_offset,val,C_macro_f1,0.5554826643573691
ensemble_perhead+C_offset,val,C_f1_down,0.39025893958076446
ensemble_perhead+C_offset,val,C_f1_ns,0.978268448576409
ensemble_perhead+C_offset,val,C_f1_up,0.2979206049149339
ensemble_perhead+C_offset,val,C_prec_down,0.43149284253578735
ensemble_perhead+C_offset,val,C_rec_down,0.3562183455261677
ensemble_perhead+C_offset,val,C_prec_up,0.28780131482834187
ensemble_perhead+C_offset,val,C_rec_up,0.30877742946708464
ensemble_perhead+C_offset,test,C_acc,0.953579858379229
ensemble_perhead+C_offset,test,C_macro_f1,0.5588701165779043
ensemble_perhead+C_offset,test,C_f1_down,0.39040742650850957
ensemble_perhead+C_offset,test,C_f1_ns,0.976789553511697
ensemble_perhead+C_offset,test,C_f1_up,0.3094133697135061
ensemble_perhead+C_offset,test,C_prec_down,0.43133903133903134
ensemble_perhead+C_offset,test,C_rec_down,0.3565708902496467
ensemble_perhead+C_offset,test,C_prec_up,0.3129139072847682
ensemble_perhead+C_offset,test,C_rec_up,0.3059902860226659
ensemble+C_offset,val,C_acc,0.9554031077315449
ensemble+C_offset,val,C_macro_f1,0.5584059395504408
ensemble+C_offset,val,C_f1_down,0.3948256467941508
ensemble+C_offset,val,C_f1_ns,0.977698035565571
ensemble+C_offset,val,C_f1_up,0.30269413629160064
ensemble+C_offset,val,C_prec_down,0.3946037099494098
ensemble+C_offset,val,C_rec_down,0.39504783342712435
ensemble+C_offset,val,C_prec_up,0.3060897435897436
ensemble+C_offset,val,C_rec_up,0.2993730407523511
ensemble+C_offset,test,C_acc,0.9524685287175453
ensemble+C_offset,test,C_macro_f1,0.5569670811523004
ensemble+C_offset,test,C_f1_down,0.39246542680019075
ensemble+C_offset,test,C_f1_ns,0.9761959527497074
ensemble+C_offset,test,C_f1_up,0.30223986390700314
ensemble+C_offset,test,C_prec_down,0.3973925639787542
ensemble+C_offset,test,C_rec_down,0.3876589731512011
ensemble+C_offset,test,C_prec_up,0.3183990442054958
ensemble+C_offset,test,C_rec_up,0.2876416621694549
ensemble+prior_stack,val,C_acc,0.9564775893827044
ensemble+prior_stack,val,C_macro_f1,0.5550538179540044
ensemble+prior_stack,val,C_f1_down,0.38420005683432795
ensemble+prior_stack,val,C_f1_ns,0.9784820581847103
ensemble+prior_stack,val,C_f1_up,0.3024793388429752
ensemble+prior_stack,val,C_prec_down,0.3880597014925373
ensemble+prior_stack,val,C_rec_down,0.3804164321890827
ensemble+prior_stack,val,C_prec_up,0.31993006993006995
ensemble+prior_stack,val,C_rec_up,0.28683385579937304
ensemble+prior_stack,val,C_auroc_down,0.9236404069758267
ensemble+prior_stack,val,C_auroc_up,0.9098815511063182
ensemble+prior_stack,val,C_auprc_down,0.35843877944674457
ensemble+prior_stack,val,C_auprc_up,0.2614476514473825
ensemble+prior_stack,test,C_acc,0.9536290322580645
ensemble+prior_stack,test,C_macro_f1,0.552397409815598
ensemble+prior_stack,test,C_f1_down,0.3875782378430429
ensemble+prior_stack,test,C_f1_ns,0.9770608001143896
ensemble+prior_stack,test,C_f1_up,0.29255319148936165
ensemble+prior_stack,test,C_prec_down,0.396356474643033
ensemble+prior_stack,test,C_rec_down,0.37918040508714085
ensemble+prior_stack,test,C_prec_up,0.3233180927498367
ensemble+prior_stack,test,C_rec_up,0.2671343766864544
ensemble+prior_stack,test,C_auroc_down,0.9214718943970305
ensemble+prior_stack,test,C_auroc_up,0.8957889972101817
ensemble+prior_stack,test,C_auprc_down,0.3625032928537116
ensemble+prior_stack,test,C_auprc_up,0.2577517411969429
ensemble_perhead+prior_stack,val,C_acc,0.9570797714069806
ensemble_perhead+prior_stack,val,C_macro_f1,0.5551006123496176
ensemble_perhead+prior_stack,val,C_f1_down,0.38576349024110224
ensemble_perhead+prior_stack,val,C_f1_ns,0.978780132822915
ensemble_perhead+prior_stack,val,C_f1_up,0.30075821398483565
ensemble_perhead+prior_stack,val,C_prec_down,0.3936731107205624
ensemble_perhead+prior_stack,val,C_rec_down,0.37816544738323016
ensemble_perhead+prior_stack,val,C_prec_up,0.3251366120218579
ensemble_perhead+prior_stack,val,C_rec_up,0.2797805642633229
ensemble_perhead+prior_stack,val,C_auroc_down,0.9227869860554797
ensemble_perhead+prior_stack,val,C_auroc_up,0.908556160564582
ensemble_perhead+prior_stack,val,C_auprc_down,0.3600365196576793
ensemble_perhead+prior_stack,val,C_auprc_up,0.26370384348742254
ensemble_perhead+prior_stack,test,C_acc,0.9546125098347757
ensemble_perhead+prior_stack,test,C_macro_f1,0.5580182101992408
ensemble_perhead+prior_stack,test,C_f1_down,0.3898758822097834
ensemble_perhead+prior_stack,test,C_f1_ns,0.9775001020866511
ensemble_perhead+prior_stack,test,C_f1_up,0.3066786463012878
ensemble_perhead+prior_stack,test,C_prec_down,0.4033232628398791
ensemble_perhead+prior_stack,test,C_rec_down,0.377296278850683
ensemble_perhead+prior_stack,test,C_prec_up,0.3445491251682369
ensemble_perhead+prior_stack,test,C_rec_up,0.2763086886130599
ensemble_perhead+prior_stack,test,C_auroc_down,0.9198324886359147
ensemble_perhead+prior_stack,test,C_auroc_up,0.8952251507358134
ensemble_perhead+prior_stack,test,C_auprc_down,0.36066206069775886
ensemble_perhead+prior_stack,test,C_auprc_up,0.2586774396340772
base_layout_linreg(A),val,A_r_gene,0.2704174677275465
base_layout_linreg(A),val,A_spearman_gene,0.26972508374401943
base_layout_linreg(A),val,A_rmse_gene,0.7267206541263405
base_layout_linreg(A),val,A_n_genes,683.0
base_TF_mean(B),val,B_dr,0.020119031301373456
base_TF_mean(B),val,B_dr_ns,-0.020391540954589418
base_TF_mean(B),val,B_dr_rmse_ns,0.4829942679016522
base_TF_mean(B),val,B_n_dense,84009.0
base_TF_mean(B),val,B_r,0.3051405252445778
base_TF_mean(B),val,B_spearman,0.27787138021415564
base_TF_mean(B),val,B_rmse,1.0090753606287766
base_TF_mean(B),val,B_sign_acc,0.6164428431051425
base_TF_mean(B),val,B_r_within_true_down,0.17168646505471027
base_TF_mean(B),val,B_r_within_true_up,0.22790875201370658
base_TF_mean(B),val,B_r_within_tf,4.083742811874914e-19
base_TF_mean(B),val,B_n_sig,3053.0
base_TFxbound(B),val,B_dr,0.047643165373124526
base_TFxbound(B),val,B_dr_ns,-0.012427914157786605
base_TFxbound(B),val,B_dr_rmse_ns,0.4428392260079018
base_TFxbound(B),val,B_n_dense,84009.0
base_TFxbound(B),val,B_r,0.38116750526715065
base_TFxbound(B),val,B_spearman,0.34116194694415586
base_TFxbound(B),val,B_rmse,0.9796381694670716
base_TFxbound(B),val,B_sign_acc,0.6216835899115624
base_TFxbound(B),val,B_r_within_true_down,0.2836989702127838
base_TFxbound(B),val,B_r_within_true_up,0.24978889561297762
base_TFxbound(B),val,B_r_within_tf,0.2470249076777454
base_TFxbound(B),val,B_n_sig,3053.0
base_TF_prior(C),val,C_acc,0.938494781089123
base_TF_prior(C),val,C_macro_f1,0.4527855080947798
base_TF_prior(C),val,C_f1_down,0.17825405122843702
base_TF_prior(C),val,C_f1_ns,0.9713806685446241
base_TF_prior(C),val,C_f1_up,0.2087218045112782
base_TF_prior(C),val,C_prec_down,0.16642264519277697
base_TF_prior(C),val,C_rec_down,0.19189645469893077
base_TF_prior(C),val,C_prec_up,0.1693509028794534
base_TF_prior(C),val,C_rec_up,0.2719435736677116
base_TF_prior(C),val,C_auroc_down,0.8947137658620841
base_TF_prior(C),val,C_auroc_up,0.8658171751929297
base_TF_prior(C),val,C_auprc_down,0.16831889107709208
base_TF_prior(C),val,C_auprc_up,0.12872607894485477
base_TFxbound_prior(C),val,C_acc,0.9453667406602749
base_TFxbound_prior(C),val,C_macro_f1,0.4617959929344764
base_TFxbound_prior(C),val,C_f1_down,0.18964357767316742
base_TFxbound_prior(C),val,C_f1_ns,0.9743658964573645
base_TFxbound_prior(C),val,C_f1_up,0.22137850467289721
base_TFxbound_prior(C),val,C_prec_down,0.23558897243107768
base_TFxbound_prior(C),val,C_rec_down,0.1586944288126055
base_TFxbound_prior(C),val,C_prec_up,0.17644320297951582
base_TFxbound_prior(C),val,C_rec_up,0.29702194357366773
base_TFxbound_prior(C),val,C_auroc_down,0.9012446793539471
base_TFxbound_prior(C),val,C_auroc_up,0.8850202824503421
base_TFxbound_prior(C),val,C_auprc_down,0.2042170718342098
base_TFxbound_prior(C),val,C_auprc_up,0.1437006022320478
base_always_ns(C),val,C_acc,0.9639517309781326
base_always_ns(C),val,C_macro_f1,0.3272150110322189
base_always_ns(C),val,C_f1_down,0.0
base_always_ns(C),val,C_f1_ns,0.9816450330966567
base_always_ns(C),val,C_f1_up,0.0
base_always_ns(C),val,C_prec_down,0.0
base_always_ns(C),val,C_rec_down,0.0
base_always_ns(C),val,C_prec_up,0.0
base_always_ns(C),val,C_rec_up,0.0
ORACLE_gene_otherTF(B),val,B_r,0.4773264736631559
ORACLE_gene_otherTF(B),val,B_spearman,0.5156521914623958
ORACLE_gene_otherTF(B),val,B_rmse,0.9586073148054912
ORACLE_gene_otherTF(B),val,B_sign_acc,0.8119882083196855
ORACLE_gene_otherTF(B),val,B_r_within_true_down,-0.10000798900410507
ORACLE_gene_otherTF(B),val,B_r_within_true_up,0.2640574006677666
ORACLE_gene_otherTF(B),val,B_r_within_tf,0.48602153111912394
ORACLE_gene_otherTF(B),val,B_n_sig,3053.0
ORACLE_gene_otherTF(C),val,C_acc,0.9122349218344118
ORACLE_gene_otherTF(C),val,C_macro_f1,0.40248753746809757
ORACLE_gene_otherTF(C),val,C_f1_down,0.11441441441441441
ORACLE_gene_otherTF(C),val,C_f1_ns,0.9539559578727479
ORACLE_gene_otherTF(C),val,C_f1_up,0.1390922401171303
ORACLE_gene_otherTF(C),val,C_prec_down,0.09538114907998498
ORACLE_gene_otherTF(C),val,C_rec_down,0.1429375351716376
ORACLE_gene_otherTF(C),val,C_prec_up,0.10099220411055988
ORACLE_gene_otherTF(C),val,C_rec_up,0.22335423197492163
ORACLE_gene_otherTF(C),val,C_auroc_down,0.7507780425207813
ORACLE_gene_otherTF(C),val,C_auroc_up,0.7462523070530961
ORACLE_gene_otherTF(C),val,C_auprc_down,0.06477616563403432
ORACLE_gene_otherTF(C),val,C_auprc_up,0.059298821990355306
base_TF_dense_mean(B),val,B_dr,0.1156875746714445
base_TF_dense_mean(B),val,B_dr_ns,0.08847476159700018
base_TF_dense_mean(B),val,B_dr_rmse_ns,0.21185526205261235
base_TF_dense_mean(B),val,B_n_dense,84009.0
base_TF_dense_mean(B),val,B_r,0.22614858178556216
base_TF_dense_mean(B),val,B_spearman,0.174428061721581
base_TF_dense_mean(B),val,B_rmse,1.0498226751799273
base_TF_dense_mean(B),val,B_sign_acc,0.5607599082869309
base_TF_dense_mean(B),val,B_r_within_true_down,0.13387447850145293
base_TF_dense_mean(B),val,B_r_within_true_up,0.30005057851517575
base_TF_dense_mean(B),val,B_r_within_tf,2.27518299336232e-18
base_TF_dense_mean(B),val,B_n_sig,3053.0
base_layout_linreg(A),test,A_r_gene,0.2590772431973589
base_layout_linreg(A),test,A_spearman_gene,0.27927395014686524
base_layout_linreg(A),test,A_rmse_gene,0.7493661644749193
base_layout_linreg(A),test,A_n_genes,820.0
base_TF_mean(B),test,B_dr,0.03094959963665928
base_TF_mean(B),test,B_dr_ns,-0.017913370471417552
base_TF_mean(B),test,B_dr_rmse_ns,0.4828780414210745
base_TF_mean(B),test,B_n_dense,100860.0
base_TF_mean(B),test,B_r,0.34680124593432826
base_TF_mean(B),test,B_spearman,0.26498053739704946
base_TF_mean(B),test,B_rmse,0.951439158783
base_TF_mean(B),test,B_sign_acc,0.5867706237424547
base_TF_mean(B),test,B_r_within_true_down,0.20561156055255742
base_TF_mean(B),test,B_r_within_true_up,0.3485721210455111
base_TF_mean(B),test,B_r_within_tf,-3.128406134115187e-18
base_TF_mean(B),test,B_n_sig,3976.0
base_TFxbound(B),test,B_dr,0.05836297612861443
base_TFxbound(B),test,B_dr_ns,-0.008609036717623812
base_TFxbound(B),test,B_dr_rmse_ns,0.44339296120198063
base_TFxbound(B),test,B_n_dense,100860.0
base_TFxbound(B),test,B_r,0.39079336980573204
base_TFxbound(B),test,B_spearman,0.31933714252137524
base_TFxbound(B),test,B_rmse,0.9345982964104985
base_TFxbound(B),test,B_sign_acc,0.6104124748490946
base_TFxbound(B),test,B_r_within_true_down,0.2919286942419206
base_TFxbound(B),test,B_r_within_true_up,0.3254936771639757
base_TFxbound(B),test,B_r_within_tf,0.19217152335429352
base_TFxbound(B),test,B_n_sig,3976.0
base_TF_prior(C),test,C_acc,0.9363886703383163
base_TF_prior(C),test,C_macro_f1,0.45366492345510445
base_TF_prior(C),test,C_f1_down,0.17412175430940433
base_TF_prior(C),test,C_f1_ns,0.9703184136909659
base_TF_prior(C),test,C_f1_up,0.21655460236494323
base_TF_prior(C),test,C_prec_down,0.16219512195121952
base_TF_prior(C),test,C_rec_down,0.1879415920866698
base_TF_prior(C),test,C_prec_up,0.18983739837398375
base_TF_prior(C),test,C_rec_up,0.2520237452779277
base_TF_prior(C),test,C_auroc_down,0.8906453966010548
base_TF_prior(C),test,C_auroc_up,0.855573804311248
base_TF_prior(C),test,C_auprc_down,0.17123042314871328
base_TF_prior(C),test,C_auprc_up,0.13315733785304312
base_TFxbound_prior(C),test,C_acc,0.943273013375295
base_TFxbound_prior(C),test,C_macro_f1,0.4652082534355017
base_TFxbound_prior(C),test,C_f1_down,0.1975650249031544
base_TFxbound_prior(C),test,C_f1_ns,0.9733811881441583
base_TFxbound_prior(C),test,C_f1_up,0.2246785472591924
base_TFxbound_prior(C),test,C_prec_down,0.23943661971830985
base_TFxbound_prior(C),test,C_rec_down,0.16815826660386246
base_TFxbound_prior(C),test,C_prec_up,0.1930232558139535
base_TFxbound_prior(C),test,C_rec_up,0.26875337290879653
base_TFxbound_prior(C),test,C_auroc_down,0.8955603138199918
base_TFxbound_prior(C),test,C_auroc_up,0.8679786375816022
base_TFxbound_prior(C),test,C_auprc_down,0.21584581758585455
base_TFxbound_prior(C),test,C_auprc_up,0.14449215042604766
base_always_ns(C),test,C_acc,0.9608969315499607
base_always_ns(C),test,C_macro_f1,0.32668619347590583
base_always_ns(C),test,C_f1_down,0.0
base_always_ns(C),test,C_f1_ns,0.9800585804277174
base_always_ns(C),test,C_f1_up,0.0
base_always_ns(C),test,C_prec_down,0.0
base_always_ns(C),test,C_rec_down,0.0
base_always_ns(C),test,C_prec_up,0.0
base_always_ns(C),test,C_rec_up,0.0
ORACLE_gene_otherTF(B),test,B_r,0.457870285308337
ORACLE_gene_otherTF(B),test,B_spearman,0.5514397330032441
ORACLE_gene_otherTF(B),test,B_rmse,0.9337687703904516
ORACLE_gene_otherTF(B),test,B_sign_acc,0.8169014084507042
ORACLE_gene_otherTF(B),test,B_r_within_true_down,-0.13773352010617312
ORACLE_gene_otherTF(B),test,B_r_within_true_up,0.16110687161406437
ORACLE_gene_otherTF(B),test,B_r_within_tf,0.4682758817285595
ORACLE_gene_otherTF(B),test,B_n_sig,3976.0
ORACLE_gene_otherTF(C),test,C_acc,0.8970003933910307
ORACLE_gene_otherTF(C),test,C_macro_f1,0.4025760332847799
ORACLE_gene_otherTF(C),test,C_f1_down,0.13061050840246755
ORACLE_gene_otherTF(C),test,C_f1_ns,0.9456129524845467
ORACLE_gene_otherTF(C),test,C_f1_up,0.13150463896732553
ORACLE_gene_otherTF(C),test,C_prec_down,0.11908456167571761
ORACLE_gene_otherTF(C),test,C_rec_down,0.14460668864813941
ORACLE_gene_otherTF(C),test,C_prec_up,0.08757163323782235
ORACLE_gene_otherTF(C),test,C_rec_up,0.2638963842417701
ORACLE_gene_otherTF(C),test,C_auroc_down,0.7501621490787798
ORACLE_gene_otherTF(C),test,C_auroc_up,0.7786023084912614
ORACLE_gene_otherTF(C),test,C_auprc_down,0.06750242049644173
ORACLE_gene_otherTF(C),test,C_auprc_up,0.06961675190526703
base_TF_dense_mean(B),test,B_dr,0.12084526891780598
base_TF_dense_mean(B),test,B_dr_ns,0.09178618690900281
base_TF_dense_mean(B),test,B_dr_rmse_ns,0.21441067973119057
base_TF_dense_mean(B),test,B_n_dense,100860.0
base_TF_dense_mean(B),test,B_r,0.2241214938367067
base_TF_dense_mean(B),test,B_spearman,0.18533768474853782
base_TF_dense_mean(B),test,B_rmse,1.003230557163762
base_TF_dense_mean(B),test,B_sign_acc,0.5490442655935613
base_TF_dense_mean(B),test,B_r_within_true_down,0.17606168165637023
base_TF_dense_mean(B),test,B_r_within_true_up,0.2932281482478406
base_TF_dense_mean(B),test,B_r_within_tf,1.2212267443818237e-17
base_TF_dense_mean(B),test,B_n_sig,3976.0
