label,run,scope,metric,k,ref,value,delta,ci_lo,ci_hi,seed_delta,seeds_better,null_rms,null_how,tot_lo,tot_hi,tot_sd,test_sig,tot_sig,null_rms_cons,cons_lo,cons_hi,cons_sig,sign_p,source
w/o layout,v10_abl_no_layout,test,A_r_gene,2,0.5741295038654055,0.2630050295641251,-0.3111244743012804,-0.3831516427314828,-0.2406792986324284,-0.3048548858122149,0,0.010274100638353063,实测k=2,-0.3851521754163348,-0.23709677318622596,0.03776923526278286,True,True,0.010274100638353063,-0.3851521754163348,-0.23709677318622596,True,0.5,"out/results/_compare_b10/delta_vs_reference.csv(seed [42, 123])"
w/o layout,v10_abl_no_layout,test,B_r,2,0.6228146210711886,0.325825696295599,-0.2969889247755896,-0.3407921152023835,-0.2496786943515552,-0.3062784785510372,0,0.003675691392105757,实测k=2,-0.3431117672465711,-0.25086608230460805,0.023532062485194648,True,True,0.003675691392105757,-0.3431117672465711,-0.25086608230460805,True,0.5,"out/results/_compare_b10/delta_vs_reference.csv(seed [42, 123])"
w/o layout,v10_abl_no_layout,test,B_sign_acc,2,0.7738933601609658,0.6111670020120724,-0.1627263581488933,-0.1983966133082703,-0.1260935990308547,-0.1600855130784708,0,0.007000209840760574,实测k=2,-0.20139393053595842,-0.12405878576182819,0.01972835325870669,True,True,0.007000209840760574,-0.20139393053595842,-0.12405878576182819,True,0.5,"out/results/_compare_b10/delta_vs_reference.csv(seed [42, 123])"
w/o layout,v10_abl_no_layout,test,B_r_within_tf,2,0.5801145513015202,0.2588564118951997,-0.3212581394063205,-0.3763348191516418,-0.2670042654195205,-0.3261255263730779,0,0.006744867850283955,实测k=2,-0.3774992216730328,-0.26501705713960816,0.02869442972791445,True,True,0.006744867850283955,-0.3774992216730328,-0.26501705713960816,True,0.5,"out/results/_compare_b10/delta_vs_reference.csv(seed [42, 123])"
w/o layout,v10_abl_no_layout,test,C_auroc_down,2,0.9040136121435292,0.8906750072865186,-0.0133386048570106,-0.0235723976121152,-0.0019649286111573,-0.0061284609046999,0,0.003097315879464303,实测k=2,-0.025731124885861413,-0.0009460848281597888,0.0063227143004340874,True,True,0.003097315879464303,-0.025731124885861413,-0.0009460848281597888,True,0.5,"out/results/_compare_b10/delta_vs_reference.csv(seed [42, 123])"
w/o layout,v10_abl_no_layout,test,C_auprc_down,2,0.3724961930618501,0.1775964882872399,-0.1948997047746102,-0.2271629061469907,-0.1621749853078666,-0.175428522642082,0,0.006368590085272397,实测k=2,-0.22970873645319306,-0.16009067309602731,0.01775971004009331,True,True,0.006368590085272397,-0.22970873645319306,-0.16009067309602731,True,0.5,"out/results/_compare_b10/delta_vs_reference.csv(seed [42, 123])"
w/o layout,v10_abl_no_layout,test,C_auroc_up,2,0.8842579854189302,0.8543963463699918,-0.0298616390489383,-0.0423707642767228,-0.0170479052573882,-0.0177058388724311,0,0.005323271719700159,实测k=2,-0.046268103278074124,-0.01345517481980248,0.008370645014865214,True,True,0.005323271719700159,-0.046268103278074124,-0.01345517481980248,True,0.5,"out/results/_compare_b10/delta_vs_reference.csv(seed [42, 123])"
w/o layout,v10_abl_no_layout,test,C_auprc_up,2,0.2432891688824424,0.1337261168385796,-0.1095630520438628,-0.1382190539869526,-0.0802647869681627,-0.0939122857718498,0,0.00973153805957547,实测k=2,-0.14425432860863016,-0.07487177547909543,0.017699630900391512,True,True,0.00973153805957547,-0.14425432860863016,-0.07487177547909543,True,0.5,"out/results/_compare_b10/delta_vs_reference.csv(seed [42, 123])"
w/o layout,v10_abl_no_layout,test,C_macro_f1_offset,2,0.5548478766999034,0.4584996324247081,-0.0963482442751953,-0.1106378655977365,-0.0816352944117674,-0.0912402668090458,0,0.00550177644163204,实测k=2,-0.1144195132990442,-0.07827697525134639,0.009220035216249442,True,True,0.00550177644163204,-0.1144195132990442,-0.07827697525134639,True,0.5,"out/results/_compare_b10/delta_vs_reference.csv(seed [42, 123])"
w/o layout,v10_abl_no_layout,A全基因:test:全部,A_r,2,0.7145155070943526,0.4522472162497484,-0.2622682908446042,-0.3106060255680741,-0.2161343119836469,-0.2708218436201052,0,0.011438173905083554,实测k=2,-0.3145543281335079,-0.20998225355570044,0.026676549637195783,True,True,0.011438173905083554,-0.3145543281335079,-0.20998225355570044,True,0.5,"out/results/_head_a_all_b10/delta_vs_reference.csv(seed [42, 123])"
w/o layout,v10_abl_no_layout,A全基因:test:网格,A_r,2,0.5741227771429007,0.2630050258168774,-0.3111177513260232,-0.3815887127583219,-0.242168257405522,-0.3048485891671268,0,0.010273585587882772,实测k=2,-0.3836779574364389,-0.2385575452156075,0.03702051332164067,True,True,0.010273585587882772,-0.3836779574364389,-0.2385575452156075,True,0.5,"out/results/_head_a_all_b10/delta_vs_reference.csv(seed [42, 123])"
w/o layout,v10_abl_no_layout,A全基因:test:网格外,A_r,2,0.7314869225615371,0.524161366430323,-0.2073255561312141,-0.2790794683572728,-0.1415041057300963,-0.2165890693415875,0,0.020547669078134524,实测k=2,-0.28703562059410376,-0.12761549166832442,0.0406684002361682,True,True,0.020547669078134524,-0.28703562059410376,-0.12761549166832442,True,0.5,"out/results/_head_a_all_b10/delta_vs_reference.csv(seed [42, 123])"
w/o layout,v10_abl_no_layout,A全基因:test:网格外有位点,A_r,2,0.5903334904996316,0.4362048044504044,-0.1541286860492271,-0.3155253501894252,-0.0044829375129096,-0.1334979343484022,0,0.05826021663496927,实测k=2,-0.3470696286718139,0.03881225657335971,0.09843925644009532,True,False,0.05826021663496927,-0.3470696286718139,0.03881225657335971,False,0.5,"out/results/_head_a_all_b10/delta_vs_reference.csv(seed [42, 123])"
w/o layout,v10_abl_no_layout,A全基因:test:网格外无位点,A_r,2,0.3437534829072095,0.3546150715462157,0.0108615886390062,-0.1126105607220979,0.133378957313972,0.0128748407679363,1,0.054047051317899254,实测k=2,-0.15146322802057716,0.17318640529858953,0.0828187840099915,False,False,0.054047051317899254,-0.15146322802057716,0.17318640529858953,False,1.0,"out/results/_head_a_all_b10/delta_vs_reference.csv(seed [42, 123])"
w/o layout,v10_abl_no_layout,A全基因:val:全部,A_r,2,0.7269153664767573,0.5213345034626983,-0.2055808630140589,-0.2569788494824556,-0.1579524048225322,-0.2200930578997318,0,0.00641825131368804,实测k=2,-0.2566671612116248,-0.15449456481649299,0.026064437855900974,True,True,0.00641825131368804,-0.2566671612116248,-0.15449456481649299,True,0.5,"out/results/_head_a_all_b10/delta_vs_reference.csv(seed [42, 123])"
w/o layout,v10_abl_no_layout,A全基因:val:网格,A_r,2,0.5878192667555563,0.3548574598920933,-0.2329618068634629,-0.3104074913708231,-0.1569409966520129,-0.2333442408069912,0,0.014889491409747619,实测k=2,-0.3150572529643277,-0.15086636076259813,0.04188543168411469,True,True,0.014889491409747619,-0.3150572529643277,-0.15086636076259813,True,0.5,"out/results/_head_a_all_b10/delta_vs_reference.csv(seed [42, 123])"
w/o layout,v10_abl_no_layout,A全基因:val:网格外,A_r,2,0.7634235002185736,0.5929943785999108,-0.1704291216186628,-0.2381602021436781,-0.1026719887120735,-0.1899979511240021,0,0.0061461908385661524,实测k=2,-0.2392359743092588,-0.10162226892806682,0.03510553708703877,True,True,0.0061461908385661524,-0.2392359743092588,-0.10162226892806682,True,0.5,"out/results/_head_a_all_b10/delta_vs_reference.csv(seed [42, 123])"
w/o layout,v10_abl_no_layout,A全基因:val:网格外有位点,A_r,2,0.6327088509639343,0.5039898855820967,-0.1287189653818375,-0.2875205014750233,0.0208913677826754,-0.135655115263123,0,0.027738745893021784,实测k=2,-0.2922284250062599,0.0347904942425849,0.08342319368592979,False,False,0.027738745893021784,-0.2922284250062599,0.0347904942425849,False,0.5,"out/results/_head_a_all_b10/delta_vs_reference.csv(seed [42, 123])"
w/o layout,v10_abl_no_layout,A全基因:val:网格外无位点,A_r,2,0.2173941142986864,0.281433458494706,0.0640393441960195,-0.0813111041225098,0.2130457323037368,0.0631221900313239,2,0.020023212585317012,实测k=2,-0.08828168454385577,0.21636037293589477,0.07771481058156901,False,False,0.020023212585317012,-0.08828168454385577,0.21636037293589477,False,0.5,"out/results/_head_a_all_b10/delta_vs_reference.csv(seed [42, 123])"
w/o site deletion,v10_abl_no_knockout,test,A_r_gene,5,0.5934556753537061,0.5730740458736537,-0.0203816294800524,-0.0398711081149189,0.0009126973117695,-0.0169116237314501,2,0.006497911785397115,外推k=5,-0.04442394687905723,0.003660687918952431,0.012266488468880015,False,False,0.010274100638353063,-0.04904062493314677,0.008277365973041975,False,1.0,"out/results/_compare_b11/delta_vs_reference.csv(seed [42, 123, 456, 789, 2024])"
w/o site deletion,v10_abl_no_knockout,test,B_r,5,0.6348029275583341,0.6225630454359544,-0.0122398821223796,-0.0270031876628082,0.002591133183021,-0.0100249575853994,2,0.0023247113549858494,外推k=5,-0.027722680632618152,0.0032429163878589535,0.00789938699501967,False,False,0.003675691392105757,-0.028697667192048228,0.0042179029472890275,False,1.0,"out/results/_compare_b11/delta_vs_reference.csv(seed [42, 123, 456, 789, 2024])"
w/o site deletion,v10_abl_no_knockout,test,B_sign_acc,5,0.778169014084507,0.7831991951710262,0.0050301810865192,-0.0058872035096861,0.0164633305638323,0.008702213279678,4,0.0044273214391856025,外推k=5,-0.00911854563027155,0.01917890780330995,0.007218738120811608,False,False,0.007000209840760574,-0.01266547598666562,0.02272583815970402,False,0.375,"out/results/_compare_b11/delta_vs_reference.csv(seed [42, 123, 456, 789, 2024])"
w/o site deletion,v10_abl_no_knockout,test,B_r_within_tf,5,0.5915106485346854,0.577137866343147,-0.0143727821915383,-0.0299264072146228,0.001058501132243,-0.0115383141667224,2,0.004265828984748175,外推k=5,-0.03197740863435536,0.0032318442512787593,0.008981952266743398,False,False,0.006744867850283955,-0.03473900363794206,0.005993439254865458,False,1.0,"out/results/_compare_b11/delta_vs_reference.csv(seed [42, 123, 456, 789, 2024])"
w/o site deletion,v10_abl_no_knockout,test,C_auroc_down,5,0.9105852776126075,0.909337512613757,-0.0012477649988507,-0.0058310800448265,0.0031738824964261,-0.0004731861818132,2,0.0019589145624229485,外推k=5,-0.007165018330912152,0.004669488333210752,0.0030190068020721694,False,False,0.003097315879464303,-0.00880595334666064,0.00631042334895924,False,1.0,"out/results/_compare_b11/delta_vs_reference.csv(seed [42, 123, 456, 789, 2024])"
w/o site deletion,v10_abl_no_knockout,test,C_auprc_down,5,0.3876434676729405,0.3622306891204296,-0.0254127785525108,-0.0379730441694726,-0.0121978764067403,-0.026787184641412,0,0.004027850030685347,外推k=5,-0.04052616028395189,-0.010299396821069715,0.007710909046653616,True,True,0.006368590085272397,-0.04335437939947454,-0.007471177705547061,True,0.0625,"out/results/_compare_b11/delta_vs_reference.csv(seed [42, 123, 456, 789, 2024])"
w/o site deletion,v10_abl_no_knockout,test,C_auroc_up,5,0.892173265469716,0.8892805708760126,-0.0028926945937033,-0.0075932762854246,0.0021902302861151,-0.0012663894506195,3,0.0033667326476427848,外推k=5,-0.011106911459497373,0.005321522272090774,0.004190926972343915,False,False,0.005323271719700159,-0.014416128174128856,0.008630738986722257,False,1.0,"out/results/_compare_b11/delta_vs_reference.csv(seed [42, 123, 456, 789, 2024])"
w/o site deletion,v10_abl_no_knockout,test,C_auprc_up,5,0.2630590354924281,0.2557429064344609,-0.0073161290579671,-0.0177799557362302,0.0029241254358194,-0.0051170260053795,2,0.006154765080974769,外推k=5,-0.023212320601964532,0.00858006248603033,0.008110301808161954,False,False,0.00973153805957547,-0.02901809089478226,0.014385832778848057,False,1.0,"out/results/_compare_b11/delta_vs_reference.csv(seed [42, 123, 456, 789, 2024])"
w/o site deletion,v10_abl_no_knockout,test,C_macro_f1_offset,5,0.5687570165876116,0.5557137636497446,-0.013043252937867,-0.0216725113047739,-0.0054092378803138,-0.0059653521596863,2,0.003479628946522736,外推k=5,-0.023656306585752483,-0.0024301992899815154,0.005414823289737492,True,True,0.00550177644163204,-0.026549066349235716,0.00046256047350171775,False,1.0,"out/results/_compare_b11/delta_vs_reference.csv(seed [42, 123, 456, 789, 2024])"
w/o site deletion,v10_abl_no_knockout,A全基因:test:全部,A_r,5,0.7281989287172044,0.7208267379463628,-0.0073721907708416,-0.017696093151343,0.0027404414383941,-0.0041914570894997,2,0.007234136362633327,外推k=5,-0.024849444499680937,0.010105062957997738,0.008916966188183335,False,False,0.011438173905083554,-0.032009895919485234,0.017265514377802032,False,1.0,"out/results/_head_a_all_b11/delta_vs_reference.csv(seed [42, 123, 456, 789, 2024])"
w/o site deletion,v10_abl_no_knockout,A全基因:test:网格,A_r,5,0.5934572213425042,0.5730599573548133,-0.0203972639876909,-0.0408065839569351,-0.0004321017613884,-0.0169250444863053,2,0.006497586038877903,外推k=5,-0.04426589969180743,0.0034713717164256315,0.012177875359243128,True,False,0.010273585587882772,-0.048910285069823214,0.008115757094441414,False,1.0,"out/results/_head_a_all_b11/delta_vs_reference.csv(seed [42, 123, 456, 789, 2024])"
w/o site deletion,v10_abl_no_knockout,A全基因:test:网格外,A_r,5,0.736591336789745,0.7360339940250432,-0.0005573427647017,-0.0167565419190728,0.0141450609739184,0.0018367127002257,2,0.01299548697886348,外推k=5,-0.030348398063403864,0.029233712534000464,0.015199518009541921,False,False,0.020547669078134524,-0.043692902822701184,0.04257821729329778,False,1.0,"out/results/_head_a_all_b11/delta_vs_reference.csv(seed [42, 123, 456, 789, 2024])"
w/o site deletion,v10_abl_no_knockout,A全基因:test:网格外有位点,A_r,5,0.5713498713829458,0.5806216742113991,0.0092718028284533,-0.0397912309887282,0.055007076070506,0.0148644446961224,3,0.036846996308266704,外推k=5,-0.07711352256306428,0.09565712821997088,0.044074145607917135,False,False,0.05826021663496927,-0.11436492906991746,0.13290853472682407,False,1.0,"out/results/_head_a_all_b11/delta_vs_reference.csv(seed [42, 123, 456, 789, 2024])"
w/o site deletion,v10_abl_no_knockout,A全基因:test:网格外无位点,A_r,5,0.3685758292602287,0.3754485271590137,0.0068726978987849,-0.0438727456783619,0.0589316911613261,0.0154498680025761,3,0.03418235659611336,外推k=5,-0.07757161630617795,0.09131701210374776,0.04308383377804228,False,False,0.054047051317899254,-0.11087204048108583,0.12461743627865564,False,1.0,"out/results/_head_a_all_b11/delta_vs_reference.csv(seed [42, 123, 456, 789, 2024])"
w/o site deletion,v10_abl_no_knockout,A全基因:val:全部,A_r,5,0.7413070004618456,0.7402922503206832,-0.0010147501411623,-0.0112757002373151,0.0093958063315752,0.0056294594177374,4,0.0040592585493244085,外推k=5,-0.014058065178785297,0.012028564896460696,0.0066547525702158146,False,False,0.00641825131368804,-0.017295980868331774,0.015266480586007174,False,0.375,"out/results/_head_a_all_b11/delta_vs_reference.csv(seed [42, 123, 456, 789, 2024])"
w/o site deletion,v10_abl_no_knockout,A全基因:val:网格,A_r,5,0.6058616104725953,0.5966314069536125,-0.0092302035189828,-0.0286754031087261,0.0091274625629172,-0.0038256051096781,2,0.009416941211262778,外推k=5,-0.03564861700880492,0.01718820997083932,0.013478782392766389,False,False,0.014889491409747619,-0.0439999487499652,0.025539541711999597,False,1.0,"out/results/_head_a_all_b11/delta_vs_reference.csv(seed [42, 123, 456, 789, 2024])"
w/o site deletion,v10_abl_no_knockout,A全基因:val:网格外,A_r,5,0.7764247886509974,0.7756511423156371,-0.0007736463353602,-0.0176078079520337,0.0154239452063802,0.0064608321904551,3,0.0038871923967858605,外推k=5,-0.018962152930596176,0.017414860259875774,0.009279850303691824,False,False,0.0061461908385661524,-0.021216081651216318,0.019668788980495917,False,1.0,"out/results/_head_a_all_b11/delta_vs_reference.csv(seed [42, 123, 456, 789, 2024])"
w/o site deletion,v10_abl_no_knockout,A全基因:val:网格外有位点,A_r,5,0.6601722681731003,0.646785191868287,-0.0133870763048132,-0.0704336237695753,0.0347837175624506,0.005370891229203,2,0.017543523291718034,外推k=5,-0.07623627259251822,0.04946211998289182,0.03206591647331889,False,False,0.027738745893021784,-0.08904119279002945,0.06226704018040305,False,1.0,"out/results/_head_a_all_b11/delta_vs_reference.csv(seed [42, 123, 456, 789, 2024])"
w/o site deletion,v10_abl_no_knockout,A全基因:val:网格外无位点,A_r,5,0.2532425558935838,0.2887207254169706,0.0354781695233868,-0.0119738388578224,0.0946670414111487,0.0350455654444581,5,0.012663791568670067,外推k=5,-0.023336394485861882,0.09429273353263548,0.030007430616963614,False,False,0.020023212585317012,-0.030728162083130554,0.10168450112990415,False,0.0625,"out/results/_head_a_all_b11/delta_vs_reference.csv(seed [42, 123, 456, 789, 2024])"
w/o cis,v10_abl_no_cis,test,A_r_gene,2,0.5741295038654055,0.5624123037725522,-0.0117172000928532,-0.0559883741662135,0.0363209770560627,0.0013085018221245,1,0.010274100638353063,实测k=2,-0.062073554258731574,0.03863915407302517,0.0256920174315706,False,False,0.010274100638353063,-0.062073554258731574,0.03863915407302517,False,1.0,"out/results/_compare_b10/delta_vs_reference.csv(seed [42, 123])"
w/o cis,v10_abl_no_cis,test,B_r,2,0.6228146210711886,0.6235955104061364,0.0007808893349477,-0.0209091367482009,0.0252442493821524,0.0014055177085284,1,0.003675691392105757,实测k=2,-0.023394232084443547,0.02495601075433895,0.012334245622138392,False,False,0.003675691392105757,-0.023394232084443547,0.02495601075433895,False,1.0,"out/results/_compare_b10/delta_vs_reference.csv(seed [42, 123])"
w/o cis,v10_abl_no_cis,test,B_sign_acc,2,0.7738933601609658,0.7718812877263581,-0.0020120724346076,-0.0189860296692403,0.0136603646478806,0.0015090543259557,1,0.007000209840760574,实测k=2,-0.023335684965933412,0.019311540096718212,0.010879394148635618,False,False,0.007000209840760574,-0.023335684965933412,0.019311540096718212,False,1.0,"out/results/_compare_b10/delta_vs_reference.csv(seed [42, 123])"
w/o cis,v10_abl_no_cis,test,B_r_within_tf,2,0.5801145513015202,0.5844669995957026,0.0043524482941823,-0.0199703390078082,0.0312529187197046,0.0053257229452407,1,0.006744867850283955,实测k=2,-0.024469806522934935,0.03317470311129953,0.01470523204954961,False,False,0.006744867850283955,-0.024469806522934935,0.03317470311129953,False,1.0,"out/results/_compare_b10/delta_vs_reference.csv(seed [42, 123])"
w/o cis,v10_abl_no_cis,test,C_auroc_down,2,0.9040136121435292,0.9059049299182,0.0018913177746706,-0.0047131833059224,0.0079733479820153,0.0019226672037483,2,0.003097315879464303,实测k=2,-0.006888824168292786,0.010671459717633986,0.004479664256613973,False,False,0.003097315879464303,-0.006888824168292786,0.010671459717633986,False,0.5,"out/results/_compare_b10/delta_vs_reference.csv(seed [42, 123])"
w/o cis,v10_abl_no_cis,test,C_auprc_down,2,0.3724961930618501,0.37778635302194,0.0052901599600898,-0.0109260265011987,0.0229141226367119,0.0072989423102879,2,0.006368590085272397,实测k=2,-0.01573601767807186,0.026316337598251457,0.010727641652123296,False,False,0.006368590085272397,-0.01573601767807186,0.026316337598251457,False,0.5,"out/results/_compare_b10/delta_vs_reference.csv(seed [42, 123])"
w/o cis,v10_abl_no_cis,test,C_auroc_up,2,0.8842579854189302,0.8781862076329989,-0.0060717777859312,-0.0153656283659946,0.0025104228227372,-0.0024386008626007,1,0.005323271719700159,实测k=2,-0.019810357508711105,0.0076668019368487045,0.007009479450397911,False,False,0.005323271719700159,-0.019810357508711105,0.0076668019368487045,False,1.0,"out/results/_compare_b10/delta_vs_reference.csv(seed [42, 123])"
w/o cis,v10_abl_no_cis,test,C_auprc_up,2,0.2432891688824424,0.2476255282316478,0.0043363593492053,-0.011250163839144,0.0186090592311373,0.0041983753806451,2,0.00973153805957547,实测k=2,-0.019885608032947658,0.028558326731358254,0.012358146623547426,False,False,0.00973153805957547,-0.019885608032947658,0.028558326731358254,False,0.5,"out/results/_compare_b10/delta_vs_reference.csv(seed [42, 123])"
w/o cis,v10_abl_no_cis,test,C_macro_f1_offset,2,0.5548478766999034,0.5546071198859229,-0.0002407568139805,-0.0100401369889583,0.0080872277955053,4.7724979388874544e-05,1,0.00550177644163204,实测k=2,-0.01432741073853875,0.013845897110577751,0.00718706832885625,False,False,0.00550177644163204,-0.01432741073853875,0.013845897110577751,False,1.0,"out/results/_compare_b10/delta_vs_reference.csv(seed [42, 123])"
w/o cis,v10_abl_no_cis,A全基因:test:全部,A_r,2,0.7145155070943526,0.7101064208766812,-0.0044090862176714,-0.0291008463659504,0.0193428484922708,0.0116478912630049,1,0.011438173905083554,实测k=2,-0.03741365289201561,0.02859548045667281,0.016839064629767454,False,False,0.011438173905083554,-0.03741365289201561,0.02859548045667281,False,1.0,"out/results/_head_a_all_b10/delta_vs_reference.csv(seed [42, 123])"
w/o cis,v10_abl_no_cis,A全基因:test:网格,A_r,2,0.5741227771429007,0.562404234103116,-0.0117185430397847,-0.0555510983001485,0.0310789619310418,0.0013037510951419,1,0.010273585587882772,实测k=2,-0.05948526264669729,0.03604817656712789,0.02437077530964928,False,False,0.010273585587882772,-0.05948526264669729,0.03604817656712789,False,1.0,"out/results/_head_a_all_b10/delta_vs_reference.csv(seed [42, 123])"
w/o cis,v10_abl_no_cis,A全基因:test:网格外,A_r,2,0.7314869225615371,0.729611164237846,-0.0018757583236911,-0.0455303343721744,0.0497633221710587,0.0224404711644965,2,0.020547669078134524,实测k=2,-0.06426301279544333,0.06051149614806113,0.031830231873342975,False,False,0.020547669078134524,-0.06426301279544333,0.06051149614806113,False,0.5,"out/results/_head_a_all_b10/delta_vs_reference.csv(seed [42, 123])"
w/o cis,v10_abl_no_cis,A全基因:test:网格外有位点,A_r,2,0.5903334904996316,0.6192213029358664,0.0288878124362348,-0.074956458148681,0.1340240820164491,0.0470532118828759,2,0.05826021663496927,实测k=2,-0.12589454528296,0.18367017015542964,0.07897059067305859,False,False,0.05826021663496927,-0.12589454528296,0.18367017015542964,False,0.5,"out/results/_head_a_all_b10/delta_vs_reference.csv(seed [42, 123])"
w/o cis,v10_abl_no_cis,A全基因:test:网格外无位点,A_r,2,0.3437534829072095,,,,,,0,0.054047051317899254,实测k=2,,,,False,False,0.054047051317899254,,,False,0.5,"out/results/_head_a_all_b10/delta_vs_reference.csv(seed [42, 123])"
w/o cis,v10_abl_no_cis,A全基因:val:全部,A_r,2,0.7269153664767573,0.703008148852914,-0.0239072176238432,-0.0533882402034751,0.0020482332363739,-0.0084401697030794,1,0.00641825131368804,实测k=2,-0.05434652321539998,0.006532087967713578,0.015530257954875908,False,False,0.00641825131368804,-0.05434652321539998,0.006532087967713578,False,1.0,"out/results/_head_a_all_b10/delta_vs_reference.csv(seed [42, 123])"
w/o cis,v10_abl_no_cis,A全基因:val:网格,A_r,2,0.5878192667555563,0.5447739683834063,-0.0430452983721499,-0.0919593633053548,0.0043780059585426,-0.0236111573836946,0,0.014889491409747619,实测k=2,-0.09936486157493474,0.01327426483063495,0.028734471021829005,False,False,0.014889491409747619,-0.09936486157493474,0.01327426483063495,False,0.5,"out/results/_head_a_all_b10/delta_vs_reference.csv(seed [42, 123])"
w/o cis,v10_abl_no_cis,A全基因:val:网格外,A_r,2,0.7634235002185736,0.7553634927884947,-0.0080600074300789,-0.0524916152858561,0.0336896140409679,0.0050762392433569,2,0.0061461908385661524,实测k=2,-0.05280282869264595,0.03668281383248814,0.022827970031921965,False,False,0.0061461908385661524,-0.05280282869264595,0.03668281383248814,False,0.5,"out/results/_head_a_all_b10/delta_vs_reference.csv(seed [42, 123])"
w/o cis,v10_abl_no_cis,A全基因:val:网格外有位点,A_r,2,0.6327088509639343,0.5749592326857578,-0.0577496182781764,-0.1583164045558326,0.0388465393802142,-0.0497627481475869,0,0.027738745893021784,实测k=2,-0.17032927775223877,0.054830041195885984,0.05743860177248081,False,False,0.027738745893021784,-0.17032927775223877,0.054830041195885984,False,0.5,"out/results/_head_a_all_b10/delta_vs_reference.csv(seed [42, 123])"
w/o cis,v10_abl_no_cis,A全基因:val:网格外无位点,A_r,2,0.2173941142986864,,,,,,0,0.020023212585317012,实测k=2,,,,False,False,0.020023212585317012,,,False,0.5,"out/results/_head_a_all_b10/delta_vs_reference.csv(seed [42, 123])"
lambda_A=0.3,v10_lambda_a03,test,A_r_gene,2,0.5741295038654055,0.5624468811467542,-0.0116826227186512,-0.0360610548950329,0.0140875907431142,-0.0121906986068803,1,0.010274100638353063,实测k=2,-0.04384206905942488,0.020476823622122484,0.01640788078610902,False,False,0.010274100638353063,-0.04384206905942488,0.020476823622122484,False,1.0,"out/results/_compare_b10/delta_vs_reference.csv(seed [42, 123])"
lambda_A=0.3,v10_lambda_a03,test,B_r,2,0.6228146210711886,0.6239916291350696,0.0011770080638809,-0.0126935936260676,0.0150171360083404,-0.0017758210656779,0,0.003675691392105757,实测k=2,-0.014439453348223694,0.016793469475985492,0.007967582353114589,False,False,0.003675691392105757,-0.014439453348223694,0.016793469475985492,False,0.5,"out/results/_compare_b10/delta_vs_reference.csv(seed [42, 123])"
lambda_A=0.3,v10_lambda_a03,test,B_sign_acc,2,0.7738933601609658,0.77238430583501,-0.0015090543259557,-0.0223636004062093,0.0190234640889392,-0.0007545271629778,1,0.007000209840760574,实测k=2,-0.02633790775881229,0.023319799106900893,0.012667782363702343,False,False,0.007000209840760574,-0.02633790775881229,0.023319799106900893,False,1.0,"out/results/_compare_b10/delta_vs_reference.csv(seed [42, 123])"
lambda_A=0.3,v10_lambda_a03,test,B_r_within_tf,2,0.5801145513015202,0.5807047141917321,0.0005901628902118,-0.0156139808457165,0.0162561424685624,-0.0022698956094171,0,0.006744867850283955,实测k=2,-0.0201147406281549,0.021295066408578495,0.010563726284880968,False,False,0.006744867850283955,-0.0201147406281549,0.021295066408578495,False,0.5,"out/results/_compare_b10/delta_vs_reference.csv(seed [42, 123])"
lambda_A=0.3,v10_lambda_a03,test,C_auroc_down,2,0.9040136121435292,0.9120219766216244,0.0080083644780952,0.0027998105130533,0.0134366254875602,0.0086375436400399,2,0.003097315879464303,实测k=2,-6.252963031081263e-05,0.01607925858650121,0.00411780311653368,True,False,0.003097315879464303,-6.252963031081263e-05,0.01607925858650121,False,0.5,"out/results/_compare_b10/delta_vs_reference.csv(seed [42, 123])"
lambda_A=0.3,v10_lambda_a03,test,C_auprc_down,2,0.3724961930618501,0.3576296231548794,-0.0148665699069707,-0.0285348808112681,-0.0004203520754831,-0.0122783998222819,1,0.006368590085272397,实测k=2,-0.033665982242502404,0.003932842428561005,0.009591536905883522,True,False,0.006368590085272397,-0.033665982242502404,0.003932842428561005,False,1.0,"out/results/_compare_b10/delta_vs_reference.csv(seed [42, 123])"
lambda_A=0.3,v10_lambda_a03,test,C_auroc_up,2,0.8842579854189302,0.8880284370644431,0.0037704516455129,-0.0020661609940665,0.0101936320867965,0.0057601647612377,2,0.005323271719700159,实测k=2,-0.008330618673679256,0.015871521964705055,0.00617401546897559,False,False,0.005323271719700159,-0.008330618673679256,0.015871521964705055,False,0.5,"out/results/_compare_b10/delta_vs_reference.csv(seed [42, 123])"
lambda_A=0.3,v10_lambda_a03,test,C_auprc_up,2,0.2432891688824424,0.2555013508835257,0.0122121820010832,-0.0022512623105276,0.0253842309312716,0.0075660170368838,2,0.00973153805957547,实测k=2,-0.011340748282668315,0.03576511228483471,0.012016801165179345,False,False,0.00973153805957547,-0.011340748282668315,0.03576511228483471,False,0.5,"out/results/_compare_b10/delta_vs_reference.csv(seed [42, 123])"
lambda_A=0.3,v10_lambda_a03,test,C_macro_f1_offset,2,0.5548478766999034,0.5588701165779043,0.0040222398780008,-0.0042593807822467,0.0115864720833946,0.001180466250689,1,0.00550177644163204,实测k=2,-0.00935895003705936,0.017403429793060962,0.006827137711765388,False,False,0.00550177644163204,-0.00935895003705936,0.017403429793060962,False,1.0,"out/results/_compare_b10/delta_vs_reference.csv(seed [42, 123])"
lambda_A=0.3,v10_lambda_a03,A全基因:test:全部,A_r,2,0.7145155070943526,0.7093443819707047,-0.0051711251236479,-0.0197637171506697,0.0090875892366351,-0.0019036049303067,1,0.011438173905083554,实测k=2,-0.03183013858149465,0.021487888334198856,0.013601537478493244,False,False,0.011438173905083554,-0.03183013858149465,0.021487888334198856,False,1.0,"out/results/_head_a_all_b10/delta_vs_reference.csv(seed [42, 123])"
lambda_A=0.3,v10_lambda_a03,A全基因:test:网格,A_r,2,0.5741227771429007,0.5624378423296031,-0.0116849348132975,-0.037674681541148,0.0140559430707651,-0.0121928669605284,1,0.010273585587882772,实测k=2,-0.04446422780102315,0.021094358174428153,0.01672412907537023,False,False,0.010273585587882772,-0.04446422780102315,0.021094358174428153,False,1.0,"out/results/_head_a_all_b10/delta_vs_reference.csv(seed [42, 123])"
lambda_A=0.3,v10_lambda_a03,A全基因:test:网格外,A_r,2,0.7314869225615371,0.7237113697865399,-0.0077755527749971,-0.0362064904585971,0.0184892459364041,-0.0006044799390885,1,0.020547669078134524,实测k=2,-0.056456711051337594,0.040905605501343395,0.02483732565119413,False,False,0.020547669078134524,-0.056456711051337594,0.040905605501343395,False,1.0,"out/results/_head_a_all_b10/delta_vs_reference.csv(seed [42, 123])"
lambda_A=0.3,v10_lambda_a03,A全基因:test:网格外有位点,A_r,2,0.5903334904996316,0.5686725963532906,-0.0216608941463409,-0.0930785863383923,0.0494327417798663,-0.0093974286322921,1,0.05826021663496927,实测k=2,-0.15625930193667434,0.11293751364399254,0.0686726570358844,False,False,0.05826021663496927,-0.15625930193667434,0.11293751364399254,False,1.0,"out/results/_head_a_all_b10/delta_vs_reference.csv(seed [42, 123])"
lambda_A=0.3,v10_lambda_a03,A全基因:test:网格外无位点,A_r,2,0.3437534829072095,0.311797126390716,-0.0319563565164934,-0.1294167106565958,0.0630988142916,-0.0323287905096549,0,0.054047051317899254,实测k=2,-0.17508983336304632,0.11117712033005953,0.07302728410538414,False,False,0.054047051317899254,-0.17508983336304632,0.11117712033005953,False,0.5,"out/results/_head_a_all_b10/delta_vs_reference.csv(seed [42, 123])"
lambda_A=0.3,v10_lambda_a03,A全基因:val:全部,A_r,2,0.7269153664767573,0.7010476781723515,-0.0258676883044057,-0.0429547689174413,-0.0104947725534842,-0.0209318475308351,0,0.00641825131368804,实测k=2,-0.04640213543651607,-0.00533324117229533,0.010476758740872637,True,True,0.00641825131368804,-0.04640213543651607,-0.00533324117229533,True,0.5,"out/results/_head_a_all_b10/delta_vs_reference.csv(seed [42, 123])"
lambda_A=0.3,v10_lambda_a03,A全基因:val:网格,A_r,2,0.5878192667555563,0.5644000815707524,-0.0234191851848039,-0.0513157490838643,0.0015795922377551,-0.016189130723659,1,0.014889491409747619,实测k=2,-0.06280383071530221,0.015965460345694408,0.020094206903315464,False,False,0.014889491409747619,-0.06280383071530221,0.015965460345694408,False,1.0,"out/results/_head_a_all_b10/delta_vs_reference.csv(seed [42, 123])"
lambda_A=0.3,v10_lambda_a03,A全基因:val:网格外,A_r,2,0.7634235002185736,0.7212231204708209,-0.0422003797477527,-0.0770561576707609,-0.0137876279238503,-0.0400908557274355,0,0.0061461908385661524,实测k=2,-0.07605072238334937,-0.008350037112156046,0.017270582977345232,True,True,0.0061461908385661524,-0.07605072238334937,-0.008350037112156046,True,0.5,"out/results/_head_a_all_b10/delta_vs_reference.csv(seed [42, 123])"
lambda_A=0.3,v10_lambda_a03,A全基因:val:网格外有位点,A_r,2,0.6327088509639343,0.5222336084422886,-0.1104752425216456,-0.2067976554358007,-0.0211508953271064,-0.1102737537059367,0,0.027738745893021784,实测k=2,-0.21804871972038373,-0.002901765322907479,0.05488442714221333,True,True,0.027738745893021784,-0.21804871972038373,-0.002901765322907479,True,0.5,"out/results/_head_a_all_b10/delta_vs_reference.csv(seed [42, 123])"
lambda_A=0.3,v10_lambda_a03,A全基因:val:网格外无位点,A_r,2,0.2173941142986864,0.1411027288451036,-0.0762913854535828,-0.1561071060458114,0.0093387492722384,-0.0658523608081545,0,0.020023212585317012,实测k=2,-0.1678517031088703,0.015268932201704694,0.046714447783309944,False,False,0.020023212585317012,-0.1678517031088703,0.015268932201704694,False,0.5,"out/results/_head_a_all_b10/delta_vs_reference.csv(seed [42, 123])"
