block,variant,metric,value,ci_lo,ci_hi,seed_mean,seed_std,n_seeds,source,n_genes,n_tf
B/C(test 全部行),perhead,A_r_gene,0.5934556753537061,0.5476778482201771,0.6433532572269209,0.5382735732293575,0.0122070476855377,5.0,out/results/_compare/headline_all_seeds.csv,,
B/C(test 全部行),perhead,B_r,0.6348029275583341,0.5971585531700825,0.6741247420437786,0.5987383687636912,0.0036580840634962,5.0,out/results/_compare/headline_all_seeds.csv,,
B/C(test 全部行),perhead,B_sign_acc,0.778169014084507,0.7510573965562795,0.8009162287771233,0.7525653923541248,0.0097128094710964,5.0,out/results/_compare/headline_all_seeds.csv,,
B/C(test 全部行),perhead,B_r_within_tf,0.5915106485346854,0.5504917198354157,0.6365302847943469,0.553569856241069,0.0069100776609705,5.0,out/results/_compare/headline_all_seeds.csv,,
B/C(test 全部行),perhead,B_dr,0.3691515573171963,0.339447043781436,0.3962920530065093,0.3319470041440991,0.0064872107673616,5.0,out/results/_compare/headline_all_seeds.csv,,
B/C(test 全部行),perhead,B_dr_ns,0.2017527104693704,0.1791057227551991,0.224725829231063,0.1772656564818926,0.0084206899472531,5.0,out/results/_compare/headline_all_seeds.csv,,
B/C(test 全部行),perhead,C_auroc_down,0.9105852776126075,0.8952991853084016,0.9233471008322988,0.8928315887331892,0.0040914748976689,5.0,out/results/_compare/headline_all_seeds.csv,,
B/C(test 全部行),perhead,C_auprc_down,0.3876434676729405,0.3495625395876517,0.4255991652129436,0.3501569608811571,0.0081448077898827,5.0,out/results/_compare/headline_all_seeds.csv,,
B/C(test 全部行),perhead,C_auroc_up,0.892173265469716,0.8796830371681893,0.904753984433157,0.8724248449007284,0.0055797515732156,5.0,out/results/_compare/headline_all_seeds.csv,,
B/C(test 全部行),perhead,C_auprc_up,0.2630590354924281,0.230996532950492,0.298340036135825,0.2349025307537064,0.0077502512415167,5.0,out/results/_compare/headline_all_seeds.csv,,
B/C(test 全部行),perhead,C_macro_f1_offset,0.5687570165876116,0.5539342219194844,0.5826694000594584,0.5501100996777163,0.0047085184060123,5.0,out/results/_compare/headline_all_seeds.csv,,
B/C(test 全部行),selected,A_r_gene,0.5683723288427399,0.5190644317500793,0.6161158443390956,0.5182665687080144,0.0126399269494908,5.0,out/results/_compare/headline_all_seeds.csv,,
B/C(test 全部行),selected,B_r,0.6383389599847076,0.6016569208208461,0.676893950899393,0.6024730688848494,0.0072058923642044,5.0,out/results/_compare/headline_all_seeds.csv,,
B/C(test 全部行),selected,B_sign_acc,0.7867203219315896,0.7607431961091157,0.8103305165246765,0.7616197183098592,0.0021891403568399,5.0,out/results/_compare/headline_all_seeds.csv,,
B/C(test 全部行),selected,B_r_within_tf,0.5961204913830913,0.5553456851024414,0.6401887887768583,0.5584099510971294,0.0077629299739752,5.0,out/results/_compare/headline_all_seeds.csv,,
B/C(test 全部行),selected,B_dr,0.3751263433666553,0.3458353304787153,0.4032240598155704,0.3390611137614955,0.0029337533090244,5.0,out/results/_compare/headline_all_seeds.csv,,
B/C(test 全部行),selected,B_dr_ns,0.2086832639853729,0.1860027635966887,0.2317981726631103,0.1844577439115428,0.0042348790803848,5.0,out/results/_compare/headline_all_seeds.csv,,
B/C(test 全部行),selected,C_auroc_down,0.914079234409281,0.8995961459042966,0.926165358246536,0.8960212630317829,0.0056909824058591,5.0,out/results/_compare/headline_all_seeds.csv,,
B/C(test 全部行),selected,C_auprc_down,0.3931700389544731,0.3555687615286031,0.4310993352929517,0.3545518865858854,0.0092419575238883,5.0,out/results/_compare/headline_all_seeds.csv,,
B/C(test 全部行),selected,C_auroc_up,0.8901619012980962,0.8782243829729104,0.9034241020790704,0.8678471316089192,0.0063732106039774,5.0,out/results/_compare/headline_all_seeds.csv,,
B/C(test 全部行),selected,C_auprc_up,0.2613849391426309,0.2301620059213583,0.2968524443193842,0.2314410700798281,0.010459048909218,5.0,out/results/_compare/headline_all_seeds.csv,,
B/C(test 全部行),selected,C_macro_f1_offset,0.5684949427452729,0.5543163102150785,0.5822295873303627,0.5499971350394549,0.007074872898234,5.0,out/results/_compare/headline_all_seeds.csv,,
B/C(test 全部行),perhead+stack,C_auroc_down,0.9210511089799028,0.908629391320051,0.9313636085508848,,,5.0,out/results/_compare/headline_all_seeds.csv,,
B/C(test 全部行),perhead+stack,C_auprc_down,0.3860809106440377,0.3512941187647489,0.4228939112974526,,,5.0,out/results/_compare/headline_all_seeds.csv,,
B/C(test 全部行),perhead+stack,C_auroc_up,0.8976646868375328,0.8857458868380684,0.9089409389043158,,,5.0,out/results/_compare/headline_all_seeds.csv,,
B/C(test 全部行),perhead+stack,C_auprc_up,0.2659125021579912,0.2358487448528469,0.2975956471069269,,,5.0,out/results/_compare/headline_all_seeds.csv,,
B/C(test 全部行),perhead+stack,C_macro_f1_offset,0.5669908997377903,0.5530019027004486,0.5799252271349444,,,5.0,out/results/_compare/headline_all_seeds.csv,,
B/C(test 全部行),selected+stack,C_auroc_down,0.9230777222984776,0.9115112770498112,0.933066272131729,,,5.0,out/results/_compare/headline_all_seeds.csv,,
B/C(test 全部行),selected+stack,C_auprc_down,0.3905775941836089,0.3559857509142204,0.4268610446826545,,,5.0,out/results/_compare/headline_all_seeds.csv,,
B/C(test 全部行),selected+stack,C_auroc_up,0.8980358632414649,0.8865987146870308,0.909254443712539,,,5.0,out/results/_compare/headline_all_seeds.csv,,
B/C(test 全部行),selected+stack,C_auprc_up,0.2673354618143776,0.2383733862496029,0.2983246389177332,,,5.0,out/results/_compare/headline_all_seeds.csv,,
B/C(test 全部行),selected+stack,C_macro_f1_offset,0.5683983860556294,0.5548849862842232,0.5810901357247005,,,5.0,out/results/_compare/headline_all_seeds.csv,,
Head A(1108 基因分层),perhead,A_r:全部,0.7281989287172044,0.6941321771481933,0.7587778007766258,0.6824962464823316,0.0122606266008623,5.0,out/results/_head_a_all/metrics_all_seeds.csv,1108.0,
Head A(1108 基因分层),perhead,A_r:网格,0.5934572213425042,0.5440617078240384,0.6420769345907613,0.5382742303680239,0.0122058006565365,5.0,out/results/_head_a_all/metrics_all_seeds.csv,820.0,
Head A(1108 基因分层),perhead,A_r:网格外,0.736591336789745,0.6735299851615069,0.7931801447795875,0.6899232658985841,0.0183285731111449,5.0,out/results/_head_a_all/metrics_all_seeds.csv,288.0,
Head A(1108 基因分层),perhead,A_r:网格外有位点,0.5713498713829458,0.410044671227648,0.7019963125905637,0.4992888657071658,0.0453063029590967,5.0,out/results/_head_a_all/metrics_all_seeds.csv,136.0,
Head A(1108 基因分层),perhead,A_r:网格外无位点,0.3685758292602287,0.2225453602599425,0.5129024981036899,0.2937405591796028,0.0424237882091439,5.0,out/results/_head_a_all/metrics_all_seeds.csv,152.0,
Head A(1108 基因分层),perhead,A_r:组内中心化,0.563199766459636,0.5138896046772059,0.6109377364250578,,,,out/results/_baselines/table1_head_a.csv,1108.0,
Head C TF 内 AUROC,perhead,wTF_pooled_dn,0.7739276000859298,0.7497781009620648,0.7987070700919181,,,,out/results/_baselines/table3_within_tf_auc.csv,,57.0
Head C TF 内 AUROC,perhead,wTF_median_dn,0.7636631406948744,0.7355955086268902,0.8092569584856031,,,,out/results/_baselines/table3_within_tf_auc.csv,,57.0
Head C TF 内 AUROC,perhead,wTF_pooled_up,0.7537031419976783,0.7282994146002171,0.7735003708476551,,,,out/results/_baselines/table3_within_tf_auc.csv,,62.0
Head C TF 内 AUROC,perhead,wTF_median_up,0.7510295507547611,0.7190002414314711,0.7910925236962217,,,,out/results/_baselines/table3_within_tf_auc.csv,,62.0
