label,run,scope,metric,k,ref,value,delta,ci_lo,ci_hi,seed_delta,seeds_better,null_rms,null_how,tot_lo,tot_hi,tot_sd,test_sig,tot_sig,null_rms_cons,cons_lo,cons_hi,cons_sig,sign_p,source,pair
w/o position,v5_abl_no_position,test,A_r_gene,3,0.5640354827202145,0.518531273104597,-0.0455042096156175,-0.072278151027299,-0.0186374614058093,-0.0370025992808703,1,0.008388768043322644,外推k=3,-0.07696322705906669,-0.014045192172168298,0.016050519103800613,True,True,0.010274100638353063,-0.07904283242391477,-0.011965586807320232,True,1.0,"out/results/_compare_pos/delta_vs_reference.csv(seed [42, 123, 456])",w/o position vs v3
w/o position,v5_abl_no_position,test,B_r,3,0.6172239673407948,0.5921970068379184,-0.0250269605028763,-0.0427839387459431,-0.0087299689681408,-0.0243739888998608,0,0.0030011894541998245,外推k=3,-0.04304140016347893,-0.007012520842273669,0.009191040643164608,True,True,0.003675691392105757,-0.0435153608453831,-0.006538560160369505,True,0.25,"out/results/_compare_pos/delta_vs_reference.csv(seed [42, 123, 456])",w/o position vs v3
w/o position,v5_abl_no_position,test,B_sign_acc,3,0.7751509054325956,0.7429577464788732,-0.0321931589537223,-0.0505490592716168,-0.0152147559712013,-0.0250670690811535,0,0.00571564740075763,外推k=3,-0.053112720087679144,-0.011273597819765457,0.010673245476508594,True,True,0.007000209840760574,-0.054562287978794276,-0.009824029928650328,True,0.25,"out/results/_compare_pos/delta_vs_reference.csv(seed [42, 123, 456])",w/o position vs v3
w/o position,v5_abl_no_position,test,B_r_within_tf,3,0.5717635529238853,0.542760386457189,-0.0290031664666962,-0.0493258124532328,-0.0095311818225622,-0.0283472058366565,0,0.005507161538566191,外推k=3,-0.051639738274648225,-0.00636659465874417,0.01154927133058777,True,True,0.006744867850283955,-0.05289186664996098,-0.005114466283431422,True,0.25,"out/results/_compare_pos/delta_vs_reference.csv(seed [42, 123, 456])",w/o position vs v3
w/o position,v5_abl_no_position,test,C_auroc_down,3,0.908700347059376,0.9108724187008552,0.0021720716414791,-0.0045776149338178,0.0093366691917171,0.0004150416491075,2,0.002528947825635756,外推k=3,-0.006370239210233159,0.010714382493191359,0.0043583218631184995,False,False,0.003097315879464303,-0.007061329638122987,0.011405472921081187,False,1.0,"out/results/_compare_pos/delta_vs_reference.csv(seed [42, 123, 456])",w/o position vs v3
w/o position,v5_abl_no_position,test,C_auprc_down,3,0.3838132226180516,0.3475086483954354,-0.0363045742226162,-0.0517710940206579,-0.0218268089441429,-0.0334426652853084,0,0.005199932029955128,外推k=3,-0.05441642671265472,-0.01819272173257769,0.009240741066346179,True,True,0.006368590085272397,-0.055797554365180885,-0.016811594080051517,True,0.25,"out/results/_compare_pos/delta_vs_reference.csv(seed [42, 123, 456])",w/o position vs v3
w/o position,v5_abl_no_position,test,C_auroc_up,3,0.8852298934793458,0.8848784760290457,-0.0003514174503,-0.0075302018032702,0.0077809425681887,0.0001913005487981,2,0.004346433158484436,外推k=3,-0.011804857967163941,0.011102023066563941,0.005843592100440787,False,False,0.005323271719700159,-0.013292362422154013,0.012589527521554013,False,1.0,"out/results/_compare_pos/delta_vs_reference.csv(seed [42, 123, 456])",w/o position vs v3
w/o position,v5_abl_no_position,test,C_auprc_up,3,0.2525505511462474,0.2388427767667578,-0.0137077743794896,-0.0271081338428383,-0.0011877072437015,-0.013398326111959,0,0.007945767552811409,外推k=3,-0.03396875652790056,0.006553207768921361,0.010337235790005592,True,False,0.00973153805957547,-0.03676807645995218,0.009352527700972975,False,0.25,"out/results/_compare_pos/delta_vs_reference.csv(seed [42, 123, 456])",w/o position vs v3
w/o position,v5_abl_no_position,test,C_macro_f1_offset,3,0.5637152536005529,0.5516136130006754,-0.0121016405998775,-0.020282495945518,-0.0053812182051936,-0.0037679448434982,0,0.004492181653621271,外推k=3,-0.023635691915969845,-0.0005675892837851554,0.005884720059230788,True,True,0.00550177644163204,-0.025208718834808103,0.0010054376350531,False,0.25,"out/results/_compare_pos/delta_vs_reference.csv(seed [42, 123, 456])",w/o position vs v3
shuffled positions,v5_abl_shuffle_position,test,A_r_gene,3,0.5640354827202145,0.5451041981104413,-0.0189312846097732,-0.0439510988830608,0.0058809699725397,-0.0229871184171737,0,0.008388768043322644,外推k=3,-0.04878338092389024,0.010920811704343843,0.015230661384753593,False,False,0.010274100638353063,-0.050967468772643104,0.013104899553096707,False,0.25,"out/results/_compare_pos/delta_vs_reference.csv(seed [42, 123, 456])",shuffled positions vs v3
shuffled positions,v5_abl_shuffle_position,test,B_r,3,0.6172239673407948,0.5980089882892629,-0.0192149790515319,-0.0336460578283026,-0.0052554697544167,-0.0175083629138874,0,0.0030011894541998245,外推k=3,-0.03458079158045119,-0.0038491665226126105,0.00783970026985678,True,True,0.003675691392105757,-0.035133807702321676,-0.0032961504007421247,True,0.25,"out/results/_compare_pos/delta_vs_reference.csv(seed [42, 123, 456])",shuffled positions vs v3
shuffled positions,v5_abl_shuffle_position,test,B_sign_acc,3,0.7751509054325956,0.7603118712273642,-0.0148390342052313,-0.0326623756324892,0.0038222712768339,-0.0115694164989939,0,0.00571564740075763,外推k=3,-0.03624655988267507,0.0065684914722124715,0.010922206978287639,False,False,0.007000209840760574,-0.03766516070390326,0.007987092293440657,False,0.25,"out/results/_compare_pos/delta_vs_reference.csv(seed [42, 123, 456])",shuffled positions vs v3
shuffled positions,v5_abl_shuffle_position,test,B_r_within_tf,3,0.5717635529238853,0.5494892485476441,-0.0222743043762411,-0.0386547804646404,-0.0075804327891671,-0.0207565354638672,0,0.005507161538566191,外推k=3,-0.041192945905768004,-0.003355662846714194,0.009652368127309645,True,True,0.006744867850283955,-0.04267456443713459,-0.001874044315347611,True,0.25,"out/results/_compare_pos/delta_vs_reference.csv(seed [42, 123, 456])",shuffled positions vs v3
shuffled positions,v5_abl_shuffle_position,test,C_auroc_down,3,0.908700347059376,0.9015683472129152,-0.0071319998464606,-0.0149327836202434,0.0011896375069539,-0.0084622546273775,0,0.002528947825635756,外推k=3,-0.016595210969352625,0.002331211276431425,0.004828168940251033,False,False,0.003097315879464303,-0.017223431323674515,0.0029594316307533135,False,0.25,"out/results/_compare_pos/delta_vs_reference.csv(seed [42, 123, 456])",shuffled positions vs v3
shuffled positions,v5_abl_shuffle_position,test,C_auprc_down,3,0.3838132226180516,0.3569156613942966,-0.0268975612237549,-0.0438335374377951,-0.0135346312838723,-0.0286755272131924,0,0.005199932029955128,外推k=3,-0.04515625988948871,-0.008638862558021092,0.009315662584558066,True,True,0.006368590085272397,-0.04652705819091065,-0.007268064256599149,True,0.25,"out/results/_compare_pos/delta_vs_reference.csv(seed [42, 123, 456])",shuffled positions vs v3
shuffled positions,v5_abl_shuffle_position,test,C_auroc_up,3,0.8852298934793458,0.8889850028785092,0.0037551093991634,-0.0024633757169993,0.0109865466364844,0.0016460424726898,2,0.004346433158484436,外推k=3,-0.007098397730382851,0.01460861652870965,0.005537503637523597,False,False,0.005323271719700159,-0.008658003590829254,0.016168222389156054,False,1.0,"out/results/_compare_pos/delta_vs_reference.csv(seed [42, 123, 456])",shuffled positions vs v3
shuffled positions,v5_abl_shuffle_position,test,C_auprc_up,3,0.2525505511462474,0.2423646745956583,-0.010185876550589,-0.0214026852592026,0.0009900179175312,-0.0116163101502694,0,0.007945767552811409,外推k=3,-0.029366558439881778,0.00899480533870378,0.009786062188414683,False,False,0.00973153805957547,-0.032303034870820896,0.011931281769642895,False,0.25,"out/results/_compare_pos/delta_vs_reference.csv(seed [42, 123, 456])",shuffled positions vs v3
shuffled positions,v5_abl_shuffle_position,test,C_macro_f1_offset,3,0.5637152536005529,0.5561365608803877,-0.0075786927201652,-0.0160376959538942,-0.0003030144708758,-0.0058492523122382,1,0.004492181653621271,外推k=3,-0.01938620602871964,0.004228820588389241,0.006024241483956348,True,False,0.00550177644163204,-0.02092704582554978,0.005769660385219378,False,1.0,"out/results/_compare_pos/delta_vs_reference.csv(seed [42, 123, 456])",shuffled positions vs v3
global shift,v6_abl_shift_position,test,A_r_gene,3,0.5640354827202145,0.5086308218599799,-0.0554046608602346,-0.0835122173946332,-0.0281117235797962,-0.0588057895184696,0,0.008388768043322644,外推k=3,-0.08761712058425972,-0.023192201136209477,0.016434928430625065,True,True,0.010274100638353063,-0.08965100377217101,-0.021158317948298186,True,0.25,"out/results/_compare_pos/delta_vs_reference.csv(seed [42, 123, 456])",global shift vs v3
global shift,v6_abl_shift_position,test,B_r,3,0.6172239673407948,0.6045586360169809,-0.0126653313238138,-0.0296765399084671,0.0031772849811197,-0.0097852072917235,0,0.0030011894541998245,外推k=3,-0.030113691543259442,0.004783028895631841,0.00890222460175798,False,False,0.003675691392105757,-0.030602616104037524,0.005271953456409923,False,0.25,"out/results/_compare_pos/delta_vs_reference.csv(seed [42, 123, 456])",global shift vs v3
global shift,v6_abl_shift_position,test,B_sign_acc,3,0.7751509054325956,0.7459758551307847,-0.0291750503018108,-0.0475772486741138,-0.0107253612766249,-0.0176894701542588,1,0.00571564740075763,外推k=3,-0.0507392612030986,-0.007610839400522998,0.01100214841902439,True,True,0.007000209840760574,-0.05214818868336807,-0.006201911920253534,True,1.0,"out/results/_compare_pos/delta_vs_reference.csv(seed [42, 123, 456])",global shift vs v3
global shift,v6_abl_shift_position,test,B_r_within_tf,3,0.5717635529238853,0.5552180350259401,-0.0165455178979451,-0.0362471897371647,0.0016331625974397,-0.0134705848930663,0,0.005507161538566191,外推k=3,-0.03834555229487058,0.005254516498980382,0.011122466529043614,False,False,0.006744867850283955,-0.03964307432576837,0.006552038529878172,False,0.25,"out/results/_compare_pos/delta_vs_reference.csv(seed [42, 123, 456])",global shift vs v3
global shift,v6_abl_shift_position,test,C_auroc_down,3,0.908700347059376,0.9089822033132922,0.0002818562539161,-0.007581750887796,0.0083977266364341,-0.001852458234854,1,0.002528947825635756,外推k=3,-0.009120546337581277,0.009684258845413478,0.004797144179335397,False,False,0.003097315879464303,-0.009752574422284372,0.010316286930116573,False,1.0,"out/results/_compare_pos/delta_vs_reference.csv(seed [42, 123, 456])",global shift vs v3
global shift,v6_abl_shift_position,test,C_auprc_down,3,0.3838132226180516,0.3504498119487548,-0.0333634106692967,-0.0503087791076565,-0.0187351932797021,-0.0315154782482873,0,0.005199932029955128,外推k=3,-0.05215428555429913,-0.01457253578429427,0.00958718106377675,True,True,0.006368590085272397,-0.053488868506606196,-0.013237952831987202,True,0.25,"out/results/_compare_pos/delta_vs_reference.csv(seed [42, 123, 456])",global shift vs v3
global shift,v6_abl_shift_position,test,C_auroc_up,3,0.8852298934793458,0.884085793300986,-0.0011441001783597,-0.0093250430124574,0.0087354088985211,-0.0034486338826144,0,0.004346433158484436,外推k=3,-0.013558547205497795,0.011270346848778394,0.0063339015444582114,False,False,0.005323271719700159,-0.014942841138346992,0.01265464078162759,False,0.25,"out/results/_compare_pos/delta_vs_reference.csv(seed [42, 123, 456])",global shift vs v3
global shift,v6_abl_shift_position,test,C_auprc_up,3,0.2525505511462474,0.2424136443704104,-0.010136906775837,-0.0243926424464337,0.0038271053046155,-0.0104526135277368,0,0.007945767552811409,外推k=3,-0.031151873100604917,0.010878059548930917,0.010721921594269346,False,False,0.00973153805957547,-0.03386239821553301,0.01358858466385901,False,0.25,"out/results/_compare_pos/delta_vs_reference.csv(seed [42, 123, 456])",global shift vs v3
global shift,v6_abl_shift_position,test,C_macro_f1_offset,3,0.5637152536005529,0.5492154095570662,-0.0144998440434866,-0.0235352455043168,-0.0067862526006659,-0.0082574536914155,0,0.004492181653621271,外推k=3,-0.02665116129760834,-0.0023485267893648566,0.0061996516602661955,True,True,0.00550177644163204,-0.028153256477916923,-0.0008464316090562741,True,0.25,"out/results/_compare_pos/delta_vs_reference.csv(seed [42, 123, 456])",global shift vs v3
global shift vs w/o position,v6_abl_shift_position,test,A_r_gene,3,0.518531273104597,0.5086308218599799,-0.0099004512446171,-0.0333695310111227,0.0128194682994446,-0.0218031902375992,1,0.008388768043322644,外推k=3,-0.038249962652538924,0.018449060163304727,0.014464036432613176,False,False,0.010274100638353063,-0.04054134285106168,0.020740440361827477,False,1.0,"out/results/_compare_pos/pairwise_delta.csv(seed [42, 123, 456])",global shift vs w/o position
global shift vs w/o position,v6_abl_shift_position,test,B_r,3,0.5921970068379184,0.6045586360169809,0.0123616291790624,-0.001942610006018,0.0272268228850303,0.0145887816081373,3,0.0030011894541998245,外推k=3,-0.00336464742015102,0.02808790577827582,0.008023610509802765,False,False,0.003675691392105757,-0.003905413779455906,0.028628672137580705,False,0.25,"out/results/_compare_pos/pairwise_delta.csv(seed [42, 123, 456])",global shift vs w/o position
global shift vs w/o position,v6_abl_shift_position,test,B_sign_acc,3,0.7429577464788732,0.7459758551307847,0.0030181086519114,-0.0126048657105214,0.020336198421898,0.0073775989268947,2,0.00571564740075763,外推k=3,-0.01690118393467313,0.022937401238495927,0.010162904380910474,False,False,0.007000209840760574,-0.018418498179696097,0.024454715483518893,False,1.0,"out/results/_compare_pos/pairwise_delta.csv(seed [42, 123, 456])",global shift vs w/o position
global shift vs w/o position,v6_abl_shift_position,test,B_r_within_tf,3,0.542760386457189,0.5552180350259401,0.012457648568751,-0.0027746235861588,0.0286211762509505,0.0148766209435901,3,0.005507161538566191,外推k=3,-0.006593211997418972,0.03150850913492097,0.009719826819474475,False,False,0.006744867850283955,-0.008065287418602171,0.03298058455610417,False,0.25,"out/results/_compare_pos/pairwise_delta.csv(seed [42, 123, 456])",global shift vs w/o position
global shift vs w/o position,v6_abl_shift_position,test,C_auroc_down,3,0.9108724187008552,0.9089822033132922,-0.0018902153875629,-0.0080293800716517,0.0041764336277666,-0.0022674998839615,2,0.002528947825635756,外推k=3,-0.009752449231832591,0.00597201845670679,0.004011343798096781,False,False,0.003097315879464303,-0.01049831305922394,0.00671788228409814,False,1.0,"out/results/_compare_pos/pairwise_delta.csv(seed [42, 123, 456])",global shift vs w/o position
global shift vs w/o position,v6_abl_shift_position,test,C_auprc_down,3,0.3475086483954354,0.3504498119487548,0.0029411635533194,-0.0105305933413613,0.014536769973485,0.001927187037021,3,0.005199932029955128,外推k=3,-0.013213319549665974,0.019095646656304775,0.008242083215808865,False,False,0.006368590085272397,-0.014747940396348233,0.020630267502987035,False,0.25,"out/results/_compare_pos/pairwise_delta.csv(seed [42, 123, 456])",global shift vs w/o position
global shift vs w/o position,v6_abl_shift_position,test,C_auroc_up,3,0.8848784760290457,0.884085793300986,-0.0007926827280596,-0.0071133075395274,0.0056942304408896,-0.0036399344314125,0,0.004346433158484436,外推k=3,-0.011450157638298993,0.009864792182179793,0.005437487199101731,False,False,0.005323271719700159,-0.013034762966058175,0.011449397509938975,False,0.25,"out/results/_compare_pos/pairwise_delta.csv(seed [42, 123, 456])",global shift vs w/o position
global shift vs w/o position,v6_abl_shift_position,test,C_auprc_up,3,0.2388427767667578,0.2424136443704104,0.0035708676036526,-0.0093716277598547,0.0164323056281123,0.0029457125842222,1,0.007945767552811409,外推k=3,-0.01665290586769981,0.023794641075005007,0.010318251771098168,False,False,0.00973153805957547,-0.01945674946465337,0.026598484671958567,False,1.0,"out/results/_compare_pos/pairwise_delta.csv(seed [42, 123, 456])",global shift vs w/o position
global shift vs w/o position,v6_abl_shift_position,test,C_macro_f1_offset,3,0.5516136130006754,0.5492154095570662,-0.0023982034436091,-0.0110888159690119,0.0058906588761681,-0.0044895088479172,1,0.004492181653621271,外推k=3,-0.014629227999761574,0.009832821112543372,0.0062403186510982004,False,False,0.00550177644163204,-0.01612260222051531,0.01132619533329711,False,1.0,"out/results/_compare_pos/pairwise_delta.csv(seed [42, 123, 456])",global shift vs w/o position
global shift vs shuffled positions,v6_abl_shift_position,test,A_r_gene,3,0.5451041981104413,0.5086308218599799,-0.0364733762504614,-0.0670545292972997,-0.0102473792553213,-0.0358186711012958,0,0.008388768043322644,外推k=3,-0.06929260775750548,-0.0036541447434173327,0.016744505870940854,True,True,0.010274100638353063,-0.07129106425645845,-0.001655688244464354,True,0.25,"out/results/_compare_pos/pairwise_delta.csv(seed [42, 123, 456])",global shift vs shuffled positions
global shift vs shuffled positions,v6_abl_shift_position,test,B_r,3,0.5980089882892629,0.6045586360169809,0.006549647727718,-0.009326644160366,0.0197909732070509,0.0077231556221638,2,0.0030011894541998245,外推k=3,-0.009152604727501585,0.022251900182937583,0.00801135329347938,False,False,0.003675691392105757,-0.009694170884503757,0.022793466339939755,False,1.0,"out/results/_compare_pos/pairwise_delta.csv(seed [42, 123, 456])",global shift vs shuffled positions
global shift vs shuffled positions,v6_abl_shift_position,test,B_sign_acc,3,0.7603118712273642,0.7459758551307847,-0.0143360160965795,-0.0313692816186641,0.0007668548056566,-0.0061200536552649,1,0.00571564740075763,外推k=3,-0.0339238339096121,0.005251801716453104,0.009993784598486022,False,False,0.007000209840760574,-0.03546496547839963,0.006792933285240629,False,1.0,"out/results/_compare_pos/pairwise_delta.csv(seed [42, 123, 456])",global shift vs shuffled positions
global shift vs shuffled positions,v6_abl_shift_position,test,B_r_within_tf,3,0.5494892485476441,0.5552180350259401,0.005728786478296,-0.0110059126948644,0.0214955323778174,0.0072859505708009,2,0.005507161538566191,外推k=3,-0.013780114295756596,0.025237687252348595,0.009953520803088058,False,False,0.006744867850283955,-0.015220027870997754,0.026677600827589753,False,1.0,"out/results/_compare_pos/pairwise_delta.csv(seed [42, 123, 456])",global shift vs shuffled positions
global shift vs shuffled positions,v6_abl_shift_position,test,C_auroc_down,3,0.9015683472129152,0.9089822033132922,0.0074138561003768,-0.0019030493164699,0.0164949945244214,0.0066097963925235,3,0.002528947825635756,外推k=3,-0.0030356057660827574,0.017863317966836358,0.0053313580951324276,False,False,0.003097315879464303,-0.003607753482686326,0.018435465683439924,False,0.25,"out/results/_compare_pos/pairwise_delta.csv(seed [42, 123, 456])",global shift vs shuffled positions
global shift vs shuffled positions,v6_abl_shift_position,test,C_auprc_down,3,0.3569156613942966,0.3504498119487548,-0.0064658494455417,-0.0186962532030368,0.0066901912712524,-0.0028399510350949,1,0.005199932029955128,外推k=3,-0.02274442552567096,0.00981272663458756,0.008305395959249623,False,False,0.006368590085272397,-0.024268352455345227,0.011336653564261827,False,1.0,"out/results/_compare_pos/pairwise_delta.csv(seed [42, 123, 456])",global shift vs shuffled positions
global shift vs shuffled positions,v6_abl_shift_position,test,C_auroc_up,3,0.8889850028785092,0.884085793300986,-0.0048992095775232,-0.0111973017353847,0.0015637676506623,-0.0050946763553042,1,0.004346433158484436,外推k=3,-0.015542739873026786,0.005744320717980387,0.005430372599746728,False,False,0.005323271719700159,-0.017129152105700336,0.007330732950653936,False,1.0,"out/results/_compare_pos/pairwise_delta.csv(seed [42, 123, 456])",global shift vs shuffled positions
global shift vs shuffled positions,v6_abl_shift_position,test,C_auprc_up,3,0.2423646745956583,0.2424136443704104,4.8969774752077866e-05,-0.0122713317743253,0.0111038750937387,0.0011636966225326,2,0.007945767552811409,外推k=3,-0.019422556690297205,0.01952049623980136,0.00993445227808637,False,False,0.00973153805957547,-0.02232088666875407,0.022418826218258227,False,1.0,"out/results/_compare_pos/pairwise_delta.csv(seed [42, 123, 456])",global shift vs shuffled positions
global shift vs shuffled positions,v6_abl_shift_position,test,C_macro_f1_offset,3,0.5561365608803877,0.5492154095570662,-0.0069211513233214,-0.0149569502420284,0.000740011064652,-0.0024082013791772,1,0.004492181653621271,外推k=3,-0.018716106548100134,0.004873803901457333,0.006017834298356496,False,False,0.00550177644163204,-0.020258397247757038,0.006416094601114236,False,1.0,"out/results/_compare_pos/pairwise_delta.csv(seed [42, 123, 456])",global shift vs shuffled positions
