label,run,scope,metric,k,ref,value,delta,ci_lo,ci_hi,seed_delta,seeds_better,null_rms,null_how,tot_lo,tot_hi,tot_sd,test_sig,tot_sig,null_rms_cons,cons_lo,cons_hi,cons_sig,sign_p,source,variant
v8_headA_all vs v3_ce_marker_dense,v8_headA_all,test,A_r_gene,5,0.566038677090259,0.5934556753537061,0.0274169982634471,0.0001295840151567,0.0574721132748127,0.02560201740477,5,0.006497911785397115,外推k=5,-0.003955676871415435,0.058789673398309636,0.01600646690554211,True,False,0.010274100638353063,-0.007619407653593192,0.06245340418048739,False,0.0625,"out/results/_compare/pairwise_delta.csv(seed [42, 123, 456, 789, 2024])",perhead
v8_headA_all vs v3_ce_marker_dense,v8_headA_all,test,B_r,5,0.6229182743013119,0.6348029275583341,0.0118846532570222,-0.004657635431885,0.0298919184936302,0.0088424786246298,5,0.0023247113549858494,外推k=5,-0.005980928520244264,0.029750235034288666,0.009115092743503299,False,False,0.003675691392105757,-0.0068322014982767805,0.030601508012321182,False,0.0625,"out/results/_compare/pairwise_delta.csv(seed [42, 123, 456, 789, 2024])",perhead
v8_headA_all vs v3_ce_marker_dense,v8_headA_all,test,B_sign_acc,5,0.7676056338028169,0.778169014084507,0.0105633802816901,-0.0030957705644886,0.0256257663990472,-0.0001006036217303,2,0.0044273214391856025,外推k=5,-0.00621552152237592,0.02734228208575612,0.00856066418574797,False,False,0.007000209840760574,-0.009298174473560494,0.030424935036940694,False,1.0,"out/results/_compare/pairwise_delta.csv(seed [42, 123, 456, 789, 2024])",perhead
v8_headA_all vs v3_ce_marker_dense,v8_headA_all,test,B_r_within_tf,5,0.5762409289500882,0.5915106485346854,0.0152697195845972,-0.00279811481423,0.0359394818179186,0.0112349672283353,4,0.004265828984748175,外推k=5,-0.005826656504294885,0.036366095673489286,0.010763457188210248,False,False,0.006744867850283955,-0.008180593588083469,0.03872003275727787,False,0.375,"out/results/_compare/pairwise_delta.csv(seed [42, 123, 456, 789, 2024])",perhead
v8_headA_all vs v3_ce_marker_dense,v8_headA_all,test,C_auroc_down,5,0.9096709823481754,0.9105852776126075,0.0009142952644322,-0.0039332800626046,0.0057035231088694,-0.0045964498848599,0,0.0019589145624229485,外推k=5,-0.005246755234052987,0.007075345762917387,0.0031433931114720343,False,False,0.003097315879464303,-0.006836244545804385,0.008664835074668784,False,0.0625,"out/results/_compare/pairwise_delta.csv(seed [42, 123, 456, 789, 2024])",perhead
v8_headA_all vs v3_ce_marker_dense,v8_headA_all,test,C_auprc_down,5,0.3867118573055016,0.3876434676729405,0.0009316103674389,-0.010464962561432,0.0114760982303998,-0.0025769950487897,2,0.004027850030685347,外推k=5,-0.012584196165236951,0.014447416900114751,0.006895819659528496,False,False,0.006368590085272397,-0.015686565218955537,0.01754978595383334,False,1.0,"out/results/_compare/pairwise_delta.csv(seed [42, 123, 456, 789, 2024])",perhead
v8_headA_all vs v3_ce_marker_dense,v8_headA_all,test,C_auroc_up,5,0.8905115888263274,0.892173265469716,0.0016616766433885,-0.0033899750128552,0.0073448000694763,-0.0004234611360654,1,0.0033667326476427848,外推k=5,-0.0068443775256441085,0.010167730812421108,0.004339823555628882,False,False,0.005323271719700159,-0.010071571853541095,0.013394925140318094,False,0.375,"out/results/_compare/pairwise_delta.csv(seed [42, 123, 456, 789, 2024])",perhead
v8_headA_all vs v3_ce_marker_dense,v8_headA_all,test,C_auprc_up,5,0.2597065593164518,0.2630590354924281,0.0033524761759763,-0.0069133139866835,0.0146591546816742,2.950215579222704e-05,1,0.006154765080974769,外推k=5,-0.012829829358791279,0.019534781710743878,0.00825627833406509,False,False,0.00973153805957547,-0.018559923381892655,0.025264875733845255,False,0.375,"out/results/_compare/pairwise_delta.csv(seed [42, 123, 456, 789, 2024])",perhead
v8_headA_all vs v3_ce_marker_dense,v8_headA_all,test,C_macro_f1_offset,5,0.5651371375882756,0.5687570165876116,0.003619878999336,-0.0037412106082832,0.0110854655525358,0.0004517247519276,2,0.003479628946522736,外推k=5,-0.0064534011817995104,0.01369315918047151,0.005139428663844648,False,False,0.00550177644163204,-0.009466031812581878,0.01670578981125388,False,1.0,"out/results/_compare/pairwise_delta.csv(seed [42, 123, 456, 789, 2024])",perhead
v8_headA_all vs v3_ce_marker_dense,v8_headA_all,test,A_r_gene,5,0.5436209422182422,0.5683723288427399,0.0247513866244977,-0.0009520956777534,0.0550102402319509,0.0284679961763946,5,0.009755963029407637,外推k=5,-0.00913938932419876,0.058642162573194156,0.017291212218722683,False,False,0.015425531970662197,-0.016443796295783023,0.06594656954477843,False,0.0625,"out/results/_compare/pairwise_delta.csv(seed [42, 123, 456, 789, 2024])",selected
v8_headA_all vs v3_ce_marker_dense,v8_headA_all,test,B_r,5,0.6193650654215297,0.6383389599847076,0.0189738945631778,0.0035090855736067,0.0370694380456443,0.0200110671279128,5,0.005002317358037637,外推k=5,-0.0004606972454552112,0.03840848637181081,0.009915608065629088,True,False,0.007909358215197464,-0.0038711689112949435,0.041818958037650546,False,0.0625,"out/results/_compare/pairwise_delta.csv(seed [42, 123, 456, 789, 2024])",selected
v8_headA_all vs v3_ce_marker_dense,v8_headA_all,test,B_sign_acc,5,0.7686116700201208,0.7867203219315896,0.0181086519114688,0.0050497654698312,0.0323811313608648,0.0101609657947685,5,0.002780739428789791,外推k=5,0.0033962045424484263,0.03282109928048917,0.007506350698479783,True,True,0.004396735087205668,0.0019527262674704539,0.03426457755546715,True,0.0625,"out/results/_compare/pairwise_delta.csv(seed [42, 123, 456, 789, 2024])",selected
v8_headA_all vs v3_ce_marker_dense,v8_headA_all,test,B_r_within_tf,5,0.5714055210202791,0.5961204913830913,0.0247149703628122,0.007936421552551,0.0450479106619355,0.0242641310896911,5,0.005459050237767778,外推k=5,0.003295351803642599,0.0461345889219818,0.010928376815902857,True,True,0.008631516306314962,-0.0003953196411347927,0.04982526036675919,False,0.0625,"out/results/_compare/pairwise_delta.csv(seed [42, 123, 456, 789, 2024])",selected
v8_headA_all vs v3_ce_marker_dense,v8_headA_all,test,C_auroc_down,5,0.9138677511417974,0.914079234409281,0.0002114832674835,-0.0045977911767965,0.0050509784117769,-0.0025033971620042,1,0.002777294575271257,外推k=5,-0.0070621920231566365,0.007485158558123636,0.003711058821755172,False,False,0.004391288295543561,-0.009655322072602777,0.010078288607569779,False,0.375,"out/results/_compare/pairwise_delta.csv(seed [42, 123, 456, 789, 2024])",selected
v8_headA_all vs v3_ce_marker_dense,v8_headA_all,test,C_auprc_down,5,0.3882432238694193,0.3931700389544731,0.0049268150850538,-0.0049433831514689,0.0143601328298722,0.0037738839440883,4,0.005918694973014602,外推k=5,-0.010163954628110126,0.020017584798217726,0.007699372302634656,False,False,0.009358278445257481,-0.01579982665628131,0.025653456826388914,False,0.375,"out/results/_compare/pairwise_delta.csv(seed [42, 123, 456, 789, 2024])",selected
v8_headA_all vs v3_ce_marker_dense,v8_headA_all,test,C_auroc_up,5,0.8925064917082591,0.8901619012980962,-0.0023445904101628,-0.0066855666371589,0.0027446943060083,-0.008749139248893,0,0.004341494415940842,外推k=5,-0.012072958019092717,0.007383777198767117,0.004963452861698937,False,False,0.0068645054016377455,-0.016601313658865767,0.011912132838540168,False,0.0625,"out/results/_compare/pairwise_delta.csv(seed [42, 123, 456, 789, 2024])",selected
v8_headA_all vs v3_ce_marker_dense,v8_headA_all,test,C_auprc_up,5,0.2628289799371629,0.2613849391426309,-0.0014440407945319,-0.010918679942329,0.0096209627834578,-0.0053944845485817,1,0.007997718441689252,外推k=5,-0.020184142541126483,0.017296060952062684,0.009561276401323766,False,False,0.012645503180235291,-0.028272657744408028,0.02538457615534423,False,0.375,"out/results/_compare/pairwise_delta.csv(seed [42, 123, 456, 789, 2024])",selected
v8_headA_all vs v3_ce_marker_dense,v8_headA_all,test,C_macro_f1_offset,5,0.5664378352290188,0.5684949427452729,0.002057107516254,-0.0042325488399801,0.0085091337914488,-0.0015510777546776,2,0.005157925799331772,外推k=5,-0.009892382356753954,0.014006597389261955,0.006096678506636712,False,False,0.008155396764016496,-0.015150284556857425,0.019264499589365425,False,1.0,"out/results/_compare/pairwise_delta.csv(seed [42, 123, 456, 789, 2024])",selected
v8_headA_all vs v3_ce_marker_dense,v8_headA_all,A全基因:test:全部,A_r,5,0.6219975076277652,0.7281989287172044,0.1062014210894392,0.0805466816873243,0.1333280550499984,0.1182922612419629,5,0.007234136362633327,外推k=5,0.07624295392395578,0.13615988825492262,0.015284932227287464,True,True,0.011438173905083554,0.07157380390323043,0.14082903827564797,True,0.0625,"out/results/_head_a_all/delta_vs_reference.csv(seed [42, 123, 456, 789, 2024])",perhead
v8_headA_all vs v3_ce_marker_dense,v8_headA_all,A全基因:test:网格,A_r,5,0.5660441915030396,0.5934572213425042,0.0274130298394645,-0.0043303421917019,0.0585644011161198,0.0255986687496922,5,0.006497586038877903,外推k=5,-0.006515192206133367,0.06134125188506237,0.017310317370202992,False,False,0.010273585587882772,-0.009928700865333966,0.06475476054426296,False,0.0625,"out/results/_head_a_all/delta_vs_reference.csv(seed [42, 123, 456, 789, 2024])",perhead
v8_headA_all vs v3_ce_marker_dense,v8_headA_all,A全基因:test:网格外,A_r,5,0.5815227888062914,0.736591336789745,0.1550685479834536,0.0986606749401321,0.2074769092354671,0.1775648528010076,5,0.01299548697886348,外推k=5,0.09499340402169841,0.21514369194520877,0.030650583653956728,True,True,0.020547669078134524,0.08737665417235861,0.22276044179454857,True,0.0625,"out/results/_head_a_all/delta_vs_reference.csv(seed [42, 123, 456, 789, 2024])",perhead
v8_headA_all vs v3_ce_marker_dense,v8_headA_all,A全基因:test:网格外有位点,A_r,5,0.5247751507901818,0.5713498713829458,0.046574720592764,-0.0583180262501445,0.1518104850111847,0.027380973515722,4,0.036846996308266704,外推k=5,-0.08091740661083943,0.1740668477963674,0.06504700367530787,False,False,0.05826021663496927,-0.10859570033342617,0.20174514151895415,False,0.375,"out/results/_head_a_all/delta_vs_reference.csv(seed [42, 123, 456, 789, 2024])",perhead
v8_headA_all vs v3_ce_marker_dense,v8_headA_all,A全基因:test:网格外无位点,A_r,5,0.1758027234145182,0.3685758292602287,0.1927731058457105,0.0453847107311346,0.3307075929565248,0.1523337653168752,5,0.03418235659611336,外推k=5,0.035163014406690896,0.3503831972847301,0.08041331195868347,True,True,0.054047051317899254,0.015082582356094332,0.37046362933532667,True,0.0625,"out/results/_head_a_all/delta_vs_reference.csv(seed [42, 123, 456, 789, 2024])",perhead
