tf_depleted,n_train_sig,a,b,used,r_train
CYC8,1885,0.2450022990105406,1.1663412270627487,own,0.9261495381420877
RAP1,1055,-0.1803967991674613,1.0527492864971075,own,0.9937195053529005
ABF1,978,-0.13132924521403688,1.0550811215709635,own,0.9951241601620089
REB1,844,-0.11913071260687114,1.3114102488985746,own,0.9333193501674286
SWI4,831,-0.021943007562164774,1.0471775921466404,own,0.9962795167641749
LEU3,590,-0.13248687820429067,1.0031007274574026,own,0.9995098819204139
GAT2,571,-0.019943772808645246,1.0505228785820402,own,0.99387453044901
GCR2,550,-0.043527755692816694,1.0426024913475156,own,0.9978650894623747
IFH1,461,-0.1277362603239295,1.03323607465088,own,0.9973279138633406
MET4,425,-0.08902242247971638,1.036605426069835,own,0.9991702671475361
HCM1,390,-0.04529766358705268,1.0595789521606278,own,0.9969760849117711
MET31,351,-0.02217781606369413,1.02237789770292,own,0.999600875540884
CBF1,331,-0.028860560659469188,1.060953316048257,own,0.9798198366780155
NRG1,326,-0.07625168776992948,1.0334924390999742,own,0.9985612243481546
STP1,296,0.05411869752787757,1.0530345435013178,own,0.9943964109652814
MSA2,287,0.0405127643555075,1.0421267379302155,own,0.996745024641594
GAL80,259,-0.028248403018323397,1.0300582399090092,own,0.9970470595378371
NRM1,242,-0.10389209569828409,1.0325299024192365,own,0.9991822187270193
ERT1,222,-0.044803077345980984,1.0252004842852362,own,0.9990560464345887
IXR1,198,-0.05295999134500927,1.0332850241674563,own,0.9989126246355304
FHL1,166,-0.05041720189273581,1.0290683847783815,own,0.9992352839425196
MET32,160,-0.10031818693530964,1.0298786103108541,own,0.9998098113358724
ZAP1,156,0.01320135513787186,1.0340081305939897,own,0.9985025971421705
NDD1,154,-0.06537190078256483,1.0277560997838529,own,0.999678183282272
GLN3,150,-0.010892404110342644,1.0344452412381784,own,0.9991147005026558
MIG1,148,0.0280786059405979,1.0885935876383164,own,0.9579483292128951
TYE7,132,-0.029412529076239,1.0998849055628124,own,0.9861050814496207
SWI6,128,-0.11304692877235939,1.054792518450839,own,0.9860790064603229
USV1,123,-0.064938436942743,1.5465249534501309,own,0.8264727532498135
SFP1,123,-0.11028529292894376,1.0384502033542609,own,0.9995561334627724
ROX1,122,0.00639383598964772,1.125167052897638,own,0.8734168460903752
SKO1,118,0.0015172163809789156,1.0340109109134654,own,0.9980022563502223
ARO80,115,-0.05026919869117327,1.0093205761786226,own,0.9997716480356033
FZF1,107,-0.03780435394472714,1.0206573531611403,own,0.9997995803148407
RTG3,99,0.0018923422379924643,1.0327202178363952,own,0.9977940671497261
SOK2,96,0.019186549021836995,1.0469802585528671,own,0.9954384187707292
YAP1,94,-0.049722062333160025,1.067353694913932,own,0.995014162841684
DIG2,92,0.006493804011456134,1.0388386729755943,own,0.9990226646126408
SUM1,91,-0.004556521230675146,1.2047920704747261,own,0.9585804666607721
MCM1,90,-0.05009888672413842,1.04019983559701,own,0.9986927806211546
SWI5,89,-0.030117703801229936,1.0446270835836426,own,0.9975084219682705
MBP1,89,-0.025904593935156678,1.0208308509915713,own,0.9996747453706368
MSN4,87,-0.00288238985319755,1.0123263881889017,own,0.9999235309371186
CUP2,72,-0.053467748400632654,1.2340328774681413,own,0.9866421690869976
YKL222C,71,-0.0067733236912492075,1.044036638774759,own,0.995811887557936
MGA1,71,0.009695773311264914,1.0443376315718655,own,0.9974895210060705
VHR1,68,-0.05535309970508372,1.0556049994482004,own,0.9969693919348322
AZF1,61,0.009500008080782576,1.022355968613716,own,0.9997792157505383
HAP2,58,-0.043021919548401275,1.0233935111303785,own,0.9995446711302562
GAL4,56,0.1213145542321153,2.3464205315405864,own,0.8422704703005601
PHO4,55,-0.02577057018193709,1.0787477258497236,own,0.9959070651852451
ASG1,53,-0.047329675607082275,0.9996120366343887,own,0.99997713362633
DIG1,49,0.004368834782974958,1.0645896356198652,own,0.9973214587915082
SFL1,48,-0.01476557148483928,1.0561748597029192,own,0.9988481613596852
COM2,47,-0.04704977115361923,1.0642030145180672,own,0.9965273514974191
WHI5,47,0.026499137321142608,1.0090340910847964,own,0.9999713243663033
TEC1,45,0.012745076354349506,1.0357821474273738,own,0.9982326509820005
RTG1,43,-0.024213698345362883,1.046654049494064,own,0.9945054296834273
STE12,42,0.002481392845446654,1.0305172102699833,own,0.9991854586333724
INO2,40,0.016294120797145577,1.0444501670069082,own,0.998197196401147
HAA1,37,-0.040941643741545665,1.0157812315399606,own,0.9999002629823187
CST6,37,0.053162919445780034,1.0101114675533236,own,0.9996804949732927
OPI1,37,-0.10366776773729935,1.0184078439327713,own,0.9999206527375116
MIG2,35,0.06799860868728372,1.1898188668991916,own,0.9675346906155204
STB1,32,-0.03418449399308757,1.013025506819938,own,0.9998700440082362
PHO2,31,0.00030980022748232735,1.0659019601497801,own,0.9987120304681592
PDR1,30,-0.08968328514819114,1.1369658396216962,own,0.9933212765419351
GZF3,28,-0.05774301384584189,1.0049207942350737,own,0.9998182979878298
SUT1,26,-0.032581974525720335,1.1134506969902227,own,0.9931914993503493
HAP3,26,-0.047288200354999144,1.0287083555005847,own,0.999673370820885
AFT2,23,0.004619245632191091,1.1747080083406234,own,0.9873439376806
CHA4,21,-0.039302356654830846,1.0439717986075552,own,0.9994032934242865
KAR4,19,,,global,0.9914816755533609
SKN7,17,,,global,0.9789816227354545
POG1,16,,,global,0.9996297932006009
BAS1,15,,,global,0.9995758377801074
YRM1,14,,,global,0.9800361521000114
MSS11,14,,,global,0.9963391525857106
RME1,13,,,global,0.9968997025345717
STP4,12,,,global,0.9998506881941633
RDR1,12,,,global,0.9999586442083211
PPR1,12,,,global,0.9999868375878446
ARG80,12,,,global,0.999894775435143
CRZ1,12,,,global,0.9989144046894551
SUT2,12,,,global,0.999974942934517
GCN4,11,,,global,0.48195223283671895
RIM101,11,,,global,0.9787868017067025
UPC2,10,,,global,0.9982631216889951
HMS2,10,,,global,0.9993082366756547
DAL81,10,,,global,0.9999906590062682
PIP2,10,,,global,0.9995565182066378
RLM1,10,,,global,0.9996111922035882
RFX1,9,,,global,0.99800950062644
PDC2,9,,,global,0.9997858814849587
CUP9,9,,,global,0.9995603957942988
YRR1,8,,,global,0.9999908642625175
HAP5,7,,,global,0.9998896067230917
STP2,6,,,global,0.999973889073542
YAP6,6,,,global,0.9999445739060158
WAR1,6,,,global,0.9999873331508801
FKH2,6,,,global,0.9998654631359337
CAD1,6,,,global,0.999957859759192
CAT8,5,,,global,0.999981331573027
HAC1,5,,,global,0.9999736338967611
GAT1,5,,,global,0.9993012913387899
FKH1,5,,,global,0.9999780699336756
XBP1,5,,,global,0.9996838927033157
UGA3,5,,,global,0.9991268802941569
SRL3,3,,,global,0.9990550538048597
PDR3,3,,,global,0.9999996441964443
MAC1,2,,,global,
ADR1,2,,,global,
PHD1,2,,,global,
RDS2,2,,,global,
YAP5,2,,,global,
SMP1,2,,,global,
PUT3,1,,,global,
STB5,1,,,global,
