run,reference,seeds,split,stratum,n_genes,r_run,r_ref,delta,ci_lo,ci_hi,seed_delta_mean,seeds_better
v4_abl_no_cis,v3_ce_marker_dense,"[42, 123, 456, 789, 2024]",test,全部,1108,0.6406735807391326,0.6219975076277652,0.01867607311136743,-0.007355959032780021,0.0471586049146561,0.033721015564414515,4
v4_abl_no_cis,v3_ce_marker_dense,"[42, 123, 456, 789, 2024]",test,网格,820,0.5909626626968052,0.5660441915030396,0.024918471193765557,-0.0059803727638554375,0.05739962509299644,0.031018861495253992,5
v4_abl_no_cis,v3_ce_marker_dense,"[42, 123, 456, 789, 2024]",test,网格外,288,0.6208876628170406,0.5815227888062914,0.039364874010749173,-0.017950010106932694,0.09313256142815768,0.07198025319581482,3
v4_abl_no_cis,v3_ce_marker_dense,"[42, 123, 456, 789, 2024]",test,网格外有位点,136,0.5055580448315887,0.5247751507901818,-0.01921710595859305,-0.10222603393459909,0.0691185403865771,-0.011774983591669296,1
v4_abl_no_cis,v3_ce_marker_dense,"[42, 123, 456, 789, 2024]",test,网格外无位点,152,2.768496232539678e-16,0.17580272341451822,-0.17580272341451794,-0.3138904867458276,-0.037463038772550986,,0
v4_abl_no_cis,v3_ce_marker_dense,"[42, 123, 456, 789, 2024]",val,全部,940,0.6276764357507966,0.6361404665689613,-0.008464030818164714,-0.035432688038289445,0.017057908016124158,0.008139927934451374,2
v4_abl_no_cis,v3_ce_marker_dense,"[42, 123, 456, 789, 2024]",val,网格,683,0.5941756554886624,0.5946187563318086,-0.0004431008431462491,-0.031183544421422127,0.03128362173397217,0.008878265468980007,3
v4_abl_no_cis,v3_ce_marker_dense,"[42, 123, 456, 789, 2024]",val,网格外,257,0.6005379775957939,0.6087098858765826,-0.008171908280788731,-0.06621818918502455,0.05009109562099948,0.024709607111758458,3
v4_abl_no_cis,v3_ce_marker_dense,"[42, 123, 456, 789, 2024]",val,网格外有位点,142,0.485931694003395,0.48423612477349753,0.0016955692298974423,-0.08141976244593065,0.07970013218043903,0.0155302838171829,3
v4_abl_no_cis,v3_ce_marker_dense,"[42, 123, 456, 789, 2024]",val,网格外无位点,115,6.399055692727497e-17,0.0716058612115707,-0.07160586121157063,-0.23514313138140933,0.12142017313775044,,0
v8_headA_all,v3_ce_marker_dense,"[42, 123, 456, 789, 2024]",test,全部,1108,0.7281989287172044,0.6219975076277652,0.1062014210894392,0.08054668168732436,0.13332805504999842,0.11829226124196299,5
v8_headA_all,v3_ce_marker_dense,"[42, 123, 456, 789, 2024]",test,网格,820,0.5934572213425042,0.5660441915030396,0.027413029839464587,-0.004330342191701963,0.05856440111611984,0.025598668749692254,5
v8_headA_all,v3_ce_marker_dense,"[42, 123, 456, 789, 2024]",test,网格外,288,0.736591336789745,0.5815227888062914,0.1550685479834536,0.09866067494013213,0.2074769092354671,0.17756485280100764,5
v8_headA_all,v3_ce_marker_dense,"[42, 123, 456, 789, 2024]",test,网格外有位点,136,0.5713498713829458,0.5247751507901818,0.04657472059276402,-0.05831802625014451,0.15181048501118477,0.02738097351572203,4
v8_headA_all,v3_ce_marker_dense,"[42, 123, 456, 789, 2024]",test,网格外无位点,152,0.36857582926022875,0.17580272341451822,0.19277310584571053,0.04538471073113466,0.33070759295652485,0.15233376531687526,5
v8_headA_all,v3_ce_marker_dense,"[42, 123, 456, 789, 2024]",val,全部,940,0.7413070004618456,0.6361404665689613,0.10516653389288433,0.07551735449709807,0.13746440673184293,0.11809629223699644,5
v8_headA_all,v3_ce_marker_dense,"[42, 123, 456, 789, 2024]",val,网格,683,0.6058616104725953,0.5946187563318086,0.01124285414078674,-0.025702450911425593,0.04730923915014405,0.008935473543960048,3
v8_headA_all,v3_ce_marker_dense,"[42, 123, 456, 789, 2024]",val,网格外,257,0.7764247886509974,0.6087098858765826,0.1677149027744148,0.10419427811651386,0.2372358867728817,0.19862427693296153,5
v8_headA_all,v3_ce_marker_dense,"[42, 123, 456, 789, 2024]",val,网格外有位点,142,0.6601722681731003,0.48423612477349753,0.17593614339960273,0.05829650217429534,0.3086574007773076,0.1614523792887447,5
v8_headA_all,v3_ce_marker_dense,"[42, 123, 456, 789, 2024]",val,网格外无位点,115,0.2532425558935838,0.0716058612115707,0.1816366946820131,-0.005545653358067558,0.3489734233803279,0.15284652849526495,5
