reference,run,variant,metric,delta,ci_lo,ci_hi,margin,verdict
v8_headA_all/selected,v10_abl_no_knockout,selected,A_r_gene,0.004959006142095546,-0.01899684761545339,0.03084065166290786,0.03,noninf
v8_headA_all/selected,v10_abl_no_knockout,selected,B_r,-0.018966183019263894,-0.032757321469049396,-0.004011538818331061,0.02,worse
v8_headA_all/selected,v10_abl_no_knockout,selected,B_sign_acc,-0.001006036217303885,-0.012472744455060983,0.010369012823136589,0.02,noninf
v8_headA_all/selected,v10_abl_no_knockout,selected,B_r_within_tf,-0.022916378893661493,-0.03892516268357983,-0.006510178293025554,0.02,worse
v8_headA_all/selected,v10_abl_no_knockout,selected,C_auroc_down,-0.00396145409325821,-0.00824467406904548,9.729501603021777e-05,0.01,noninf
v8_headA_all/selected,v10_abl_no_knockout,selected,C_auprc_down,-0.02698343164660455,-0.0382502305886479,-0.016535817509466064,0.02,worse
v8_headA_all/selected,v10_abl_no_knockout,selected,C_auroc_up,-0.002238329947073958,-0.007016459549403867,0.0028714458188849328,0.01,noninf
v8_headA_all/selected,v10_abl_no_knockout,selected,C_auprc_up,-0.006404041463544119,-0.018025088532933272,0.0034412341970253917,0.02,noninf
v8_headA_all/selected,v10_abl_no_knockout,selected,C_macro_f1_offset,-0.005969323896454548,-0.012401999247790379,0.0004051466336918884,0.01,unsure
v8_headA_all/perhead,v10_abl_no_knockout,perhead,A_r_gene,-0.0203816294800524,-0.03987110811491896,0.0009126973117695066,0.03,unsure
v8_headA_all/perhead,v10_abl_no_knockout,perhead,B_r,-0.012239882122379697,-0.027003187662808244,0.0025911331830210547,0.02,unsure
v8_headA_all/perhead,v10_abl_no_knockout,perhead,B_sign_acc,0.005030181086519203,-0.005887203509686118,0.01646333056383236,0.02,noninf
v8_headA_all/perhead,v10_abl_no_knockout,perhead,B_r_within_tf,-0.014372782191538369,-0.029926407214622874,0.0010585011322430552,0.02,unsure
v8_headA_all/perhead,v10_abl_no_knockout,perhead,C_auroc_down,-0.001247764998850709,-0.005831080044826587,0.0031738824964261964,0.01,noninf
v8_headA_all/perhead,v10_abl_no_knockout,perhead,C_auprc_down,-0.025412778552510895,-0.03797304416947267,-0.012197876406740369,0.02,worse
v8_headA_all/perhead,v10_abl_no_knockout,perhead,C_auroc_up,-0.0028926945937033377,-0.0075932762854246634,0.002190230286115163,0.01,noninf
v8_headA_all/perhead,v10_abl_no_knockout,perhead,C_auprc_up,-0.007316129057967191,-0.01777995573623021,0.0029241254358194128,0.02,noninf
v8_headA_all/perhead,v10_abl_no_knockout,perhead,C_macro_f1_offset,-0.013043252937867011,-0.02167251130477392,-0.005409237880313809,0.01,worse
