tf_depleted,n_sig,r_sig,sign_acc_sig,ns_abs_median,ns_frac_above_thr
CYC8,2765,0.9258445908689681,0.8647377938517179,0.34932494856024576,0.44387755102040816
RAP1,1520,0.9911281751728096,1.0,0.19038601324856427,0.21622464898595944
ABF1,1417,0.9923403268495804,1.0,0.20472514299043354,0.19709794437726724
REB1,1244,0.9379078505916946,0.9606109324758842,0.20891067054735693,0.2197644355070382
SWI4,1214,0.9970047592017673,1.0,0.16637856646697158,0.052121902591854175
GAT2,855,0.9938697781400357,1.0,0.15727479861100715,0.03488372093023256
LEU3,839,0.9994213872863762,1.0,0.2012707736229583,0.1860524961399897
GCR2,818,0.9981813971209582,1.0,0.15547591060835658,0.05682109035065267
IFH1,673,0.9970773668003577,1.0,0.16736393640215713,0.13425468904244817
MET4,587,0.9990764202521434,1.0,0.1569939756561306,0.08506524891251813
HCM1,547,0.9976294735297772,1.0,0.15442462863206513,0.062230732407850646
MET31,511,0.9994101796112351,1.0,0.15286136922773166,0.07237778832463218
NRG1,478,0.9986131443841237,1.0,0.16601631318327117,0.0948905109489051
CBF1,456,0.9814192969770713,0.9978070175438597,0.1153345840791605,0.04684937924572499
MSA2,438,0.995921746292243,1.0,0.13782303525497275,0.04292045719617448
STP1,429,0.9950507968381518,1.0,0.13420057586578266,0.05260707635009311
GAL80,379,0.9970290722529287,1.0,0.132274382173988,0.04786010124252186
NRM1,357,0.9993401805586959,1.0,0.1861305468699711,0.12683150183150182
ERT1,310,0.9989381985583395,1.0,0.12997475698083386,0.04733861834654587
IXR1,269,0.9990955868774157,1.0,0.14535023570537617,0.09447935368043088
MET32,245,0.999784094999472,1.0,0.18753408254560125,0.16428571428571428
FHL1,238,0.999295033061787,1.0,0.1284053043712526,0.05348785379986628
ZAP1,233,0.9977845568089442,1.0,0.10886607721508632,0.014692787177203919
NDD1,230,0.9972159002771985,1.0,0.16560651189897332,0.13014460511679643
TYE7,204,0.9806114753368228,1.0,0.11026077570057634,0.023888520238885203
GLN3,202,0.999296903085564,1.0,0.12515921580763542,0.03338492151227062
MIG1,201,0.9679137180825345,1.0,0.08491944752469047,0.022104332449160036
ROX1,192,0.9093108864911162,1.0,0.11749079533075801,0.04632693580410324
SKO1,188,0.9943459824685444,1.0,0.09938020728770185,0.02380427595327309
USV1,183,0.833629323331274,0.9508196721311475,0.06960297570918192,0.014310876265962131
SWI6,182,0.9928137370439333,1.0,0.177799954051543,0.14571868809156946
ARO80,181,0.9997920362438264,1.0,0.1325091124014393,0.08494718309859155
SFP1,170,0.9995936880389926,1.0,0.21704367261310187,0.2344676180021954
FZF1,167,0.9995673061673996,1.0,0.121560285591819,0.04782799473453269
MCM1,143,0.9992960350322276,1.0,0.12316257966785651,0.05216062854648625
SOK2,142,0.9940599264073378,1.0,0.10725216231363734,0.045166921230634954
YAP1,140,0.9962542827510344,1.0,0.1250807043638853,0.07895310796074155
MBP1,138,0.9827615013027695,1.0,0.09354826873097921,0.022672770874209724
RTG3,137,0.9971752925162315,1.0,0.08881212114603501,0.023757628596338273
DIG2,134,0.9989952432840334,1.0,0.1271612528614931,0.05989980396427794
SUM1,130,0.9634326494338731,1.0,0.08781715167605715,0.029379760609358
MSN4,125,0.9999236808375896,1.0,0.12138994325745578,0.06739130434782609
SWI5,124,0.9978024904329923,1.0,0.1633706235111029,0.1169311019343621
MGA1,104,0.9972014285733553,1.0,0.1093821596735363,0.03310971651157758
CUP2,103,0.9858962294016865,1.0,0.09251454979956436,0.026395499783643445
YKL222C,101,0.9964888092609094,1.0,0.09061276197586116,0.026384083044982697
VHR1,94,0.9956362975033572,1.0,0.108322810656211,0.026776074282012525
AZF1,84,0.999775467561734,1.0,0.1091704766701017,0.050851109674639086
GAL4,83,0.8280261644960831,0.927710843373494,0.04689554993023247,0.01120206807410599
SFL1,80,0.9989343480107917,1.0,0.09024455178377964,0.029278794402583422
PHO4,78,0.9980278880794738,1.0,0.11434190569541154,0.04454486765655261
HAP2,73,0.9994705023525242,1.0,0.11238294280319114,0.02536543422184007
WHI5,72,0.9999410874987028,1.0,0.1064943168898391,0.03653556845046207
ASG1,70,0.9999739002186459,1.0,0.13070227658966715,0.07712137486573577
DIG1,66,0.9505608791954053,1.0,0.1023047783344257,0.04249839021249195
RTG1,64,0.9946389624178867,1.0,0.20822147643630465,0.2353572194807981
COM2,64,0.9967298411862923,1.0,0.12176548465214355,0.04376743188157048
TEC1,62,0.9985873206650282,1.0,0.1085743026504707,0.040317392236757454
CST6,57,0.999852651334943,1.0,0.1246490698201203,0.043273350471293916
INO2,56,0.9983163265875007,1.0,0.09215888557335347,0.029985007496251874
OPI1,56,0.9998343976619691,1.0,0.20564351926953295,0.20539730134932535
STE12,53,0.9960811337405306,1.0,0.0809310692627255,0.019049657534246575
HAA1,49,0.9997591239084908,1.0,0.11537650836384104,0.038280581693755346
MIG2,45,0.9699347880129038,1.0,0.0838921699831569,0.018162393162393164
PHO2,45,0.9988973075456491,1.0,0.0899239134219248,0.027136752136752137
PDR1,43,0.9936748470405454,1.0,0.12698981995919412,0.07368645877829987
GZF3,43,0.9997879421904213,1.0,0.14384700996955074,0.08265698419478855
HAP3,38,0.9993913177111527,1.0,0.08623760410575565,0.018135267761894603
STB1,38,0.9998701531671069,1.0,0.11306827318913718,0.04800512054619159
SUT1,36,0.9932479710051074,1.0,0.07383424219424732,0.022392834293026232
AFT2,34,0.9870081418266275,1.0,0.08069230614438612,0.02067789383926668
CHA4,32,0.99936125207074,1.0,0.1002136588832021,0.03686341359471553
SKN7,27,0.984916415210302,1.0,0.19748793407756315,0.20434227330779056
POG1,26,0.9997602727170667,1.0,0.12141786343238777,0.019153011278995533
PIP2,24,0.9997811630197458,1.0,0.08850574156383771,0.02467560093597107
KAR4,24,0.9914315970348951,1.0,0.14966725762263328,0.1223144011912359
ARG80,20,0.9999199642738456,1.0,0.17714965289735857,0.1436769394261424
BAS1,19,0.9996430505419777,1.0,0.06594478050022694,0.024224394390140246
CRZ1,19,0.999631735435668,1.0,0.08877365518513594,0.02868678283042924
RIM101,19,0.9829148865839469,1.0,0.09672303634993154,0.04696132596685083
STP4,19,0.9998583356396646,1.0,0.10087596099748448,0.03336166595835104
YRM1,17,0.9794236361121609,1.0,0.0823870537637372,0.026762956669498725
MSS11,17,0.9969785353972052,1.0,0.07609707822118139,0.022727272727272728
PPR1,16,0.9999867928419461,1.0,0.09400472206370454,0.02229772775536207
RME1,16,0.9975937330695038,1.0,0.07426218915091845,0.023996602251008706
RFX1,15,0.9991222704247296,1.0,0.08144320412713013,0.027388535031847135
UPC2,15,0.9978808182668716,1.0,0.07844316858372377,0.017834394904458598
RLM1,15,0.9995417435545279,1.0,0.10610215538031462,0.03842887473460722
SUT2,14,0.9999706497152315,1.0,0.15709592883229662,0.09254935257907027
RDR1,14,0.9992991633249868,1.0,0.07616756821588204,0.01825514752706432
DAL81,13,0.999990851195461,1.0,0.08125178447754791,0.03459252971137521
PDC2,13,0.999825394390534,1.0,0.06734093118268215,0.018887945670628185
WAR1,12,0.9999815289025664,1.0,0.09936890495190331,0.04179927859113092
GCN4,12,0.700925492076984,0.9166666666666666,0.0680135144391262,0.016125610014852534
YRR1,11,0.9999382199639273,1.0,0.08103008318398575,0.027577428935086974
HMS2,11,0.9993008596783284,1.0,0.06525399923345376,0.016546457361052185
CUP9,11,0.9995622970304002,1.0,0.09928963238545319,0.04221467967755622
UGA3,10,0.9992064203963669,1.0,0.06861364364274292,0.014422057264050901
YAP6,9,0.9999538575006257,1.0,0.1326208459595416,0.07972858354537744
XBP1,9,0.9999641289109135,1.0,0.08410747283058831,0.035623409669211195
HAP5,8,0.9997626905802647,1.0,0.06180255160325945,0.013779944880220479
CAT8,8,0.9999445141695349,1.0,0.11629465227840008,0.06953572185711257
HAC1,8,0.9983172830422141,1.0,0.07925183974636905,0.018867924528301886
STP2,8,0.9993859240181608,1.0,0.060956330896129604,0.013143947424210304
CAD1,7,0.9999573946295438,1.0,0.08702803948110299,0.02840186519711742
FKH1,7,0.9999796006703677,1.0,0.10384067386400905,0.03136922424756253
GAT1,7,0.999538076802658,1.0,0.06950424486309302,0.018651971174226366
FKH2,7,0.9998420850810275,1.0,0.06866398843669115,0.026706231454005934
ADR1,6,0.9999822783124643,1.0,0.10261756664806944,0.033269760542487814
PDR3,4,,1.0,0.12164561351299358,0.07032408388053378
SMP1,4,,1.0,0.08172483583542382,0.020122855327261175
YAP5,3,,1.0,0.10879962853433091,0.04066073697585769
SRL3,3,,1.0,0.08419306413768435,0.026048284625158832
PHD1,3,,1.0,0.10848465915665806,0.04150783566285472
MAC1,2,,1.0,0.13330224893978107,0.07135295363116663
RDS2,2,,1.0,0.059233953307001784,0.01482108829134025
STB5,1,,1.0,0.08182397861540146,0.04466553767993226
PUT3,1,,1.0,0.0749805776446774,0.01968670618120237
ACA1,0,,,0.07329574806944598,0.02687830687830688
LYS14,0,,,0.15347132188320614,0.1147089947089947
MAL13,0,,,0.18674223473672308,0.16465608465608467
SDD4,0,,,0.11837098788166475,0.04380952380952381
URC2,0,,,0.06244929722875596,0.015238095238095238
